ㄅㄚ	仈八叭吧哱峇巴扒捌捭朳柭疤笆粑芭蚆豝鈀
ㄅㄚˇ	把鈀靶
ㄅㄚˊ	八抪拔湃犮癹胈茇茷菝萆詙跋軷魃鼥
ㄅㄚˋ	伯壩弝把杷灞爸矲罷耙跁霸靶
ㄅㄚ˙	叭吧罷
ㄅㄛ	僠剝哱啵嶓帗拔撥播波潑潘玻番發皪砵碆磻缽脖般菠蕃袚趵蹳餑鱍
ㄅㄛˇ	播簸蚾跛
ㄅㄛˊ	亳伯佛僰勃募博哱嚗壆孛帛彴怕懪拍挬搏暴服柏柭桲榑欂殕泊浡渤溥瀑爆犦猼瓝瓟白百礡穛箔簙簿胉脖膊舶艴茀茷菩葧蒲蔔薄薜袹襏襮詙豰跑踣郣鈸鉑鋍鎛鑮餺馞駁駮髆魄鵓
ㄅㄛˋ	擗擘柏檗簸糪薄薜蘗譒
ㄅㄛ˙	卜啵蔔
ㄅㄞ	挀掰擘
ㄅㄞˇ	伯佰捭擺柏百粨絔罷襬
ㄅㄞˊ	拜白
ㄅㄞˋ	唄啡庍扒拜排敗派猈稗粺薜鞁
ㄅㄟ	俾卑埤悲揹杯柸桮棓椑波盃碑箄背萆藣襬諀錍陂鞞鵯
ㄅㄟˇ	北悖
ㄅㄟˋ	倍偝備北哱孛怫悖憊拔梖棑棓焙牬犕狽珼琲碚糒背茀菩萯葡蓓蜚被褙誖貝跋輩邶郥鄁鋇鞁骳
ㄅㄟ˙	唄臂
ㄅㄠ	包孢枹炮煲笣胞苞苴葆蕔裒褒鮑齙
ㄅㄠˇ	保呆堡媬寶怉葆褓飹飽駂鳵鴇
ㄅㄠˊ	砲窇薄鉋雹
ㄅㄠˋ	儤刨嘐嚗報忁怉抱暴曝瀑爆菢虣袌袍豹趵鉋鑤髱鮑
ㄅㄢ	卑彬扳搫搬攽斑斒班瘢籓般褩豳賁頒鳻
ㄅㄢˇ	昄板版粄舨般蝂覂鈑闆阪魬
ㄅㄢˋ	並伴半坢姅怑扮拌柈湴瓣絆跘辦辨辯鉡靽
ㄅㄢ˙	螁
ㄅㄣ	奔本栟泍渀蟦賁錛鐼
ㄅㄣˇ	本畚翉苯
ㄅㄣˋ	体坋坌夯奔泍渀炃笨軬
ㄅㄤ	垹幫彭梆縍邦鞤
ㄅㄤˇ	搒榜牓紡綁膀螃
ㄅㄤˋ	並傍嗙埲塝徬搒旁棒棓榜玤硥磅縍膀艕蒡蚌蛖謗鎊
ㄅㄥ	伻傍傰嗙崩平抨搒旁榜痭祊絣繃閍
ㄅㄥˇ	俸唪埲琣琫繃菶
ㄅㄥˊ	甭
ㄅㄥˋ	堋塴泵甏繃蚌跰蹦迸錋
ㄅㄧ	偪媲屄幅楅笓箄紕豍逼鈚錍鎞鵖
ㄅㄧˇ	俾匕卑妣崥彼捭朼枇柀比沘疕秕筆箄紕罷肥芘貏鄙鈚
ㄅㄧˊ	荸鼻
ㄅㄧˋ	仳佖佛俾卑咇嗶坒埤堛壁奰妼婢嬖幣庇庳廦弊弼彃必怭愊愎拂敝斃服枇柲梐椑檗殍比毖泌波湢滭潷濞熚狴獘獙珌璧畀畢疪痹痺皕瞥碧祕秘稫笓箄箅篦篳粊紕綼縪繴罼翍肸胇脾腷臂芘苾茀萆蓖蓽蔽薜蘗蜌被裨襞襣觱詖費賁贔跛踾蹕躄辟避邲鄨鄪鉍鏎閈閉閟陂陛陴鞁鞞飶馝馥駜驆髀髲鮅鶝鷝鷩鼊
ㄅㄧㄝ	憋撇柭癟蔽虌蟞鱉
ㄅㄧㄝˇ	癟
ㄅㄧㄝˊ	別咇徶扒拔捌柲癟癿秘苾蛂蟞襒蹩
ㄅㄧㄝˋ	彆
ㄅㄧㄠ	僄儦剽墂嫖彪摽杓標淲滮漂瀌熛爂猋瘭穮篻膘臕苞蔈藨謤贆鏖鏢鑣颩颮飆驃驫髟麃
ㄅㄧㄠˇ	剽婊檦表裱褾諘錶
ㄅㄧㄠˋ	俵摽標蔈鰾
ㄅㄧㄢ	便扁揙煸猵甂砭稹箯籩編萹蝙邊鞭
ㄅㄧㄢˇ	匾封惼扁疺碥稨窆編緶萹褊豍貶辨辯釆鴘鶣
ㄅㄧㄢˋ	便卞弁忭抃拚揙汳汴編緶艑變辨辮辯遍邲釆閞頨
ㄅㄧㄢ˙	邊
ㄅㄧㄣ	份儐彬攽斌椕檳汃濱瀕玢璸砏繽虨豩豳賓贇邠鑌霦頻
ㄅㄧㄣˋ	儐擯殯臏髕鬢
ㄅㄧㄥ	兵冰屏并掤栟檳絣
ㄅㄧㄥˇ	丙偋寎屏庰怲摒昺枋柄炳秉稟窉綆苪蛃跰邴鉼陃鞞餅
ㄅㄧㄥˋ	丙並併偋寎屏平并庰拼摒燹病痭誁
ㄅㄨ	哺峬晡誧逋鈽餔鯆鵏
ㄅㄨˇ	卜哺堡拊捕撲補鵏鸔
ㄅㄨˊ	不僕輹轐醭鳪
ㄅㄨˋ	不佈吥咘埔埠婄尃布怖抪捗步溥瓿篰簿蔀薄踄部附餔
ㄆㄚ	叭吧啪帊汃派舥芭葩趴
ㄆㄚˊ	扒把掱杷爬琶耙跁鈀
ㄆㄚˋ	帊帕怕汃袙
ㄆㄛ	坡岥朴泊潑濼翍跛醱釙鏺陂頗
ㄆㄛˇ	剖叵笸頗
ㄆㄛˊ	婆巿搫櫇番皤繁謈鄱
ㄆㄛˋ	哱尃岶昢朴泊溥烞猼珀皛破粕膊蒪迫醱釙霸頗馞髆魄
ㄆㄛ˙	桲
ㄆㄞ	拍
ㄆㄞˇ	排迫
ㄆㄞˊ	俳啡徘排棑椑牌犤箄簰脾
ㄆㄞˋ	派湃蒎鎃
ㄆㄟ	呸啡垺怌柸胚衃醅
ㄆㄟˇ	俖琣
ㄆㄟˊ	倍坏培婄掊棓毰裴賠陪陫駍
ㄆㄟˋ	伂佩啡妃姵帔旆昢柭棑沛浿淠珮肺艴茇茷蜚轡配霈
ㄆㄠ	抱拋摽泡穮脟脬藨鮑
ㄆㄠˇ	跑
ㄆㄠˊ	刨包匏咆庖泡炮炰瓟胞苞袌袍謈趵跑鉋鞄颮麃
ㄆㄠˋ	嚗奅泡炮犥皰砲窌胞袌麭
ㄆㄡ	剖吥捊
ㄆㄡˇ	培堷婄抱掊棓瓿部
ㄆㄡˊ	垺抔捊掊涪裒
ㄆㄡˋ	踣
ㄆㄢ	姍扳拌攀潘番眅籓賁
ㄆㄢˇ	坢盻闆
ㄆㄢˊ	卞媻審幋弁搫柈槃洀湴潘瀊瀋爿番皤盤磐磻縏繁胖膰般蒰蟠褩跘踫蹣鄱鞶
ㄆㄢˋ	伴判半叛坢拚柈沜泮溿潘片牉畔番盼胖袢襻詊頖
ㄆㄣ	噴歕濆
ㄆㄣˇ	呠翸
ㄆㄣˊ	汾湓盆葐衯
ㄆㄣˋ	吩噴湓
ㄆㄤ	乓汸滂牓磅膀鎊雱
ㄆㄤˇ	嗙耪膀
ㄆㄤˊ	仿傍厖夆尨彭彷徬房方旁榜磅篣膀舽蒡螃逄逢雱龐
ㄆㄤˋ	胖
ㄆㄥ	亨匉堋弸彭怦恲抨旁泙洴滂漰澎烹砰硼磞絣苹荓軯閛駍
ㄆㄥˇ	倗剻捧摓皏
ㄆㄥˊ	倗傍傰堋庄弸彭憉搒朋棚榜樥淜澎痭硼篣篷膨芃蓬蟛輣逢錋鑝韸髼鬅鵬
ㄆㄥˋ	掽椪砰碰膨蓬踫閛
ㄆㄧ	丕伓伾劈坏坯培帔憵批披枇狉痦砒礔秠紕翍苤被辟邳釽鈚鈹銔錍鎞闢霹駓髬魾
ㄆㄧˇ	仳劈匹否嚭圮庀庇擗比疋痞癖諀銢鴄
ㄆㄧˊ	仳卑啤埤奊媲岯崥庇庳批枇椑比毗毘毞猈琵番疲皮笓篦紕罷羆脾膍芘蕃蚌蚍蚽蚾蜱螷蠯裨貔郫鄱鈹錍阰陂陴鞞頗魾鵧鼙
ㄆㄧˋ	俾僻副埤媲屁扑拂揊淠潎澼濞甓睥稫罷脾萆薜被譬辟釽鈲闢鷿
ㄆㄧㄝ	撇氕潎瞥蔽覕
ㄆㄧㄝˇ	撇苤
ㄆㄧㄝˋ	嫳
ㄆㄧㄠ	剽嘌彯慓摽旚漂犥瞟票縹翲螵謤飄驫魒
ㄆㄧㄠˇ	殍漂皫瞟篻縹膘莩蔈醥顠麃
ㄆㄧㄠˊ	剽嫖朴瓢薸
ㄆㄧㄠˋ	僄剽嘌嫖彯慓漂潎瞟票蔈驃髟
ㄆㄧㄢ	偏媥扁片篇翩鶣
ㄆㄧㄢˇ	諞貵
ㄆㄧㄢˊ	便平扁楄楩璸緶胼萹蝙褊諞跰蹁辯駢骿
ㄆㄧㄢˋ	片猵辨騙
ㄆㄧㄣ	姘拚拼砏礗驞
ㄆㄧㄣˇ	品
ㄆㄧㄣˊ	嚬姘嬪玭矉蘋蠙貧頻顰
ㄆㄧㄣˋ	匕娉泵牝聘
ㄆㄧㄥ	乒俜堋娉涄甹砯砰竮艵頩
ㄆㄧㄥˇ	頩
ㄆㄧㄥˊ	倗呯坪屏帡平憑枰泙洴淜玶瓶秤缾苹荓萍蓱蘋蛢評軿郱鉼馮
ㄆㄧㄥˋ	聘
ㄆㄨ	仆僕卜噗扑抪撲朴潽痡砲鋪鯆鵏
ㄆㄨˇ	圃埔普朴樸氆浦溥潽烳甫譜蹼鐠
ㄆㄨˊ	仆僕匍墣扶捗樸濮獛璞瞨纀脯苻莆菩葡蒱蒲蜅襆酺鏷鵏
ㄆㄨˋ	堡暴曝瀑痡舖鋪
ㄇㄚ	媽嬤孖抹摩螞麻
ㄇㄚˇ	傌嗎榪溤瑪碼螞鎷馬鷌
ㄇㄚˊ	嗎嘛犘痲痳蟆貊靡麻
ㄇㄚˋ	傌嗎嘜榪礣禡罵螞貉驀鬕
ㄇㄚ˙	么嗎嘛嚜
ㄇㄛ	摸摹
ㄇㄛˇ	抹
ㄇㄛˊ	么劘嫫摩摸摹撫攠模無磨糢膜藦蘑謨譕饃髍魔
ㄇㄛˋ	万伯佰冒勿嗼嘿塻墨妺寞帕抹昧暯末枺歾歿沫漠瀎爅瘼百眽瞙磨秣粖絔縸纆脈艒茉莈莫藐藦蛨蟆蟔袹貉貊貌貘鄚銆鏌陌靺鞨驀默
ㄇㄜ˙	么嚜末麼
ㄇㄞˇ	咪嘪買鷶
ㄇㄞˊ	哩埋薶貍霾
ㄇㄞˋ	勱派脈賣邁霢麥
ㄇㄟˇ	媄媺挴楣每浼渼燘美鎂
ㄇㄟˊ	呅坶堳塺媒嵋徾攗枚某梅楣沒湄溦煤玫瑂眉禖穈糜脢腜膴苺莓蘪郿鋂霉黴
ㄇㄟˋ	味嚜墨妹媒媚寐昧沬煝痗眊眛蝞袂韎魅黴
ㄇㄠ	貓
ㄇㄠˇ	冇卯昴泖茆蓩鉚
ㄇㄠˊ	侔兞務堥旄枆毛氂渵犛矛罞耗茅茆蛑蝥蟊貓軞酕鉾錨髦髳鶜
ㄇㄠˋ	冒勖務媢帽懋描旄楙毛毣毷牟瑁眊瞀秏耄耗芼茂萺蝐袤貌貿鄚鄮霿
ㄇㄡ	哞
ㄇㄡˇ	某畝
ㄇㄡˊ	件侔呣堥婺毋洠牟眸瞴繆蛑袤謀鉾鍪鞪鴾麰
ㄇㄢ	嫚顢
ㄇㄢˇ	屘滿睌矕
ㄇㄢˊ	僈埋姏悗慢慲槾樠瞞矕絻蔓蠻謾蹣鞔顢饅鬗鬘鰻
ㄇㄢˋ	僈墁嫚幔幕慢曼槾漫澫熳獌縵蔓謾鄤鏝
ㄇㄣ	悶
ㄇㄣˊ	亹們怋捫汶璊瞞穈菛虋鍆門
ㄇㄣˋ	們呇悗悶惛懣暪殙滿燜瞞鞔
ㄇㄣ˙	們
ㄇㄤˇ	壾朦汒漭硥茻莽蟒
ㄇㄤˊ	厖哤娏尨庬忙杗氓汒牻甿痝盲盳瞢硭笀芒茫莽蘉蛖邙鋩駹鸏龍
ㄇㄥ	矇蒙
ㄇㄥˇ	幪懞懵猛瓾矇艋蒙蜢蟒蠓錳鱦黽鼆
ㄇㄥˊ	儚夢嫇尨幪庬懞曚朦檬氋氓濛甍甿盟瞑瞢矇礞艨莔萌蒙蕄蘉虻蟊鄳鄸鋂雺霧霿饛髳鸏黽鼆
ㄇㄥˋ	夢孟懵明盟瞢蜢霥
ㄇㄧ	咪眯瞇
ㄇㄧˇ	咪弭彌敉渳濔瀰灖爾眯瞇米羋葞蔝辟銤靡
ㄇㄧˊ	冞劘彌摩摵攠檷濔瀰爢獮獼瓕眯瞴禰穈糜縻蘼謎迷醚醾靡鸍麊麋麛
ㄇㄧˋ	冪嘧塓宓密峚幎幦榓汨沕泌溟滵漞熐眯眽瞇祕秘糸羃苾蓂蔤蜜覓覛謐迷鼏
ㄇㄧㄝ	乜咩咪羋
ㄇㄧㄝˋ	幭懱搣滅瀎篾蔑薎蠛衊覕鱴
ㄇㄧㄝ˙	咩
ㄇㄧㄠ	喵
ㄇㄧㄠˇ	吵妙彯杪淼渺眇秒篎紗緲藐訬邈
ㄇㄧㄠˊ	媌嫹描瞄苗蜱邈鱙
ㄇㄧㄠˋ	妙廟玅眇繆
ㄇㄧㄡˋ	嘐繆謬
ㄇㄧㄢˇ	丏俛偭免冕勉喕娩媔愐沔湎澠眄眠絻緬葂靦鮸黽
ㄇㄧㄢˊ	冥婂媔棉櫋眠瞑矊矏綿緡蝒蠠
ㄇㄧㄢˋ	冥泯湣眄面麵
ㄇㄧㄣˇ	僶刡呡愍憫抿敃敏敯暋泯湣潣皿眠笢簢緡繩蠠鈱閔閩黽
ㄇㄧㄣˊ	岷崏忞怋旻旼暋民汶玟琝痻盷緡罠苠鈱錉閔
ㄇㄧㄥˇ	姳嫇慏溟皿酩
ㄇㄧㄥˊ	冥名嫇明暝榠洺溟盟眳瞑茗萌蓂螟覭鄍銘鳴
ㄇㄧㄥˋ	名命詺
ㄇㄨ	嘸
ㄇㄨˇ	坶姆姥峔拇母牡牳畝砪茻踇鉧
ㄇㄨˊ	呣唔嘸模母氁
ㄇㄨˋ	募呣嘿坶墓婺幕幙慔慕暮木楘毣沐炑牟牧目睦穆縸繆艒苜莫莯萺蚞鉬霂鞪鶩
ㄈㄚ	沷發醱
ㄈㄚˇ	法砝髮
ㄈㄚˊ	乏伐拔撥汎泛疺瞂砝筏罰茷藅貶閥
ㄈㄚˋ	琺髮
ㄈㄛˊ	佛坲
ㄈㄟ	匪啡奜妃婓扉緋菲蜚裶霏非飛餥馡騑騛鯡
ㄈㄟˇ	匪奜悱斐朏棐榧痱篚翡胇胐菲蜚誹非
ㄈㄟˊ	棐淝痱肥腓萉蜰蟦裴賁
ㄈㄟˋ	俷剕厞吠屝廢怫拂昲曊橨櫠沸濷狒疿痱癈砩祓笰紼肺胇胏芾茀茇菲萉蕡蜰襏費鐨陫鯡鼣鼥
ㄈㄡ	不
ㄈㄡˇ	不否殕炰缶缹芣衃鴀
ㄈㄡˊ	垺紑
ㄈㄢ	勫墦嬏帆幡拚旛潘犿番籓繙翻蕃藩轓颿鱕
ㄈㄢˇ	反返釩
ㄈㄢˊ	伋凡墦帆杋柉楓樊橎氾渢瀪瀿煩燔璠番礬笲籵繁繙羳膰蕃薠藩蘩蟠蠜袢蹯釩鐇鷭
ㄈㄢˋ	反奿帆梵樊氾汎泛滼犯畈笵範范販軓軬釩飯
ㄈㄣ	兝分匪吩愍扮敃昐棻棼氛汾玢砏紛翂芬衯酚鈖錀雰饙
ㄈㄣˇ	扮粉黺
ㄈㄣˊ	分墳妢幩枌梤棼橨汾濆炃焚燔盼羒羵葐蒶蕡蚡豶賁轒鐼頒魵鳻黂鼖鼢
ㄈㄣˋ	份僨分噴坋墳奔奮幩弅忿憤拚棼橨瀵焚秎糞膹賁魵
ㄈㄤ	匚坊妨放方枋汸淓祊芳邡鈁雱
ㄈㄤˇ	仿倣彷放方昉枋瓬紡舫訪髣鶭
ㄈㄤˊ	坊妨彷房方肪防魴
ㄈㄤˋ	匚放紡邡
ㄈㄥ	丰偑妦封峰崶方桻楓檒灃烽犎猦瘋葑蘴蚌蜂豊豐酆鋒風飌麷
ㄈㄥˇ	唪泛覂諷風
ㄈㄥˊ	堸夆捀摓渢縫舽艂逄逢馮
ㄈㄥˋ	俸奉捧桻焨甮縫葑諷賵風鳳鵬
ㄈㄧㄠˋ	覅
ㄈㄨ	不伕傅垺夫姇孵尃怤拊捊敷枎柎沕溥烰琈璷甫痡砆稃糐紨綒胕膚芣荂荴蓲衭趺跗邞鄜鈇附鳺麩
ㄈㄨˇ	俛俯哺嘸尃府弣拊撫斧柎滏父甫簠胕脯腐腑莆蚥蜅軵輔郙釜鈇頫黼
ㄈㄨˊ	伏佛俘冹刜包匐咈咐垘垺夫姇孚宓岪巿市帗幅弗彳彿怫扶拂服枎枹柫柭桴棴榑氟汱沸泭洑浮涪澓烰玸琈砩祓福符笰箙紱紼綍纀罘罦翇胕艀艴芙芣芾苻茀茯莩菔萉葍虙蚨蜉蝠袚袱複襆諨費踾輻郛韍鳧鴔鵩鶝黻
ㄈㄨˋ	付伏偩偪傅副咐報复婦嬔富峊復怀掊服柎榑洑父祔福紨緮縛腹萯蕧蚥蚹蛗蝜蝮複褔覆訃負賦賻赴跗軵輹鍑阜附馥駙鮒鰒
ㄉㄚ	咑嗒噠塌塔搭撘毼瘩矺笚答耷荅褡鎝
ㄉㄚˇ	打觰
ㄉㄚˊ	僤匒呾噠妲怛憚打搨沓炟畣瘩笪答羍荅薘躂迖迭達鎉鐽靼韃龘
ㄉㄚˋ	大汏
ㄉㄚ˙	嗒塔疸瘩繨
ㄉㄜˊ	得德淂登陟
ㄉㄜ˙	地底得的
ㄉㄞ	呆呔待歹獃
ㄉㄞˇ	傣歹逮
ㄉㄞˋ	代埭大媞岱帶廗待怠戴柋棣殆毒瀻玳紿艜蔕蝳螮袋襶詒貸跢蹛軑軩載迨逮逯遞遰靆馱駘黛
ㄉㄟˇ	得
ㄉㄠ	刀叨啁忉惆氘舠虭裯魛
ㄉㄠˇ	倒嘄壔導島忑捯搗擣禂禱菿蹈道鳥
ㄉㄠˊ	叨捯
ㄉㄠˋ	佻倒儔到受導幬悼敦檤檮洮濤燾瓙盜稻箌絩纛翢翿菿薵道陶
ㄉㄡ	兜唗氀瞗窬都
ㄉㄡˇ	抖斗枓蚪鈄陡
ㄉㄡˋ	吋投斗梪浢瀆痘竇脰荳讀豆逗逾郖酘鋀餖鬥
ㄉㄢ	丹儋冉勯匰單娊愖擔檐殫湛澹甔癉眈砃簞耽聃聸襌襜覘蹛鄲酖
ㄉㄢˇ	丼亶伔刐單嘽抌撢撣澸燀玬疸癉皽紞膽衴黕黮黵
ㄉㄢˋ	亶但倓僤儃儋呾唌啖啗啿單嘾噉嚪壇帎彈忱怛惔憚憺憾撢撣擔旦柦欿氮沊泹淡潭澶澹狚甔癉癚石禫窞繵膻萏蛋蜑蜒蟺觛訑詹誕譂贉贍霮餤髧鴠
ㄉㄣˋ	扥扽
ㄉㄤ	儅噹檔澢璫當簹艡蟷襠鐺
ㄉㄤˇ	党擋攩欓讜黨
ㄉㄤˋ	儅場婸宕崵嵣愓擋檔潒燙瑒璗瓽當瘍盪碭礑簜菪蕩讜逿闣
ㄉㄤ˙	當
ㄉㄥ	墱嬁燈璒登磴簦豋蹬鐙
ㄉㄥˇ	戥等
ㄉㄥˋ	凳墱嶝橙澄瞪磴蹬鄧鐙
ㄉㄧ	低嘀堤彽提樀氐渧滴牴的磾羝袛鍉鏑隄鞮
ㄉㄧˇ	厎呧坻堤底弤抵提柢楴氐牴砥聜菧觝詆軧邸阺
ㄉㄧˊ	儥嘀嚁嫡扚敵杓梑樀櫂浟滌狄的笛篴糴翟苖荻蓧蔋藋藡覿踧蹢迪逐適鍉鏑靮馰鬄魡鸐
ㄉㄧˋ	勺啻地墆墑墬娣嵽帝弔弟揥旳杕柢梊棣渧焍玓珶甋疐的眱睇碲禘第約締胝芍菂蒂蔕蚳蝃螮諟諦踶蹄逮遞遰釱題
ㄉㄧㄚˇ	嗲
ㄉㄧㄝ	嗲爹跌跕蹛
ㄉㄧㄝˇ	哆
ㄉㄧㄝˊ	佚咥啑喋垤堞峌崼嵽怢惵挃挕揲昳柣楪槢泆涉渫牒瓞疊眣碟窒絰耋胅至臷艓苵蜨蝶螲褋褶詄諜跌跕跮踢蹀軼迭鐵镻鞢鰈鰨
ㄉㄧㄝˋ	昳
ㄉㄧㄠ	凋刀刁叼彫敦椆殦淍琱瞗碉虭蛁貂軺錭雕鯛鳭鵰
ㄉㄧㄠˇ	佻屌扚鳥鵃
ㄉㄧㄠˋ	伄倜吊啁嬥弔挑掉稠窵糶絩綢蓧藋蜩誂調趙跳踔釣銚雿魡
ㄉㄧㄡ	丟銩颩
ㄉㄧㄢ	佔傎厧巔拈掂敁槙滇玷甸瘨癲詀蹎顛齻
ㄉㄧㄢˇ	典婰痶碘蒧蕇跕踮點
ㄉㄧㄢˋ	佃唸坫墊壂奠婝店惦扂橝殿沾涎淀澱玷甸癜磹簟腍蜓鈿阽電靛驔
ㄉㄧㄥ	丁仃叮帄玎町疔盯耵虰酊釘靪
ㄉㄧㄥˇ	仃嵿濎艼葶薡酊頂顁鼎
ㄉㄧㄥˋ	啶奠定掟椗汀碇碠萣訂釘鋌錠顁飣
ㄉㄨ	剢嘟堵督都醏闍
ㄉㄨˇ	堵帾杜睹竺篤肚賭鍺陼
ㄉㄨˊ	儥噣櫝殰毒瀆牘犢獨皾碡竇纛罜蝳裻襡讀讟贕錖韇韣韥頓髑黷
ㄉㄨˋ	剫土塗妒宅度斁杜橐渡睪秺肚芏蠹詫鍍
ㄉㄨㄛ	剟咄哆多掇敪毲茤裰跢鄲
ㄉㄨㄛˇ	嚲垛埵奲捶揣朵棰椯橢硾綞趓躲鍺鬌
ㄉㄨㄛˊ	剫喥奪度掇敓沰澤襗跿踱鐸鮵
ㄉㄨㄛˋ	剁哆垛墮墯嶞惰杕杝柁柂柮沱舵詑誃貀跢跺酡錞陀陊陏隋隓馱鵽點
ㄉㄨㄟ	埻堆搥敦槌痽碓追鎚鐓頧鴭
ㄉㄨㄟˇ	啍頧
ㄉㄨㄟˋ	兌奪對憝懟敦杸濧瀢瀩碓祋薱譈鈗錞鐓隊
ㄉㄨㄢ	偳剬媏端耑
ㄉㄨㄢˇ	短
ㄉㄨㄢˋ	斷椴段毈碫籪緞腶葮踹躖鍛
ㄉㄨㄣ	俊吨噸墩惇撉敦橔燉礅蜳豚蹲鐓驐
ㄉㄨㄣˇ	盹躉
ㄉㄨㄣˋ	伅囤坉庉忳敦楯沌潡炖燉盾腞腯豚遁遯鈍頓
ㄉㄨㄥ	冬咚埬崠東氡涷苳菄蝀鶇鼕
ㄉㄨㄥˇ	墥嬞懂揰湩董蕫
ㄉㄨㄥˋ	侗凍動垌姛峒崠恫戙挏桐棟洞湩烔狪甬硐筒筩絧胴衕詷迵酮霘駧騆
ㄊㄚ	他嚃塌太她它榙牠祂褟趿踏遢鉈靸
ㄊㄚˇ	呾塔獺鰨
ㄊㄚˋ	傝哈嗒嚃拓搨搭撻榻毾沓涾漯濌濕禢荅誻踏蹋達遝遢錔鎉鎑闒闟闥鞈鞜鞳韃
ㄊㄚ˙	遢
ㄊㄜˋ	匿式忑忒慝特犆職螣蟘貣貸鋱
ㄊㄞ	台咍漦珆胎苔釐駘
ㄊㄞˇ	呔騃
ㄊㄞˊ	儓台嬯抬斄旲檯炱箈籉能臺苔薹詒跆邰鈶颱駘鮐
ㄊㄞˋ	儓大太忕態汏汰泰溙燤鈦
ㄊㄟ	忒
ㄊㄠ	叨嫍幍弢慆抭掏搯槄滔濤燾絛綢縚韜頫饕
ㄊㄠˇ	套討
ㄊㄠˊ	匋咷啕姚挑掏桃檮洮淘祹籌綯萄蜪跳逃醄鋾錭陶鞀駣騊
ㄊㄠˋ	套韜
ㄊㄡ	偷媮愉鋀
ㄊㄡˇ	妵敨斢紏蘣諭諳黈
ㄊㄡˊ	投緰褕逗頭骰
ㄊㄡˋ	埱透
ㄊㄡ˙	頭
ㄊㄢ	嘽坍怹撣攤漢潬灘痑癱舑舔貪
ㄊㄢˇ	但僋儃嗿坦壇忐憳暺毯緂菼袒裧襢醓鉭
ㄊㄢˊ	倓單嘾埮壇婒彈惔憛曇榃橝檀沈淡湛潭澹炎燂痰癉磹禪繵罈蕁蕈藫覃談譚譠貚郯醰錟顃餤鷤
ㄊㄢˋ	倓傝僋嘆埮探撢歎湠炭碳舕賧黮
ㄊㄤ	湯簜羰膛蕩薚蝪趟蹚鏜鐋鐺閶闛闣鼞
ㄊㄤˇ	倘儻帑惝戃擴攩曭欓淌爣矘踼躺鎲钂黨
ㄊㄤˊ	唐堂塘嵣愓搪棠榶樘橖溏漟煻瑭磄糖膛蓎螗螳赯踼逿醣鎕鏜闛餳鶶
ㄊㄤˋ	儻摥湯漡燙蕩趟蹚躺鐋
ㄊㄥ	熥
ㄊㄥˊ	滕疼痋籐縢藤螣謄邆騰
ㄊㄥˋ	霯
ㄊㄧ	体剔擿梯睇踢銻體鵜鷈
ㄊㄧˇ	体徥衹醍體
ㄊㄧˊ	偍厗啼堤姼媞崹徲惿折提是桋梯渧珶睇磃稊綈緹荑蕛虒蝭蟬褆諦謕趧踶蹄醍銻鍗隄題騠鯷鵜鶗鶙鷤
ㄊㄧˋ	俶倜剃剔啑嚏屜弟悌悐惕揥替棣楴殢洟涕狄瓋籊綈肆薙裼褅詆趯躍逖適錫鬄
ㄊㄧㄝ	占帖怗怙惵聑蝶詀貼跕鉆
ㄊㄧㄝˇ	僣帖蛈銕鋨鐵驖鴩
ㄊㄧㄝˋ	呫帖餮
ㄊㄧㄠ	佻庣恌挑桃條祧窕
ㄊㄧㄠˇ	嬥宨挑斢朓窕窱脁誂趒
ㄊㄧㄠˊ	佻儵啁岧挑條祒稠笤脩芀苕蓧蓨蜩調趒迢銚鎥鞗髫鯈鰷齠
ㄊㄧㄠˋ	佻咷姚朓眺糶絩艞覜超趒趠跳踔頫
ㄊㄧㄠ˙	挑
ㄊㄧㄢ	吞天婖沾添苫酟
ㄊㄧㄢˇ	倎典填娗忝悿捵晪栝殄淟琠町痶紾腆舔蚕賟銛錪靦餂
ㄊㄧㄢˊ	佃嗔填寘屇恬搷撣沺湉滇甜田甸畇畋盷瞋磌窴緂菾鈿鎮闐餂鷏
ㄊㄧㄢˋ	掭添琠瑱睼瞋菾蚺跈
ㄊㄧㄥ	听庍廳朾桯汀渟烴町綎聽艼
ㄊㄧㄥˇ	侹圢娗挺梃烶珵珽町脡艇莛鋌閮頲
ㄊㄧㄥˊ	亭停奠婷嵉庭廷挺楟榳渟筳聤莛葶蜓蝏閮霆鼮
ㄊㄧㄥˋ	梃汀濎
ㄊㄨ	凸唋嶀怢捸梌涋湥瑹禿突葖鵚鼵
ㄊㄨˇ	吐土釷
ㄊㄨˊ	余兔圖土塗墿屠峹嵞廜徒悇捈斁杜梌檡涂潳瘏稌筡腞腯荼菟蒤跌跿途酴鍎駼鵌鶟鷋鷵
ㄊㄨˋ	兔吐堍菟鋀鵵
ㄊㄨㄛ	乇佗侂侻嘽托扡拖挩沰脫舄莌託隋飥馲魠
ㄊㄨㄛˇ	妥嫷庹撱柁橢綏袉訑隋鬌
ㄊㄨㄛˊ	他佗坨堶它岮惰柁橐池沱牠砣碢磚紽蛇蟺袉袘訑詑跎迆迤酡鉈阤陀馱駝驒鮀鴕鼉
ㄊㄨㄛˋ	佗唾拓杝柝毤毻籜蘀跅魄
ㄊㄨㄟ	啍忒推焞蓷藬追
ㄊㄨㄟˇ	俀僓腿
ㄊㄨㄟˊ	僓弚弟橔穨蹪隤頹饋騩魋
ㄊㄨㄟˋ	侻怢蛻褪退駾
ㄊㄨㄢ	湍煓貒
ㄊㄨㄢˇ	墥畽
ㄊㄨㄢˊ	剬剸團塼嫥專慱揣摶敦槫漙磚篿糰蓴鏄鱄鶉鷒鷻
ㄊㄨㄢˋ	彖褖貒
ㄊㄨㄣ	吞啍敦旽暾汭涒焞蜳
ㄊㄨㄣˇ	吨畽錪
ㄊㄨㄣˊ	吨囤坉屯庉忳敦沌炖燉窀純肫臀芚豚軘逐飩魨
ㄊㄨㄣˋ	褪
ㄊㄨㄥ	侗恫恿桐炵熥痌絧蓪通
ㄊㄨㄥˇ	侗垌捅桶筒筩統
ㄊㄨㄥˊ	仝佟侗偅僮同哃垌峒彤曈朣桐橦氃洞浵湩潼烔爞犝狪獞痌瞳硐穜童筒筩粡絧膧艟茼蜼蟲衕詷赨酮重鉖銅餇鮦鼕
ㄊㄨㄥˋ	同慟痛衕通
ㄋ˙	唵
ㄋㄍˇ	嗯
ㄋㄍˊ	哽唔嗯
ㄋㄍˋ	嗯
ㄋㄍ˙	唵
ㄋㄚ	南那
ㄋㄚˇ	哪那
ㄋㄚˊ	呶拏拿挐秅蒘誽
ㄋㄚˋ	吶哪妠娜捺淰笚笝箬納絮肭衲豽貀軜那鈉魶
ㄋㄚ˙	哪
ㄋㄜˊ	哪那
ㄋㄜˋ	疔眲訥那
ㄋㄜ˙	呢
ㄋㄞˇ	乃倷哪奶妳嬭氖艿迺那釢
ㄋㄞˊ	孻掜摨能螚
ㄋㄞˋ	佴奈柰渿耏耐能螚褦錼鼐
ㄋㄟˇ	哪娞婑浽腇那餒餧
ㄋㄟˋ	內氝那
ㄋㄠ	孬
ㄋㄠˇ	惱獶獿瑙腦膠
ㄋㄠˊ	呶夒峱嶩怓摎撓橈猱獶獿碙蝚蟯譊鐃
ㄋㄠˋ	婥淖澆腦臑鐃鬧
ㄋㄡˊ	羺譨
ㄋㄡˋ	嬬擩檽獳耨鎒
ㄋㄢ	囝囡
ㄋㄢˇ	喃嫨戁揇湳腩萳蝻赧
ㄋㄢˊ	冉南喃弇抩暔柟楠男莮萳諵難
ㄋㄢˋ	妠婻攤灘諵難
ㄋㄣˋ	嫩恁枘臑
ㄋㄤ	囊囔蘘
ㄋㄤˇ	擃攮曩瀼灢
ㄋㄤˊ	噥囊涳蠰譨鬞
ㄋㄤˋ	鬞齉
ㄋㄤ˙	囔
ㄋㄥˇ	螚
ㄋㄥˊ	而耐能
ㄋㄧ	呢妮
ㄋㄧˇ	你儗呢妳婗尼抳掜擬旎昵晲柅檷泥濔瀰爾狔禰苨薿譺鈮鑈隬馜
ㄋㄧˊ	倪兒呢坭妮婗尼屔彌怩抳泥淣猊秜臡蛪蜺觬跜輗郳鈮霓鯢麑齯
ㄋㄧˋ	倪匿堄嫟嬭嶷惄慝昵暱泥溺濘灄睨秜縌膩誽迡逆
ㄋㄧㄝ	捏捻
ㄋㄧㄝˊ	苶
ㄋㄧㄝˋ	乜倪哪喦嚙囁囓囡孽峊嵒嵲嶭巕幸掜摰攝敜槷櫱泥涅篞糱聶臬臲苶蠥諗讘踂踗踙躡鋷鎳鑈鑷钀闑隉顳齧
ㄋㄧㄠˇ	嫋嬝嬲尥蔦裊褭鳥
ㄋㄧㄠˋ	尿溺
ㄋㄧㄡ	妞
ㄋㄧㄡˇ	忸扭杻炄狃紐莥鈕
ㄋㄧㄡˊ	怓牛
ㄋㄧㄡˋ	拗蚴
ㄋㄧㄢ	拈捻蔫
ㄋㄧㄢˇ	拈捵捻撚攆涊淰碾簐趁跈蹍躎輦輾
ㄋㄧㄢˊ	哖姩年溓粘鯰黏
ㄋㄧㄢˋ	卄唸姩廿念榐
ㄋㄧㄣˇ	拰
ㄋㄧㄣˊ	恁您
ㄋㄧㄤˊ	娘孃釀
ㄋㄧㄤˋ	釀
ㄋㄧㄥˇ	擰鑏
ㄋㄧㄥˊ	儜冰凝嚀嬣宁寍寧擰攘檸濘獰甯疑聹苧薴鑏鬤鸋
ㄋㄧㄥˋ	佞宁寧年擰泞泥濘甯
ㄋㄨˇ	努呶弩擩砮
ㄋㄨˊ	奴孥帑挐砮笯駑
ㄋㄨˋ	怒肭褥
ㄋㄨㄛˇ	橠袲
ㄋㄨㄛˊ	儺哪娜挪掉梛橠那難
ㄋㄨㄛˋ	喏堧懦懧搦濡糑糯耎諾逽那需
ㄋㄨㄢˇ	暖渜煖臑餪
ㄋㄨㄢˊ	奻渜濡
ㄋㄨㄢˋ	餪
ㄋㄨㄥˇ	繷
ㄋㄨㄥˊ	儂噥濃穠膿襛農醲
ㄋㄨㄥˋ	弄齈
ㄋㄩˇ	女籹釹
ㄋㄩˋ	女恧朒狃絮聏衄
ㄋㄩㄝˋ	婩瘧虐
ㄌㄚ	啦喇垃拉搚摺柆砬翋菈邋
ㄌㄚˇ	喇拉藞
ㄌㄚˊ	剌喇拉旯砬
ㄌㄚˋ	儠剌拉揧擸楋瘌癩腊臘落蜡蠟辣鑞鬎
ㄌㄚ˙	啦喇垃拉藍鞡
ㄌㄛ˙	咯
ㄌㄜ	肋
ㄌㄜˋ	仂勒叻扐樂氻泐牞砳竻肋阞鰳
ㄌㄜ˙	了
ㄌㄞˊ	來唻崍庲徠棶淶箂萊郲釐錸騋鯠鶆黧
ㄌㄞˋ	來厲唻娕徠懶瀨癘癩睞籟藾誺賚賴釐
ㄌㄟ	勒擂
ㄌㄟˇ	儡儽壘樏櫐櫑漯灅瘣癗磊磥礌礧礨累絫纍耒蕾藟蠝誄讄郲鑸鸓
ㄌㄟˊ	儡儽壘壨婁嫘擂樏檑櫑欙瓃畾盧磥礌礧累縲纍罍羸蔂蘲虆轠鐳雷
ㄌㄟˋ	儡擂檑淚礌礧禷累纇纍肋蘱酹銇雷頛類
ㄌㄟ˙	勒
ㄌㄠ	撈
ㄌㄠˇ	佬僚咾姥嫽恅栳橑潦狫獠老荖蓼轑銠
ㄌㄠˊ	僗勞嘐嘮嫪嶗浶潦澇牢癆簩蟧轑醪鐒顟
ㄌㄠˋ	僗勞嘮嫪撩橯潦澇烙牢癆絡落軂酪
ㄌㄡ	摟瞜
ㄌㄡˇ	嘍塿嶁摟漊簍耬
ㄌㄡˊ	僂嘍婁寠廔慺樓漊漏熡牢瞜窶耬艛蔞螻謱鞻髏
ㄌㄡˋ	漏瘺鏤陋露
ㄌㄡ˙	嘍
ㄌㄢˇ	壈婪嬾廩懶攬欖浨濫灠爦纜覽醂顲
ㄌㄢˊ	婪嵐惏攔斕暕欄欗漣濫瀾灆灡籃籣藍蘭襤襴譋讕躝郴鑭闌
ㄌㄢˋ	僋嚂壏湅濫灠煉爁爛糷覽諫連鑭闌
ㄌㄤ	啷
ㄌㄤˇ	俍塱崀悢朗榔樠烺狼誏閬
ㄌㄤˊ	廊桹榔欴浪狼琅瑯硠稂筤羹莨蜋螂踉郎鋃鎯駺
ㄌㄤˋ	埌崀浪狼琅筤莨蒗誏踉郎閬
ㄌㄥ	棱
ㄌㄥˇ	冷
ㄌㄥˊ	崚棱楞稜薐踜輘
ㄌㄥˋ	倰堎愣棱楞睖稜踜輘
ㄌㄧ	哩
ㄌㄧˇ	俚兣哩娌峛悝李欐欚浬澧理禮粴纚蠡裡豊邐醴里鋰離鯉鱧鱺麗
ㄌㄧˊ	儷剺劙厘喱嫠孋孷廲斄杝柂梨梩樆氂漓灑灕犁犛狸琍璃离筣篱籬糎縭纚罹莉菞蔾藜蘺蜊蠡蠫褵謧貍酈醨釃釐鑗離霾驪鯬鱺鵹鸝麗黎黐黧
ㄌㄧˋ	仂位例俐俚儮儷列利力勵厤厲叻吏哩唎唳嚦塛壢娳孋屴岦悷慄戾扐扚捩搮擽攦攭曆曞朸栗櫟櫪欐歷沴泣浰淚溧濼濿瀝犡猁珞瑮瓅瓥痢癘皪盭砅砬硌磿礪礫禲秝立笠篥粒糲綟翮苙荔莉蒚蒞藶蚸蜧蝕蝷蠡蠣觻詈讈赲躒轢轣酈鎘鑠隸離靂靋颯鬁鬲鱱鱳鴗鷅麗麜
ㄌㄧ˙	哩里
ㄌㄧㄚˇ	倆
ㄌㄧㄝ	咧
ㄌㄧㄝˇ	咧裂
ㄌㄧㄝˊ	咧
ㄌㄧㄝˋ	例儠冽列劣劦咧哷埒奊姴峛捩擖擸栗栵洌烈燤犣獦獵睙累綟脟膊臘茢蛚裂趔躐迾邋颲鬣鮤鴷
ㄌㄧㄝ˙	咧
ㄌㄧㄠ	撩
ㄌㄧㄠˇ	了僚嫽憭撩潦燎瞭繆膫蓼轑鄝釕镽
ㄌㄧㄠˊ	佬僇僚勞嘹嫽寥寮屪嵺嶚廖憀憭摎撩敹料暸樂樛橑漻潦燎獠療窌簝繆繚聊膋膫蟟蟧豂轑遼鏐鐐镽飂飉鷯
ㄌㄧㄠˋ	了嘹嫽尥廖撂撩料炓燎療瞭窷繆蟉轑釕
ㄌㄧㄡ	溜瀏蹓
ㄌㄧㄡˇ	僂嬼懰柳泖珋留綹罶蓼蔞藰鉚
ㄌㄧㄡˊ	劉媹嵧懰摎斿旒榴泵流游溜漻瀏琉留瘤硐硫聊蓅藰蟉裗遛鎏鎦鏐飀餾騮鰡鶹麍
ㄌㄧㄡˋ	六塯廇溜留碌磟窌翏蹓遛鎦鏐陸雡霤飂餾鷚
ㄌㄧㄢˇ	嬚摙斂槤歛溓璉羷膦臉蓮薟蘞襝輦連鄻
ㄌㄧㄢˊ	令僆嗹奩帘廉怜憐搛斂槏槤溓漣濂璉瞵磏簾縺羸翴聯苓蓮薕蠊褳覝謰譧蹥連鎌鏈鐮零鬑鰱
ㄌㄧㄢˋ	僆堜孌戀摙撿攣楝欄殮浰湅澰瀲煉練萰連鍊鏈鱄
ㄌㄧㄣ	拎
ㄌㄧㄣˇ	亃伈僯凜嶙廩懍檁磷稟箖粼菻顲
ㄌㄧㄣˊ	壣嶙惏暽林淋溓滲潾燐琳璘疄痳瞵碄磷箖粼繗翷臨蹸轔遴鄰鏻霖驎鱗麟
ㄌㄧㄣˋ	亃任僯吝橉淋焛甐疄痳瞵磷膦臨藺賃蹸躪轔遴鄰閵
ㄌㄧㄤˇ	倆兩啢緉良裲蹣閬魎
ㄌㄧㄤˊ	亮俍惊梁椋樑涼粱糧綡良莨蜋諒踉輬量靚駺
ㄌㄧㄤˋ	亮倞兩喨悢晾涼湸諒踉輛量
ㄌㄧㄥ	拎
ㄌㄧㄥˇ	令冷岭嶺彾怜泠軨領
ㄌㄧㄥˊ	令伶倰冷凌呤囹坽夌姈婈岭崚彾怜昤柃棱櫺欞泠淩澪爧狑玲琌瓴皊砱磷稜笭綾羚翎聆舲苓菱蔆蕶蘦蛉裬詅軨輘酃醽釘鈴錂陵零霝靇靈駖鯪鴒齡
ㄌㄧㄥˋ	令凌另呤炩
ㄌㄨ	嚕擼謢
ㄌㄨˇ	嚕擄擼櫓氌滷磠艣蓾蘆虜鏀鐪魯鹵
ㄌㄨˊ	嚧壚廬攎櫨瀘爐玈璷盧籚纑罏膚臚艫蘆蠦轤鑪顱鱸鸕鹵
ㄌㄨˋ	僇六坴塶廘彔戮摝攄淕淥漉潞熝琭璐甪瘳盝睩硉碌磟祿稑穋簏簬籙繆翏菉蓼蔍蕗螰角觻谷賁賂路踛蹗輅轆逯鄜酪醁錄錴鏕陸露騄鯥鱳鵱鷺鹿麓
ㄌㄨㄛ	囉捋羅落
ㄌㄨㄛˇ	儽剆捰攭果欏欙猓瘰砢臝蓏蜾蠃蠡裸鎯
ㄌㄨㄛˊ	儸囉攎欏玀籮羅腡蘿蝸螺蠃蠡覶邏鏍鑼騾鸁
ㄌㄨㄛˋ	咯峈挼捰摞格樂橐櫟洛漯濼烙爍犖珞皪硌碌礫絡纙茖落袼詻路躒邏酪鉻雒駱鮥鱳鵅
ㄌㄨㄛ˙	囉羅
ㄌㄨㄢˇ	卵孌覶
ㄌㄨㄢˊ	圞奱孌孿巒攣曫欒灤癵羉脟臠臡鑾鸞
ㄌㄨㄢˋ	乿亂薍
ㄌㄨㄣ	掄
ㄌㄨㄣˇ	淪睔碖稐蜦
ㄌㄨㄣˊ	侖倫圇崙惀掄棆淪碖綸菕蜦論踚輪錀陯
ㄌㄨㄣˋ	侖惀溣碖論陯
ㄌㄨㄥ	隆
ㄌㄨㄥˇ	儱壟徿攏朧篢籠蘢躘隴
ㄌㄨㄥˊ	儱嚨寵巃曨朧櫳瀧瓏癃矓礱窿籠聾蘢蝕蠪蠬襱谾豅躘鏧鑨隆靇鸗龍龐龒
ㄌㄨㄥˋ	儱哢弄徿梇蘢衖襱豅
ㄌㄩˇ	侶僂儢呂婁屢履慺挔捋旅梠漊祣穭簍絽縷膂臚蔞褸謱郘鋁魯鷜
ㄌㄩˊ	婁廬慮樓櫚櫨氀盧瞜膢藘鏤閭驢鷜鹿
ㄌㄩˋ	勴哷垏壘寠嵂律慮氯濾率累綠繂膟菉葎鋁鑢
ㄌㄩㄝˇ	掠
ㄌㄩㄝˋ	掠擽率略藥詻鋝
ㄍㄚ	伽呷咖嘎夾戛旮胳
ㄍㄚˇ	嘎尕
ㄍㄚˊ	嘎噶軋釓
ㄍㄚˋ	尬
ㄍㄜ	仡割可咯哥圪屹戈扢擖擱格歌滒犵疙紇肐胳菏袼鉻鉿閘閤鴐鴿
ㄍㄜˇ	個各合哿舸葛蓋魺
ㄍㄜˊ	佫佮假嗝噶塥愅挌搿擱杚格浩滆猲獦砝胳膈茖葛蛤觡輵轕鉀鎑鎘閣閤隔革鞈鞷韐頜騔骼髂鬲鮥鮯鵅
ㄍㄜˋ	介個各吤硌箇虼鉻
ㄍㄞ	侅咳垓峐核祴絯胲荄該豥賅賌閡陔隑骸
ㄍㄞˇ	改胲
ㄍㄞˋ	丐戤摡杚概汽溉瓂磑芥蓋鈣阣隑
ㄍㄟˇ	給
ㄍㄠ	咎槁槔櫜滜皋睪睾篙糕羔膏韟高鷎鼛
ㄍㄠˇ	搞暠杲槁檺浩稿筶縞蒿鎬
ㄍㄠˋ	勂告祰筶膏誥郜鋯高
ㄍㄡ	佝冓勾區句呴拘搆枸泃溝痀篝簼緱苟袧軥鉤韝鴝
ㄍㄡˇ	岣枸狗笱耇芶苟蚼鮈
ㄍㄡˋ	傋冓勾句呴垢夠姤媾彀搆构構茩袧覯詬豰購軥遘鉤雊鴝
ㄍㄢ	乾坩奸尷干幹杆柑汗泔漧玕玵甘疳矸竿筸肝虷諴酐釬鳱
ㄍㄢˇ	感扞捍敢杆桿橄澉皯矸稈竿笴篢簳豃赶趕鰔
ㄍㄢˋ	凎咁干幹旰杆榦淦灨盰矸竿簳紺詌贛錎骭
ㄍㄣ	根跟
ㄍㄣˇ	艮
ㄍㄣˊ	哏
ㄍㄣˋ	亙揯痕艮茛
ㄍㄤ	亢伉剛堈堽岡崗扛抗杠棡犅疘矼碙綱缸罡肛肮釭鋼阬頏
ㄍㄤˇ	崗港溝犺
ㄍㄤˋ	戇杠槓鋼
ㄍㄥ	亢庚更浭緪羹耕菮賡鶊
ㄍㄥˇ	哽埂挭梗硬綆耿邢郠頸骾鯁
ㄍㄥˋ	亙堩恆更緪
ㄍㄨ	估呱呴咕姑嫴孤家枯柧橭沽泒瓠皋盬箍箛罛胍菇菰蓇蛄觚軱轂辜酤鈲骨鮕鴣
ㄍㄨˇ	古唃啒嘏夃尳愲扢榖榾汩沽淈滑濲瀔牯盬瞽穀縎罟羖股臌苦蓇薣蛄蛌蠱角詁谷賈轂鈷離骨骰鵠鼓
ㄍㄨˊ	骨鶻
ㄍㄨˋ	估僱凅古告固堌崮故梏棝牿痼盬稒鈷錮雇顧
ㄍㄨ˙	咕
ㄍㄨㄚ	刮劀呱咶括捖擖栝瓜緺聒胍舌趏銛颳騧鴰
ㄍㄨㄚˇ	剮呱咼寡
ㄍㄨㄚˋ	卦惴挂掛絓罣罫褂詿
ㄍㄨㄛ	咶咼嘓堝墎崞彉活渦濄瘑矌聒蜮蟈過郭鍋鐹
ㄍㄨㄛˇ	划惈果槨淉猓粿蜾蝸蠃裹褁輠錁鍋鐹
ㄍㄨㄛˊ	唬囗國埻幗慖摑漍簂聝膕蔮虢郭馘
ㄍㄨㄛˋ	划過
ㄍㄨㄛ˙	過
ㄍㄨㄞ	乖摑
ㄍㄨㄞˇ	拐枴柺罫
ㄍㄨㄞˋ	噲夬怪
ㄍㄨㄟ	佹傀哇圭媯嫢巂廆摫槻槼櫰歸洼珪瑰皈瞡硅窐茥蘬螝規邽閨隗騩鮭鳺龜
ㄍㄨㄟˇ	佹匭厬垝姽宄庋庪晷朹桅氿湀癸祈祪簋蛫蟡觤詭軌鬼
ㄍㄨㄟˋ	偽劊劌匱娃媯嶡庋撅撌昋柜桂概槶檜櫃溎炅炔癐瞶硊禬筀簂繪茥襘規觖貴赽趹跪蹶鐀鱖
ㄍㄨㄢ	倌冠官棺淪琯瘝矜綸莞菅觀閞關鰥鱞
ㄍㄨㄢˇ	幹斡琯痯筦管莞錧館
ㄍㄨㄢˋ	丱串冠婠悹悺慣懽摜果棺櫬權毌涫淉灌爟琯瓘盥矔祼罐觀貫鑵雚鰥鱹鸛
ㄍㄨㄣˇ	卷惃棍混渾滾緄緷蔉袞裷輥錕鯀鰥
ㄍㄨㄣˋ	棍琯璭睔
ㄍㄨㄤ	光垙廣恍桄洸潢炚烡珖胱茪趪銧
ㄍㄨㄤˇ	廣獷臩
ㄍㄨㄤˋ	俇光廣撗擴桄臦迋逛
ㄍㄨㄥ	供公共功匑塨宮工幊弓恭愩攻杠疘篢紅肱蚣觥躬釭魟龔
ㄍㄨㄥˇ	共嗊廾拱拲栱汞珙磺礦蛩輁鞏
ㄍㄨㄥˋ	供共嗊愩渱羾虹貢贛
ㄎㄚ	呿咖咯喀擖
ㄎㄚˇ	佧卡咯鉲
ㄎㄜ	匼呵嗑坷嵙搕柯棵榼樖牁犐珂痾瞌砢磕科稞窠簻苛薖蝌趷軻鈳鉿錒頦顆髁
ㄎㄜˇ	可坷岢嵑嶱敤棵毼渴盍碣磕顆
ㄎㄜˊ	咳殼翗頦
ㄎㄜˋ	克刻剋勀可喀嗑堁客峇恪悈愘歁氪溘濭硞科緙艐蚵課錁騍龕
ㄎㄜ˙	喀
ㄎㄞ	揩開
ㄎㄞˇ	凱剴塏愷慨暟楷豈輆鍇鎧閡闓雉颽
ㄎㄞˋ	劾勓喝喫愒愾核欬欯渴溘濭烗輆鎎
ㄎㄟ	刻剋
ㄎㄠ	尻訄
ㄎㄠˇ	拷撟攷栲洘烤熇考薧
ㄎㄠˋ	搞槁洘熇犒銬靠
ㄎㄡ	刳嫗彀彄挎摳毆芤鏂
ㄎㄡˇ	口竘
ㄎㄡˋ	佝區叩寇怐扣溝滱瞉筘簆茠蔻釦鷇
ㄎㄢ	刊勘堪嵁戡看靬龕
ㄎㄢˇ	侃凵坎埳堿扻檻欿歁砍竷莰衎轗顑
ㄎㄢˋ	喊坎墈崁嵌監看瞰矙碪磡竷薟衎闞餡
ㄎㄣˇ	啃墾懇狠肯豤錹頎齦
ㄎㄣˋ	垠掯硍裉
ㄎㄤ	嫝康慷杭漮糠荒邟鏮
ㄎㄤˇ	伉骯
ㄎㄤˊ	扛摃
ㄎㄤˋ	亢伉匟囥坑康抗杭沆炕犺邟鈧閌阬
ㄎㄥ	吭坑挳牼硍硎硜硻脛誙鉺銵鍞鏗阬
ㄎㄥˇ	忐硻
ㄎㄨ	刳古哭圣堀挎掘搰朏枯桍泏矻窋窟跍骷
ㄎㄨˇ	楛狜苦
ㄎㄨˋ	嚳庫捁瘔硞褲趶跨酷齁
ㄎㄨㄚ	夸姱晇絓舿華誇跨
ㄎㄨㄚˇ	侉垮夸胯跨銙錁顝
ㄎㄨㄚˋ	夸挎胯跨骻髁
ㄎㄨㄛˋ	噲廓懖括擴會栝漷燭筈萿葀蛞适鄺闊霩鞹韕髺鬠
ㄎㄨㄞˇ	蒯
ㄎㄨㄞˋ	傀儈噲塊廥快旝會檜澮狤獪璯筷膾蒯蕢鄶駃鬠魁鱠
ㄎㄨㄟ	刲巋悝盔窺聧蒍蘬虧闚顝
ㄎㄨㄟˇ	傀奎煃磈窺缺跬蹞逵頃頍魁
ㄎㄨㄟˊ	夔奎戣揆暌楏楑櫆歸犪睽葵藈踩躨逵鄈鍷闋隗頄頯馗騤魁鮭
ㄎㄨㄟˋ	匱喟嘳媿嬇巋愧憒樻欳歸潰睽瞶簣聵腃臾蕢觖鐀餽饋
ㄎㄨㄢ	完寬臗髖
ㄎㄨㄢˇ	梡棵款窾顆
ㄎㄨㄣ	卵坤崑昆晜混焜猑琨菎褌豤錕頑餛騉髡鯤鰥鶤
ㄎㄨㄣˇ	壼悃捆梱硱稛綑裍閫齦
ㄎㄨㄣˋ	困昆涃睏
ㄎㄨㄤ	劻匡恇框洭筐誆
ㄎㄨㄤˇ	壙夼懭爌
ㄎㄨㄤˊ	呈枉框狂狅誑軠迋逛鵟
ㄎㄨㄤˋ	丱兄壙廣曠框況湟爌眶矌磺礦穬絖纊貺軦鄺
ㄎㄨㄥ	倥崆悾控椌涳硿穹空箜錓
ㄎㄨㄥˇ	倥孔恐悾空
ㄎㄨㄥˋ	控矼硿空腔鞚
ㄏㄇ˙	噷
ㄏㄋㄍ˙	哼
ㄏㄚ	呵哈蛤鉿
ㄏㄚˇ	哈獬
ㄏㄚˊ	蛤蝦
ㄏㄚˋ	哈
ㄏㄜ	呵哈喝欱苛荷訶
ㄏㄜˊ	何劾合和咼哈嗑噈姀害峆挌揭敆曷核楁毼河洽涸渮渴澕熆犵盉盍盒礉禾篕籺紇繳翮荷菏藿蚵蝎螛覈貉輅轄郃鉌鑉閡闔鞨頜餲魺鶡麧齕龢
ㄏㄜˋ	何佫呼和哧喝嗃嚇壑愒曷格煂熇猲硅翯荷藃褐謞賀赫霍鬩鵠鶡鶴齃
ㄏㄞ	咍咳嗨
ㄏㄞˇ	浬海烸胲醢
ㄏㄞˊ	咳孩還頦骸
ㄏㄞˋ	亥侅嗐妎害拸氦猲絯閡餀駭駴
ㄏㄟ	嗨嘿潶黑
ㄏㄠ	嚆茠蒿薅薧鎒
ㄏㄠˇ	好郝
ㄏㄠˊ	呺唬嗥嚎壕毫濠皋籇膠號蚝蠔諕譹豪貉
ㄏㄠˋ	哠好妞悎昊昦暠浩淏滈澔灝皓皜皞睾秏翯耗薃藃號鄗鎬顥鰝
ㄏㄡ	呴齁
ㄏㄡˇ	吼吽呴
ㄏㄡˊ	侯喉猴瘊篌翭翵腄葔鄇銗鍭餱鯸
ㄏㄡˋ	侯候厚后垕堠後洉詬逅郈鱟
ㄏㄢ	哻嫨憨歛犴甘蚶谽酣頇魽鼾
ㄏㄢˇ	厂喊嚂嵌罕蔊豃軒闞鬫
ㄏㄢˊ	函含咁唅寒嵅幹梒椷榦汗涵淊淦焓琀甝笒肣虷蚶蜬邗邯鈐鋡韓頜馯魽
ㄏㄢˋ	含悍感憾扞捍撖撼旰旱暵桿汗泔涆涵淊漢澉澣瀚灘焊熯睅矸罕翰肣菡蔊蜭螒譀邯酣釬銲鋎閈雗靬頷顄顩馯駻鳱鶾
ㄏㄣ	噷
ㄏㄣˇ	佷哏很狠
ㄏㄣˊ	拫掀痕艮鞎
ㄏㄣˋ	恨
ㄏㄤ	夯炕
ㄏㄤˇ	狠狼
ㄏㄤˊ	吭斻杭桁沆珩笐絎肮航苀蚢行貥迒邟頏魧
ㄏㄤˋ	吭巷桁沆笐行酐頏
ㄏㄥ	亨哼啈脝訇
ㄏㄥˊ	佷姮恆桁橫烆狟珩胻蘅行衡鑅
ㄏㄥˋ	啈
ㄏㄨ	乎匢呼垀寣幠忽惚惡戲昒曶欻歑淲淴滹糊膴芔芴虍虖謼雽
ㄏㄨˇ	唬汻淲滸滹琥箎虎許
ㄏㄨˊ	和嘝囫壺媩弧抇搰斛核楜槲汩沍湖瀫焀狐猢瑚瓠瓡礐糊縎縠胡葫虖蝴螜衚觳醐鈷鋘餬鬍魱鰗鴩鵠鶘鶦鶻
ㄏㄨˋ	互冱嗀嗃姱婟嫭嫮岵怙戶戽扈擭昈枑楛槴沍洿淈滬濩熩瓠祜穫笏糊綔羽胍芐苦蔰虎虖觷護豰鄠鍙雇雽韄頀魱
ㄏㄨㄚ	化吪嘩砉花華蒍蘤錵
ㄏㄨㄚˊ	侉划劃哇嘩姡學找搳滑澮猾獪華螖譁豁釪釫鋘鏵驊鷨
ㄏㄨㄚˋ	划劃化叱咶嫿嬅崋摦杹槬樺檴澅畫稞粿繣罫華觟話諙輠魤鮭
ㄏㄨㄛ	吙呵嚄搉攉火豁騞
ㄏㄨㄛˇ	伙夥扮漷火鈥
ㄏㄨㄛˊ	佸和姡活秮萿越趏
ㄏㄨㄛˋ	化和嚄壑惑或捇掝擭攉曤檴沎湱漷濊濩瀖獲瓠眓矐砉禍穫篧膕臛藿蠖諕謋豁豰貨過鑊隻霍靃
ㄏㄨㄛ˙	伙和
ㄏㄨㄞˊ	佪圳壞徊怀懷槐櫰淮瀤蘹褢褱踝
ㄏㄨㄞˋ	咶喟坏坯壞蘾
ㄏㄨㄞ˙	划劃
ㄏㄨㄟ	噅墮徽恢戲拻揮撝暉椲楎洃灰煇煒琿皓眭睢禈翬蘳虺褘詼豗輝鑴隓隳鰴麾
ㄏㄨㄟˇ	悔檓毀毇烜烠燬蘬虫虺螝譭
ㄏㄨㄟˊ	佪回徊恛洄烠痐繢茴藱蚘蛔迴違韋
ㄏㄨㄟˋ	匯卉喙嘒噦圚墮壞孈廆彗彙徻恚惠慧憓晦會槥橞檅檜沬洄潓澮濊燴獩璯瘣瞺硊穢篲繢繪翽芔蒐蔧蕙薈薉藱蚘蟪襘誨諱譓譿賄輠銊鏸鐬闠顪餯
ㄏㄨㄢ	嚾懁懽欥歡犿獾讙豩貆酄驩鴅鸛
ㄏㄨㄢˇ	攌睆緩
ㄏㄨㄢˊ	圜垸嬛寰峘桓汍洹澴狟瑗環瓛睔瞏綄繯羦荁萑蒝豲貆轘還郇鍰鐶闤雈雚鬟
ㄏㄨㄢˋ	喚嚾圂奐宦幻患換援擐浣渙漶澣灌煥瑍環瘓皖眩睆綄肒脘蠸讙豢轘逭鯇
ㄏㄨㄣ	婚惛昏棔殙涽湣焄睧睯葷閽
ㄏㄨㄣˇ	惛
ㄏㄨㄣˊ	捆揮昆梡梱混渾湷溷煇琿緄緡繉轋顐餛餫魂鼲
ㄏㄨㄣˋ	倱圂慁掍昏棍涽混渾溷眃緄觨諢顐
ㄏㄨㄤ	巟慌肓芒荒衁
ㄏㄨㄤˇ	幌怳恍慌晃汻炾熀熿爌芒茫荒謊
ㄏㄨㄤˊ	偟凰喤堭媓崲徨惶揘楻湟潢煌熿獚璜皇磺穔篁篊簧艎荒葟蝗蟥諻趪遑鍠隍韹餭騜鰉鷬黃
ㄏㄨㄤˋ	晃榥洸滉潢皝鎤
ㄏㄨㄤ˙	慌
ㄏㄨㄥ	吽哄哅嚝巆揈渹灴烘焢薨訇謍谾輷轟鍧
ㄏㄨㄥˇ	哄嗊愩
ㄏㄨㄥˊ	仜共吰妅宏弘彋揈汪汯泓洚洪浤渱玒瓨竑竤篊紅紘翃耾舼苰葒蕻虹谹谼鈜鋐閎霐霟鞃魟鴻黌
ㄏㄨㄥˋ	哄港澋澒蕻虹訌闀鬨鴻
ㄐㄧ	丌乩倚其几刉剞勣呰咭唧嘰圾基墼奇妓姬居屐嵇幾庴憿懠撽擊攲敧期机枅棋機櫅毄汲激犄璣畸畿癪磯禨稘稽積笄箕簊緝績羇羈肌芨苙萁蘄虀虮覘觭諅譏谿跂跡踑踦蹟躋鄿銈錤鐖鑇隔隮雞鞿飢饑鸄齊齎齏
ㄐㄧˇ	丮几妀己幾戟掎撠擠極泲濟穖紀給脊虮蟣蟻踦颳魕麂
ㄐㄧˊ	亟伋佶偮即厝及吇吉圾堲塉姞嫉尐岋岌嶯庴彶忣急戢揖揤极棘楖楫極槉橶殛汲洁湒潗濈狤疾瘠瞿秸笈簎籍級緝耤胔脊膌莋蒩蒺蓻蕀蕺藉蜡蝍螏蠀襋覿觙諔谻趌踖蹐躤輯轚郅銡鏶集霵革鞊鶺鷑
ㄐㄧˋ	伎偈其冀劑嚌塈妓姼季寂寄幾徛忌悸惎懠懻技擊旡既暨暩檕櫅汥洎漃漈濟瀱猗璾畟疵痵瘵癠睽瞉祭禨稷穄穊穖穧粢系紀紒結繫繼罽肌臮芰茍茤蔇薊薺蘮蘻蟿裚覬計訐記誋諅跽踑際霽騎驥髻鬾鮆鯚鯽鰶鰿鱀鱭鵋齊齌齍
ㄐㄧㄚ	伽佳傢加咖嘉夾家抸挾擖枷梜椵毠泇浹犌猳珈痂笳筴耞茄葭袈袷裌豭貑跏迦鉿鎵駕麚
ㄐㄧㄚˇ	假呷嘏夏婽岬徦押斝暇柙椵榎檟玾甲瘕胛蝦賈鉀
ㄐㄧㄚˊ	唊夾岬恝戛扴拮挈揩揳猰絜莢蛺袷裌跲郟鋏頡頰骱鴶鵊
ㄐㄧㄚˋ	价假價嫁家幏架枷稼賈駕駱
ㄐㄧㄚ˙	家
ㄐㄧㄝ	亥偕喈嗟嚌差接揭椄楷湝痎癤皆祖秸節結罝苴菨蝔街謯鍇階鞂鶛
ㄐㄧㄝˇ	她姐媎檞獬袓解鍇
ㄐㄧㄝˊ	倢偈傑劫劼唧啑圾契婕孑尐岊崨嵑嵥巀幯截扢拮捷擳昅杰桀桔椄楬楶概榤洁洯渴滐潔狤疌睫砝碣竭節紇紒結絜羯脥蛣蝍蠽衱袷袺訐詰趌跲踕迼鉣鍻鞊頡髻鮚
ㄐㄧㄝˋ	介价借吤唶嗟妎屆岕嶰悈戒拾暨楷犗玠界疥砎籍紒耤艐芥藉蚧蛶褯解誡雃骱鶛
ㄐㄧㄝ˙	价假價家
ㄐㄧㄠ	交佼僥僬儌咬嘄嘐姣嫶嬌嵺嶕徼憍憢挍撟教椒橋湫澆激焦燋矯礁穚簥膠膲艽茭菽萩蕉蕎蛟蟭跤轇郊鄗鐎驕骹鮫鵁鷦鷮
ㄐㄧㄠˇ	佼僑僥僬儌剿劋勦卻咬喬妖姣徼恔憿捁摎摷撟攪敥敿曒校樔橋湫潐灚煍狡皎皛皦矯笅筊糾絞繳腳膠蟜角譑蹻鉸餃鱎
ㄐㄧㄠˊ	嚼矯
ㄐㄧㄠˋ	僬叫嘂嘄噭嚼嬓學嶠徼悎挍教斠校橋滘潐激灂爝獥珓皭窌窖筊絞繳覺譥趫趭較轎酵醮釂餃
ㄐㄧㄡ	九勼啾愁揂揪揫摎救朻樛湫牞穋究糾繆萛蝤赳鬮鳩
ㄐㄧㄡˇ	久九氿灸玖酒韭
ㄐㄧㄡˋ	僦咎就廄慦捄救柩殧湫疚究臼舅舊赳鯦鷲麔
ㄐㄧㄡ˙	蹴
ㄐㄧㄢ	傔兼咸喊堅奸姦孱尖帴幵惤戔揃搛攕椷櫼殲沮淺湔漸濺瀸煎熞熸牋犍猏瑊監礛箋籈籛緘縑纖肩艱菅菺葌蒹蔪蕑虃豜趼軒鋑鋻鑯閒間靬鞬韉餰鰔鰜鰹鳽鵳鶼麉黚
ㄐㄧㄢˇ	儉前剪劗咸囝堿帴戩挸揀揃揵撿暕柬楗橏檢涀減湕煎犍瑐瞼筧箴簡籛繭翦茧藆襉襺謇譾趼蹇錢閒間險騫鬋鰎鹹鹼齊
ㄐㄧㄢˋ	件俴健僣僭劍塹寋建揵朁栫楗榗檻毽洊淺湔漸澗濫濺瀳煎牮犴珔監瞷箭糋腱艦茛荐葥蔪薦螹袸見諓諫譖賤跈踐轞鋻鍊鍵鐱鑑鑒鑳閒間鞬餞
ㄐㄧㄣ	今埐堻嶜巾惍斤津濜珒璡矜禁竻筋紟肋菳衿襟觔金釿
ㄐㄧㄣˇ	僅儘堇婜巹廑慬斳槿瑾盡紾緊菫蓳謹錦饉
ㄐㄧㄣˋ	伒僅僸儘勁吟噤嚍堇墐妗嬐嬧寖慬搢晉枃榗殣浸湛溍濜煡燼瑾璡璶盡祲禁笒紟縉臸藎覲賮贐近進金鋟靳
ㄐㄧㄤ	僵姜將彊槳橿殭江漿疆礓糨翞茳蔣薑螿豇韁
ㄐㄧㄤˇ	傋將槳獎耩膙蔣講顜
ㄐㄧㄤˋ	匠將嵹弶強彊洚漿疆糨紅絳虹袶謽醬降
ㄐㄧㄥ	京仱兢婛巠徑惊旌旍晟晶殑氏涇睛箐粳精經荊莖菁蜻醒鋞青驚鯨鵛鶁鶄麠鼱
ㄐㄧㄥˇ	丼井儆剄幜憬憼擏景暻汫烴獷璟璥睛蟼警阱頸
ㄐㄧㄥˋ	井俓倞凈勁境婧弳徑憼擏敬桱檠殑淨獍痙竟竫競精經脛葝逕鏡陘靖靘靚靜
ㄐㄩ	且仇佝俱匊告娵娶居岨崌拘挶捄据掬揈揟梮椐沮泃涺狙琚疽痀砠租罝腒臄苴菹蛆蜛裾趄踘車軥鋦鋸陱雎鞠鞫駒驕鬻鮈鶋
ㄐㄩˇ	咀岨拒拘枸柜椇櫸沮疽矩筥籧舉莒萭蒟踽郰鉏鋤齟
ㄐㄩˊ	侷僪局屈拘拱桔椈橘淗湨焗犑狊菊蓻蘜趉趜跼蹻輂郹鋦閰雛駶驧鵙鵴鶪鼰鼳
ㄐㄩˋ	俱倨具劇句埧壉姐姖寠屨岠巨怐怚懅懼拒据據沮洰渠澽炬焣犋珇瞿秬窶簍粔耟聚苣菹蒩蔞蘧處虡蚷螶袓裾詎豦貗趡足跙距踞躆遽鄒鄹醵鉅鋸鐻雛颶駏駒
ㄐㄩㄝ	嗟噘屩撅繑蹻
ㄐㄩㄝˇ	蹶
ㄐㄩㄝˊ	乙倔傕劂匷厥吷噱嚼埆壆夬孓屈崛嶡彏憰戄抉捔掘撅攫桷梏構橛殌決泬潏燋爝爵狂獗玃玦玨璚瘚矍矞穱穴絕繘腳臄芵蕝蕞蕨虳蚗蛙蟨蠼覺角觖觳觼訣譎貜赽趉趹蹶蹻躩較鈌鐍钁闋闕駃騤鱖鴃鶌鷢
ㄐㄩㄝˋ	倔撅
ㄐㄩㄢ	圈娟捐朘梋泫涓焆脧蠲裐身鋑鋗鐫鞙鵑
ㄐㄩㄢˇ	卷圈埢帣捲擐臇菤蕊蜷踡錈
ㄐㄩㄢˋ	倦卷圈婘巂帣弮悁惓捲棬狷獧甄眩眷睊睠絭絹縳罥腃萒蔨鄄鋗雋韏
ㄐㄩㄣ	君均旬桾皸碅筠莙菌蚐袀軍鈞鋆鍕鮶麇龜
ㄐㄩㄣˋ	俊卷呁寯峻捃晙棞浚濬焌焞燇狻珺畯竣箘菌葰蔨蜠訇郡雋餕駿鵔鵘
ㄐㄩㄥ	冏坰坷扃泂浻瀅絅顈駉
ㄐㄩㄥˇ	冏囧扃昋泂浻炅炯煚熒熲燛窘絅臦臩褧迥鎣顈
ㄑㄧ	七倛傶僛凄吃嘁妻娸宿恓悽慼戚攲期柒栖桼棲榿槭欹欺沏淒溪漆碕磎緀緝萋蛣螇諆諿踦蹊迉郪鏚霋魌鶈鸂
ㄑㄧˇ	乞企呇啟婍屺崎己敧杞梩棨气碕稽綮綺芑觭豈起跂邔齮
ㄑㄧˊ	七丌亓伎俟倛其勤圻埼奇岐岓崎幾忮忯懠扺技抵掑支旂旗枝棋歧淇濝濟玂琦琪畦畸疧碕示祁祇祈祺禨稘綦耆肵臍艩萁薺藄蘄蚑蚔蚚蜞蟣蠐衹觭跂踑軝逗鄿釮錡鐖隑頎饑騎騏騹鬐鬾鬿鮨鯕鰭鵸鶀麒麡齊
ㄑㄧˋ	乞亟伎倛偈切刺吱咠唭器契妻忔恝悽愒愾憩扢扱挈揭栔棄槭气氣汔汽泣湆湇滊漬甈甭盵砌磧磩絜綦緝罊肐芞葺薺蟿訖趿跂踖躩迄鼜
ㄑㄧㄚ	佉愘掐搳擖袷
ㄑㄧㄚˇ	價卡酠
ㄑㄧㄚˋ	冾咭客帢恰愘挈楬殎洽矻硈磍絜髂鮚
ㄑㄧㄝ	切脞
ㄑㄧㄝˇ	且跙
ㄑㄧㄝˊ	伽癿茄
ㄑㄧㄝˋ	倢切厒唼喋嗛契妾婕怯愜慊挈捷朅椄沏洯渫漆猰疌砌竊篋緁蕺藒蛣蛪趄跙踥輵鍥鐑鯜鰈
ㄑㄧㄠ	劁喿塙墝墽幓幧悄搞摮敲校橇橋橾毃毳燆碻磝磽礉窯繑繰蕉趬跤踍蹺蹻郻鄗鄡銚鍬鏒鐰雀頝骹
ㄑㄧㄠˇ	巧悄愀愁磽雀髜
ㄑㄧㄠˊ	僑劁喬嘺嫶嶠憔招樵橋潐焦燋犞睄瞧礄翹荍菬蕉蕎蟜譙趫醮驕
ㄑㄧㄠˋ	俏偢削嘺噭墝墽峭帩悄捎撬撽殼硝磽礉竅箾翹茭誚譑譙踃蹺躈鞘顤
ㄑㄧㄡ	丘區坵媝恘惆楸橚櫹湫秋緧萩蓲蚯蝵蟗蠤趥遒邱鞦鰍鶖龜
ㄑㄧㄡˇ	糗
ㄑㄧㄡˊ	仇俅厹唒囚崷巰捄朹梂殏毬氿求泅煪犰球璆盚紌絿艽莍虯蛷蝤裘觓觩訄賕趜逑遒酋釓釚銶馗鮂鯄鰽鳩鼽
ㄑㄧㄡˋ	愀踆
ㄑㄧㄢ	仟僉兛千嗛奷婜孅寨岍幵忏愆慳扦掔揃搴攐攓杴檶櫏汧牽瓩磏簽籤粁縴羥芊褰謙遷鈆鉛鋟鐱鑯開阡雃韆顅騫鳽鶼
ㄑㄧㄢˇ	凵唊嗛忏慊撖槏歁淺繾脥蜸譴遣顩齦
ㄑㄧㄢˊ	乾仱前墘媊岒忴扲拑掮揵朁柑榩涔湔漸潛灊灒煔燂燖犍筋箝羬腱葥葴蕁虔蚙赶軡鈐鉆鉗錢鍼靬馯騚騝鰬黔黚
ㄑㄧㄢˋ	俔倩傔嗛塹嵌廞慊棈槧欠欿歉淒牽篟綪縴芊芡茜蒨輤遣錎鰜
ㄑㄧㄣ	侵儭唚嶔梫欽浸滲綅菳衾親鋟頜顉駸
ㄑㄧㄣˇ	侵坅寑寢昑梫笉螼鋟
ㄑㄧㄣˊ	勤噙埁埐堇墐嫀嶜庈廑忴慬懃扲擒斳梣槿檎溱澿琴瘽矜禽秦耹肣芩芹菳蓁蘄蚙螓覃鈂鈙雂靲鬵鳹
ㄑㄧㄣˋ	儭唚撳櫬欽沁瀙菣藽衿鈊顩
ㄑㄧㄤ	創嗆將嶈慶戕戧控搶斨椌槍牄瑲矼箐羌腔蜣謒跫蹌蹡錆鎗鏘鏹鶬
ㄑㄧㄤˇ	墏強彊搶槍繈羥襁鏹
ㄑㄧㄤˊ	嬙廧強彊檣漒爿牆薔蘠
ㄑㄧㄤˋ	唴嗆戧搶熗羻蹌蹡鎗
ㄑㄧㄥ	傾卿圊埥廎慶氫清漀綪蜻輕郬鑋青靘頃鯖鶄
ㄑㄧㄥˇ	傾廎涇漀磬綮莔請謦頃
ㄑㄧㄥˊ	勍情擎擏晴樈檠殑氰精葝請鯨黥
ㄑㄧㄥˋ	倩凊廎慶掅清渹硜碃磬箐綮罄胜親請謦輕靘
ㄑㄩ	佉區去取屈岨嶇怚抾敺曲毆浀焌祛紶組胠脥蛆蛐袪詘趍趜趣趨跙軀镼阹鞠鞫騶驅髷魼鱋鶌麴
ㄑㄩˇ	取娶曲竘紶苣蝺齲
ㄑㄩˊ	佢劬句巨斪朐枸欋氍淭渠灈璩瞿磲籧絇翑翵胊臞菃葋蕖蘧蚼螶蟝蠷蠼衢躣軥遽鉤鐻鮈鴝鼩
ㄑㄩˋ	刞去呿蜡覷誇趣趨跼闃麮鼁
ㄑㄩ˙	戌
ㄑㄩㄝ	決炔缺蒛蚗闕
ㄑㄩㄝˊ	瘸
ㄑㄩㄝˋ	傕卻埆塙屈愨搉攉榷汋皵硞确碏確碻礐礭舄芍觳踖闋闕雀鳥鵲
ㄑㄩㄢ	卷圈弮恮悛棬腃酄鐉駩
ㄑㄩㄢˇ	圳汱烇犬甽畎綣虇
ㄑㄩㄢˊ	佺全卷圈埢姾婘巏惓拳拴捲栓棬槫權泉灥牷犈狋獾瑔痊矔筌純絟縓腃荃蜷蠸觠詮謜譔跧踡輇醛銓顴鬈鸛齤
ㄑㄩㄢˋ	串券勸灥牶韏
ㄑㄩㄣ	囷峮箘踆輑逡遁
ㄑㄩㄣˇ	蹲
ㄑㄩㄣˊ	宭群裙麇
ㄑㄩㄥ	穹芎跫銎鞠
ㄑㄩㄥˊ	嬛惸憌桏橩煢琁璚瓊瓗瞏穹窮笻筇舼藑藭蛩蛬赹跫邛銎
ㄒㄧ	俙傒僖兮凞吸咥咦咭唏喜嘻夕奚娭媐嬉屎屖嶲巂巇希徆徯恓息悉悕惁惜戲扱撕昔晞晰曦析栖桸棲榽樨橀欷歙氥汐浠淅溪潝烯焟熄熙熹燨爔犀犧狶獻琋瘜皙睎矽硒碏磎礂禧稀穸窸粞緆羛義羲翕肸脅腊膝茜莃菥蒠虒蜤蜥螅螇蟋蠵裼西觿訢詑誒譆谿豨豯貕蹊郗鄎酅醯釐釸錫錯鑴雟鵗鸂鼷
ㄒㄧˇ	喜囍奊嬉屣徙枲歖洒洗漇灑璽瓕禧縰纚葸蓰蟢諰謑蹝釐銑
ㄒㄧˊ	媳嵇嶍席徯擊槢檄濕習莔蓆薂蜴蝷褶襲覡謑謵郋鎴隰霫飁騱騽驨鰓鰼鼳
ㄒㄧˋ	係傒卌卻呬呰咥塈屭忥怬恄愾慀戲摡既欯氣滊潟熂盻矽禊系細綌繫舄蔇蕮虩衋覤謚赩郤釳鈒闟隙餼鬩黖
ㄒㄧㄚ	呀呷岈毳煆瘕瞎蝦颬魻
ㄒㄧㄚˇ	閜
ㄒㄧㄚˊ	俠假匣呷嗑夾峽徦押搳斜暇柙欱歃浹烚狎狹珨瑕硤碬磍祫笚給縖舝舺葭蕸螛赮轄遐郃鍜陜霞騢魻鶷黠
ㄒㄧㄚˋ	下假呼哧唬嗄嚇夏廈暇煆罅芐諕謑鏬
ㄒㄧㄝ	些揳楔歇滊猲獦蝎蠍
ㄒㄧㄝˇ	寫血
ㄒㄧㄝˊ	偕劦勰協嗋垥夾奊孈愶慀拹挾接揳搚摺擷攜斜桔梋歙汁湝熁燲瑎眭絜緳纈耶脅苴蝢裌襭諧邪鍱鞋頁頡魼鮭龤
ㄒㄧㄝˋ	伳偞偰僁卸吤唏喈契媟寫屑屧嶰廨懈揳枻械楔榍榭槷檞欸殺泄洩渫溉潰澥瀉瀣灺焎燮獬祄紲絏繲薢薤蝑蟹褉褻觟解諜謝豫跬躞躠迦邂隰鞢韰骱齂齘齛齥
ㄒㄧㄠ	俏削叟呺呼咻哨哮唬啋嗃嘐嘮嘵囂宵庨憢捎揱搜撓枵梟梢橚櫹歊毊消潚瀟灱烋熇燆猇獟獢痚痟睄硝穘窙箾簫綃縿翛肖脩膮莦萷蕭藃虈虓蛸蟂蠨謞謼譊踃逍銷霄騷驍驕骹髇髐魈鴞鵁鷍
ㄒㄧㄠˇ	小曉皛筱篠簫謏轇
ㄒㄧㄠˊ	佼姣崤殽洨淆筊絞郩
ㄒㄧㄠˋ	俏傚哨哮嗃嘯奡孝恔效校殽涍漻澩熽爻狡笑肖芍茭薂詨較霄鷕
ㄒㄧㄡ	休修咻庥樇櫹烋煦羞脙脩臹茠蓨貅銝鎀饈髹鵂
ㄒㄧㄡˇ	宿朽滫潃糔
ㄒㄧㄡˊ	苬
ㄒㄧㄡˋ	嗅宿岫溴珛琇秀繡臭莠螑袖褎鏽
ㄒㄧㄢ	仙仚佡僊先嘕奾妗姍姺嬐孅屳廯忺憸掀揱搟攕暹杴枮氙珗祆秈綅縿纖薟蘞褼襳跣躚釤銑銛錟韱馦鮮鶱
ㄒㄧㄢˇ	仙冼尟嶮幰憲搟攇毨洒洗濂灑灦烍燹獫獮玁省禒禰筅蘚蜆譣赻跣軒銑鍌險韅顯鮮
ㄒㄧㄢˊ	伭咁咸唌啣嗛堿妶娹嫌嫻弦慊慳憪探撏涎溓澖玹癇盷瞷矣礥絃羬肩胘舷蚿蛝誸諴賢銜閑閒鰔鷳鷴鹹麙
ㄒㄧㄢˋ	俔僩埳壏姭娊寰峴憪憲捍搚撊晛槏涀溓瀗獻現睍硍筧粯糮綖線縣羡羨脅腺莧蜆見譀豏賢軒鋧錎鏾闞限陷霰顈顯餡鮮黹鼸
ㄒㄧㄣ	噷妡廞心忻新昕杺欣款歆炘盺芯莘薪訢辛鈊鋅鑫馨馫
ㄒㄧㄣˇ	伈
ㄒㄧㄣˊ	尋撢枔橝礥襑鐔鬵
ㄒㄧㄣˋ	信囟庍愖憖焮興舋芯釁阠
ㄒㄧㄤ	儴勷啍廂忀欀湘瓖相箱緗纕膷舡葙薌蘘襄鄉鑲香驤
ㄒㄧㄤˇ	亨享嚮想攘晑曏薌蠁鄉響餉饗饟鯗
ㄒㄧㄤˊ	庠洋瓨祥翔詳迒降
ㄒㄧㄤˋ	傢像向嚮姠巷曏樣橡潒相缿萫蟓衖襐象鄉銗鐌降項鬨鱌
ㄒㄧㄥ	垶嫈惺星煋狌猩瑆箵胜腥興蛵觲騂
ㄒㄧㄥˇ	擤省箵醒
ㄒㄧㄥˊ	侀刑型娙巠形洐滎熒研硎行邢鈃鉶鋞陘餳
ㄒㄧㄥˋ	倖姓婞幸性悻杏涬興荇莕行鋞
ㄒㄩ	于吁呼嘔噓圩墟姁嬃幁戌揟旴晇朐楈欨欻歔湑盱砉稰窢緰縃繻胥芋蓲蕦藇虛蝑訏諝謣鑐雩需須頊驉鬚魆魖
ㄒㄩˇ	冔呴咻喣姁暊栩湑滸珝稰糈胥訏許詡諿鄦醑
ㄒㄩˊ	余徐謳邪鉏
ㄒㄩˋ	休侐勖勗卹咻垿妶姐婿嶼序怴怵恓恤慉掝敘旭旮昫朐殈沀洫淢湑滀漵烅烼煦獝畜瞁瞲矞絮緒續芧蓄藇藚蚼規訹酗鉥銊馘鱮
ㄒㄩ˙	蓿
ㄒㄩㄝ	削哮疶蒆薛靴韡
ㄒㄩㄝˇ	雪鱈
ㄒㄩㄝˊ	噱壆學岤嶨澩燢穴袕觷踅鷽
ㄒㄩㄝˋ	吷怴決泧泬滈炔狘瞲血謔趐蹻
ㄒㄩㄢ	儇咺喧媗嬛宣愃愋懁揎擐昍昕晅暄暖梋烜煖狟瑄矎禤翾萱萲蓒蜎蝖蠉諠諼軒鋗鍹駽
ㄒㄩㄢˇ	咺喧撰晅烜癬選顈饌
ㄒㄩㄢˊ	儇妶嫙嬛懸旋泫滋漩玄玆玹琁璇璿瓊盤縣蜁還鏇
ㄒㄩㄢˋ	券揈旋昡楥楦泫洵涓渲澴炫煇玄玹琄眩眴矎絃絢絹縼蔙衒袨讂贙選鉉鏇鐶鞙
ㄒㄩㄣ	勛勳塤壎曛焄煇熏燻獯矄窨篔纁臐葷蔒薰醺
ㄒㄩㄣˊ	侚咰噚尋峋巡循恂悛揗撏攳旬栒洵潭潯灥燂燅燖爓珣璕眴紃絢荀蕁蟫蟳詢遁郇鄩馴鱘
ㄒㄩㄣˋ	侚噀壎孫巽徇愻梭殉汛洒浚潠濬熏狻稄筍蕈訊訓迅迿逡遜鑫
ㄒㄩㄥ	兄兇凶匈哅忷恟洶胸芎
ㄒㄩㄥˇ	昫
ㄒㄩㄥˊ	熊能赨雄
ㄒㄩㄥˋ	敻詗
ㄓ	之卮只吱媞戠指搘擲支智枝枳栺梔椥榰氏氐汁汥泜知祇祗禔秖秪稙織肢胑胝脂臸芝蘵蜘衹衼跂躓隻鳷
ㄓˇ	厎只咫址坁徵恉扺抵指旨枳栺止汦沚淽疻砥祁祇祉紙絺耆脂芷藢蚔衹觝趾軹酯阯黹
ㄓˊ	侄值埴執姪嬂慹戠拓指摭植樀樴殖淔犆瓡直縶職膱臷蟙贄跖蹠蹢躑酈馽
ㄓˋ	之乿伎偫傂制剬厔咥坁埃墆寘實峙帙幟庢庤廌彘志忮恃懥懫扻挃捗摨摯擲擳擿支昵晊晢智杝柣桎楖樲櫍櫛歭治泜洷滍滯潪瀄炙狾猘畤疐痔痣瘈知礩示祑秩秷稙稚窒紩緻織置翐胵膣至致薙虒蛭螲袟製覟觶誌識豸質贄跱踶蹛躓輊迣遲郅銍銴鋕鑕阤陟雉駤騭騺鳩鴙鶨鷙
ㄓㄚ	劄吒咋哳喳囃奓扎抯挓柤查楂樝渣溠潳皻紮蔖藸觰謯譇蹅齇齟
ㄓㄚˇ	厏扎扠插眨砟苲苴觰謯鮓
ㄓㄚˊ	偞劄喋扎擖札渫炸煠箑蚻譗軋鍘閘霅鞢鰈
ㄓㄚˋ	乍吒咋哆喥奓怍搾柞柵榨溠炸痄砟笮苲蚱蜡詐醡霅鮓齰
ㄓㄚ˙	喳
ㄓㄜ	嫬庶折蜇螫謶遮
ㄓㄜˇ	堵者褚褶赭鍺
ㄓㄜˊ	乇哲嘀囁悊慴慹折摺攝晢樀矺砓磔粍耷聑聶虴蜇蟄謫謺讋軼輒轍適陬馲鮿鷙
ㄓㄜˋ	斥柘浙淛潪蔗蟅這鷓
ㄓㄜ˙	著
ㄓㄞ	側嚌捚摘擿牴齊齋
ㄓㄞˇ	厏窄
ㄓㄞˊ	宅度擇檡翟
ㄓㄞˋ	債寨柴疵瘵砦祭簀豸責駘骴
ㄓㄟˋ	這
ㄓㄠ	啁嘲妱招昭晁朝炤皽盄著詔釗釽鉊鍣駋鳭
ㄓㄠˇ	找沼炤爪瑵菬蚤
ㄓㄠˊ	著
ㄓㄠˋ	佻兆召啅垗旐昭曌桃棹櫂淖濯炤照狣笊箌罩肇詔趙鮡
ㄓㄡ	侏侜倜僽周啁喌婤州徟掫洀洲淍珘皺盩粥縐翢舟調諏謅譸賙輈輖週銂騆鬻鵃
ㄓㄡˇ	帚扭睭肘胕舳鯞
ㄓㄡˊ	妯柚碡軸
ㄓㄡˋ	僽冑咒咮啄喙噣宙扭晝椆注甃皺祝籀紂紬縐繇育胄薵詶軸逐酎鈾駎騶驟
ㄓㄢ	亶占怗惉旃栴氈沾澶瞻站粘薝蛅襢詀詹譫邅霑餰饘驙魙鱣鳽鸇點
ㄓㄢˇ	儃嫸展嶄搌撣斬棧榐橏湔琖皽盞蹍輾醆颭黵
ㄓㄢˋ	佔偡占單孱嵁戰斬棧欃湛站綻蘸虥袒襢詀謙譧跕躔輚轏邅醮顫驏驙
ㄓㄣ	侲偵唇坫寊振揕斟枮桭椹楨榛樼湞溱滇潧獉珍瑧甄真砧碪禎禛稹箴籈胗臻葴蓁薽貞趁轃遉針鍖鍼鎮鱵鼎
ㄓㄣˇ	戡抮振枕沴畛疹眕稹紾縝縥胗袗裖診趁軫辴駗鬒黰
ㄓㄣˋ	侲唇圳填慎挋振揕敶朕栚桭榐瑱甄甽眹紖絼蜄誫謓賑酖鈂鎮陣陳震鴆黮
ㄓㄤ	傽嫜張彰慞暲樟漲漳獐璋章粻蟑遧鄣障騿鱆
ㄓㄤˇ	仉掌漲長鞝
ㄓㄤˋ	丈仗墇嶂帳幛張扙杖漲瘴瞕章粀脹賬鄣長障
ㄓㄥ	丁丞偵埥埩姃媜崝崢嶒征徵怔掙政朾正炡烝爭猙症癥眐睜禎箏篜糽綪聇脀蒸諍貞趟鉦錚鯖
ㄓㄥˇ	丞承拯掟撜整晸氶糽
ㄓㄥˋ	倀塣奠幀怔承政敞正氶浧爭町症瞠脀証諍證趟鄭
ㄓㄨ	之侏咮搊朝朱株楮櫧櫫洙瀦珠硃絑茱藷藸蛛蝫蠩袾誅諸豬跦邾銖騶鮢鴸
ㄓㄨˇ	主囑屬拄斗斸枓柱渚煮矚砫罜褚陼麈
ㄓㄨˊ	噣孎斀斸朮欘泏灟燭瘃磩窋竹竺笁筑築篴舳茁茿蓫蚰蠋蠾躅軸逐钃鱁鸀
ㄓㄨˋ	主予佇住助咮壴宁尌嵀庶杼柱柷樦櫡殶泞注澍炷疰眝砫祝祩筑箸築篫紵紸羜翥芧苧莇著蛀註貯跓跙軴逗鉏鉒鑄阻除馵駐麆
ㄓㄨㄚ	抓撾檛簻膼髽
ㄓㄨㄚˇ	爪
ㄓㄨㄛ	倬卓拙捉掇桌棳棹涿淖焯穛穱肫蝃蠿踔
ㄓㄨㄛˊ	剢勺卓啄啅啜噣圴彴捔擢斀斫斮斲杓梲椓櫡汋浞涿準濁濯灂灼焯燋琢矠禚箸篧籗繳罬茁著蓔蕞藋蠗諑謶趠趵蹠躅酌鐲鵫鷟
ㄓㄨㄞ	拽
ㄓㄨㄞˇ	跩轉
ㄓㄨㄞˋ	拽
ㄓㄨㄟ	揣椎箠萑追錐隹騅鵻
ㄓㄨㄟˇ	沝
ㄓㄨㄟˋ	倕垂墜娷惴槌甀畷硾綴縋腏膇致諈贅轛醀醊錣鎚鑆隊隧餟
ㄓㄨㄢ	剸塼嫥專恮摶湍漙瑼磚篿耑膞蟤諯鄟顓鱄
ㄓㄨㄢˇ	膞轉
ㄓㄨㄢˋ	傳僎僝剸囀巽摶撰沌瑑篆篹簨縳腞譔賺轉饌
ㄓㄨㄣ	啍宒屯忳淳盹窀純肫胗訰諄踆迍
ㄓㄨㄣˇ	准埻敦淳準稕純綧
ㄓㄨㄣˋ	旽甽稕綧訰飩
ㄓㄨㄤ	壯妝庄梉樁湷莊裝
ㄓㄨㄤˇ	奘
ㄓㄨㄤˋ	僮壯幢憧戇撞焋狀獞艟贛
ㄓㄨㄥ	中伀妐彸忠忪柊橦潼炂盅童籦終舂舯蔠蚣蝩螤螽衷鈆鍾鐘鼨
ㄓㄨㄥˇ	冢塚尰煄种種穜腫董踵
ㄓㄨㄥˋ	中仲偅堹狆眾祌种種穜緟蟲衶衷踵重
ㄔ	吃哧喫嗤噭媸抬摛摴攡樆瓻痴癡眵瞝离笞絺胝胵蚩蚳螭誺郗離魑鴟黐齝
ㄔˇ	侈呎哆奓尺恥扡拖拸搋欼移紕胣蚇袲褫誃豉鉹齒齣
ㄔˊ	匙坻墀她弛徲持提柢歭池沱沶治泜漦狋祇箈箎篪耛茌茬荎莉蚳蛇蝭謘謻貾趍跢踟踶軧迡遲鍉馳驪鶗
ㄔˋ	佁傺剟叱呬哆啻喜嘯彳懘抶拆捇敕斥柅湁滯熾痸瘈瘛眙翅翨誃赤趐跅跮踅迣遫鉓飭飾饎騺鳷鶒鷘
ㄔ˙	麶
ㄔㄚ	偛叉喳嗏嚓差扠扱捷接插杈疀碴臿艖荖釵鍤鎈
ㄔㄚˇ	叉土衩蹅
ㄔㄚˊ	叉垞察捈搽斜查梌楂槎碴秅苴茬茶荼鉏
ㄔㄚˋ	侘叉奼岔差杈汊紁衩詫
ㄔㄜ	硨莗車
ㄔㄜˇ	奲尺扯撦
ㄔㄜˋ	呫喢坼宅屮徹拆掣揊摰撤斥池澈烢硩詀謵迠
ㄔㄞ	差扠拆搓釵
ㄔㄞˊ	儕喍查柴祡茈豺齜
ㄔㄞˋ	囆差瘥蔕蠆袃
ㄔㄠ	剿劋勦吵嘮弨怊抄摷樔焯紹綽訬超鈔
ㄔㄠˇ	吵抄槱炒焣眧訬謅超趫鈔
ㄔㄠˊ	勦嘲巢晁朝樔漅潮濤牊窲罺轈鄛
ㄔㄠˋ	吵巢抄晁縐耖超趠
ㄔㄡ	妯婤抽掫揄搊牰犨瘳眣篘紬謅跾
ㄔㄡˇ	丑偢吜媿扭杻杽瞅醜鈕
ㄔㄡˊ	仇儔圳嬦幬怞惆愁懤擣栦椆檮燽畤疇盩稠籌紬絒綢菗薵裯詶譸讎躊酬雔鯈
ㄔㄡˋ	殠溴簉臭
ㄔㄢ	佔兔嘽嚵幨摻攙梴沾緂苫裧襜襝覘辿鉆鋓
ㄔㄢˇ	丳僤剷單嘽囅墠嵼幝憚旵榐滻灛燀產簅繟蕆諂譂辴鏟闡
ㄔㄢˊ	亶僝僤儃儳劖厘單嚵嬋嬗孱嶄巉廛撣棎欃毚湹漸潺澶瀍瀺煘獑磛禪繟繵纏艬螹蟬蟺蟾襢讒蹍躔辿酁鋋鑱饞
ㄔㄢˋ	儳幝幨忏懺摲燀羼裧襜讖顫
ㄔㄣ	侲嗔抻捵棽琛瘨瞋綝縝肜胂諃謓賝郴
ㄔㄣˇ	堪墋湛眈磣贂踸鍖
ㄔㄣˊ	填塵宸帘忱愖揨晨枕桭梣棧樄橙沈沉湛煁臣茞莐蔯螴諶趁跈辰鈂陳鷐麎
ㄔㄣˋ	儭嚫櫬瀋疢疹稱襯讖趁闖齔
ㄔㄣ˙	傖
ㄔㄤ	倀倡娼昌淐猖琩菖裮錩閶闛鯧鼚
ㄔㄤˇ	儻厂場廠惝敞昶氅淌鋹
ㄔㄤˊ	仩倘償嘗嚐場嫦尚常徜棖脹腸萇裳鋿長鱨
ㄔㄤˋ	倡唱悵昌暢淌瑒韔鬯
ㄔㄥ	偁噌搶撐朾棦棱槍樘橕橖檉浾湞牚琤瑲睖瞠秤稱竀虰蟶赬蹚鎗鏿鐺饓
ㄔㄥˇ	呈庱悜裎踜逞騁
ㄔㄥˊ	丞乘倀傖呈嗆城埕埩塍宬峸嵊徵懲成承掁搶撜晟朾棖橙氶浧淨溗澂澄珵盛盯碀程脀脭荿裎觕誠趟郕郢酲醒鋮騬
ㄔㄥˋ	敞牚秤稱竀黨
ㄔㄨ	出初嘔摴樗貙踰齣
ㄔㄨˇ	儲杵楚楮檚濋礎處褚鸀
ㄔㄨˊ	儲助媰幮廚櫥涂滁犓篨耡芻著蒢藸蜍蠩諸趎跦躇躕鉏鋤除雛鶵
ㄔㄨˋ	亍俶儊埱怵慉搐敊斶柷歜淑滀珿琡畜矗硫祝絀絮臅菆蓫處觕触觸詘諔豖踀鄐鸀黜
ㄔㄨㄚ	撮欻
ㄔㄨㄛ	戳跿踔逴
ㄔㄨㄛˋ	促吷啜嚽娕娖婥婼孎惙拺擉斫歠淖焯磭箹簇綴綽腏荃蔟趠趵踔踱躇輟逴醛錣鏃齪齱
ㄔㄨㄞ	揣搋
ㄔㄨㄞˇ	揣
ㄔㄨㄞˊ	腄膗
ㄔㄨㄞˋ	啐啜嘬揣欼踹
ㄔㄨㄟ	吹炊
ㄔㄨㄟˊ	倕圌垂捶搥棰椎槌箠腄菙郵錘鎚陲鬌魋
ㄔㄨㄟˋ	吹惙
ㄔㄨㄢ	川氚猭瑏穿釧
ㄔㄨㄢˇ	喘惴歂膞舛荈踳踹
ㄔㄨㄢˊ	傳圌團掾暷椯椽歂舡船輲遄
ㄔㄨㄢˋ	串丳汌猭玔穿賗釧鶨
ㄔㄨㄣ	媋春暙杶椿楯槆橁芚踳輇輴鰆鶞
ㄔㄨㄣˇ	偆惷春朐萶蠢賰踳
ㄔㄨㄣˊ	唇沌淳漘犉純肫脣膞蓴醇錞鯙鶉
ㄔㄨㄤ	創戧摐瘡窗舂
ㄔㄨㄤˇ	傸愴漺磢闖
ㄔㄨㄤˊ	幢床朣橦
ㄔㄨㄤˋ	倉凔刱創愴
ㄔㄨㄥ	偅傭充忡憃憧樁橦沖浺涌潼珫盅祌罿翀舂艟茺衝蹖
ㄔㄨㄥˇ	寵衝
ㄔㄨㄥˊ	崇爞痋种種緟茧虫蝩蟲酮重隀
ㄔㄨㄥˋ	僮揰衝銃
ㄕ	厔失尸屍師施湤溮溼濕灑獅箷篩絁葹蓍虱蝨褷襹訑詩邿釃鉈鰤鳲鶳
ㄕˇ	使史始屎彖斯施狶痑矢豕駛
ㄕˊ	什十堤塒姼寔實拾提時榯汁湜溡石示祏蒔蝕識鉐食鰣鼫鼭
ㄕˋ	世事仕似侍勢咶唑嗜噬埶士奭媞室寺屍峙崼市式弒徥忕忯恀恃惿戺拭挈揓是柿栻楴檡殖殺氏沶液澤澨烒畤示筮簭繹耆肢舍舐蒔螫褆襫視觢試誓諟諡謚識豉貰赫跩踶軾适逝遞適遰遾郝醳釋鈰鉽銴鍉鎩飭飾齛
ㄕ˙	匙殖
ㄕㄚ	剎唦挲摋杉樧殺沙煞猀痧砂硰紗莎蔱裟賒鎩閷魦鯊
ㄕㄚˇ	傻
ㄕㄚˊ	啥
ㄕㄚˋ	哈唼啑啥喢嗄噎廈接攝歃沙濈煞箑翜翣菨萐霅霎
ㄕㄚ˙	繌
ㄕㄜ	奓奢檨猞畬賒輋
ㄕㄜˇ	捨舍
ㄕㄜˊ	佘折抴揲碟磼舌蛇蛞邪鉈闍鞨
ㄕㄜˋ	厙射慴懾拾挕摵攝歙涉涻灄睫社聶舍葉蔎蠂設赦韘騇麝
ㄕㄞ	篩簁諰釃
ㄕㄞˇ	摋繺色
ㄕㄞˋ	攦晒曬殺閷
ㄕㄟˊ	誰
ㄕㄠ	弰捎旓梢溲燒稍筲綃艄莦萷蕱蛸輎鞘髾鮹
ㄕㄠˇ	少捎搜髾
ㄕㄠˊ	勺招杓玿芍苕韶
ㄕㄠˋ	削劭卲召哨少捎梢潲燒燿睄稍笤紹艄袑邵髾
ㄕㄡ	收敊
ㄕㄡˇ	守手掱艏首
ㄕㄡˊ	熟
ㄕㄡˋ	受售壽守授濤狩獸瘦綬
ㄕㄢ	刪剼埏姍山幓扇挻搧摻杉柵櫼潸烻煔煽狦猭珊痁穇笘縿纔羶膻舢芟苫葠蔪衫襂襳跚釤顫髟
ㄕㄢˇ	摻晱煔睒覢閃陝顃
ㄕㄢˋ	僤儃儋剡善單墠墡壇嬗扇掞撣擅擔攙樿檀汕潬澹灗疝禪繕膳苫蟬蟺訕謆贍赸鄯釤騸鱔鱣
ㄕㄣ	伸侁信兟參呻堔妽姺娠嫀屾峷幓抻搷柛棽氠深燊珅甡申眒砷神籸糝紳綝胂莘葠蔘詵身震駪鯓
ㄕㄣˇ	哂嬸審抌曋棯槮沈淰瀋瞫矧覾諗讅邥
ㄕㄣˊ	什甚神
ㄕㄣˋ	侺慎椹湛滲甚瞋祳罧胂脤腎葚蜃蜄鋠黮
ㄕㄤ	傷商場愓殤湯漡熵禓蔏螪觴謪踼鬺
ㄕㄤˇ	上晌曏賞
ㄕㄤˋ	上尚恦蠰鞝
ㄕㄤ˙	裳
ㄕㄥ	升呏姓昇泩湦焺牲狌生甥笙聲胜鉎陞鵿鼪
ㄕㄥˇ	偗冼渻省眚箵
ㄕㄥˊ	憴澠繩譝鱦
ㄕㄥˋ	丞乘剩勝圣媵嵊晟甸盛繩聖胜貹賸
ㄕㄨ	俶倏儵叔姝娶悆抒捈揄攄書朱杸梳樞橾殊殳毹氀淑焂瑹疋疏紓紵綀翛舒荼菽蔬豫跾軗輸透鄃陎除鮛鵨
ㄕㄨˇ	屬數暑曙潻癙稌籔糬署蔬薯藪藷蜀襡襩鐲黍鼠
ㄕㄨˊ	售塾婌孎孰熟秫蠾贖
ㄕㄨˋ	俞咰嗽墅尌庶怷恕戍數朮束杼樹沭涑漱潏澍腧虪術裋謶豎贖輸述野鉥鏣隃鶐鷸
ㄕㄨㄚ	刷唰涮選
ㄕㄨㄚˇ	耍
ㄕㄨㄚˋ	刷唆
ㄕㄨㄛ	說
ㄕㄨㄛˊ	杓
ㄕㄨㄛˋ	勺嗍嗽妁揱搠數朔槊欶汋洬溯濯燿爍獡療碩箾萷蒴藥鎙鑠
ㄕㄨㄞ	摔綏縗衰
ㄕㄨㄞˇ	甩
ㄕㄨㄞˋ	帥率蟀
ㄕㄨㄟˇ	水
ㄕㄨㄟˊ	脽誰
ㄕㄨㄟˋ	娷帨涗睡稅裞
ㄕㄨㄢ	拴栓閂
ㄕㄨㄢˋ	專栓槫汕涮踹
ㄕㄨㄣˇ	吮楯盾輴
ㄕㄨㄣˋ	俊巡恂眴瞚瞬舜蕣順鬊
ㄕㄨㄤ	孀孇瀧爽礵艭雙霜驦鷞
ㄕㄨㄤˇ	傱塽慡樉漺爽縔鷞
ㄕㄨㄤˋ	淙灀
ㄖˋ	日鈤馹
ㄖㄜˇ	喏惹若
ㄖㄜˊ	捼若
ㄖㄜˋ	偌渃熱若
ㄖㄠˇ	嬈扰擾繚繞隢
ㄖㄠˊ	嬈橈犪蕘襓饒
ㄖㄠˋ	撓穘繞蟯遶
ㄖㄡˇ	楺煣葇蹂輮韖
ㄖㄡˊ	厹媃揉柔煣禸粈糅葇蝚蹂輮鍒鑐鞣騥髳鰇鶔
ㄖㄡˋ	楺肉莥
ㄖㄢˇ	冉姌染橪熯珃苒
ㄖㄢˊ	呥柟然燃蚺袡髯
ㄖㄣˇ	忍栠棯涊稔荏荵銋
ㄖㄣˊ	人仁任儿壬妊芢銋鵀
ㄖㄣˋ	仞任刃妊屻忍恁牣紉紝肕腍葚衽訒認軔韌飪
ㄖㄤ	嚷
ㄖㄤˇ	嚷壤忀攘爙穰纕蠰
ㄖㄤˊ	儴勷孃瀼獽瓤禳穰蘘躟鑲鬤
ㄖㄤˋ	懹攘欀瀼讓
ㄖㄥ	戎扔
ㄖㄥˊ	仍礽穰耳艿陾
ㄖㄥˋ	扔艿
ㄖㄨˇ	乳女擩汝辱鄏
ㄖㄨˊ	侞儒咮嚅如嬬孺帤挐曘檽洳溽濡燸獳筎繻臑茹蒘蕠薷蝡蠕袽襦醹銣鑐需鴽
ㄖㄨˋ	入嗕媷擩月洳溽縟肉蓐褥
ㄖㄨㄚˊ	挼
ㄖㄨㄛˊ	挼捼撋
ㄖㄨㄛˋ	偌婼弱惹楉渃溺爇箬篛芮若蒻鄀鶸
ㄖㄨㄟˇ	惢橤繠蕊
ㄖㄨㄟˊ	婑撋桵綏緌蕤踒
ㄖㄨㄟˋ	叡枘汭瑞睿芮蚋鈉銳鏸
ㄖㄨㄢˇ	朊檽濡燸瓀礝緛耎蝡軟阮需
ㄖㄨㄢˊ	堧壖撋擩
ㄖㄨㄢˋ	緛
ㄖㄨㄣˊ	撋
ㄖㄨㄣˋ	橍潤閏
ㄖㄨㄥ	茸
ㄖㄨㄥˇ	傇冗氄縟茸軵隔
ㄖㄨㄥˊ	傛媶嫆容嶸巆戎榕榮榵毧氄溶瀜烿熔爃狨瑢絨羢肜茙茸蓉融蠑褣軵鎔頌駥髶
ㄗ	仔吱呲咨姿孖孜孳崰嵫栥椔次淄滋澬玆璾甾疵秶粢紎純緇芓茲菑薋觜訾諮貲資趑載輜鄑鈭錙鎡髭鯔鶅鼒齊齍齜
ㄗˇ	仔吇呰姊子杍梓沝泚滓矷秭笫籽紫耔胏芓茈訾訿跐釨鋅
ㄗˊ	蓻
ㄗˋ	事倳剚姿字恣柴漬牸眥穧胔胾自芓菑資輜
ㄗ˙	子
ㄗㄚ	匝咂啑嘁噈扎拶灒紮臢鉔
ㄗㄚˇ	咋咱囃
ㄗㄚˊ	偺咱啈啐喒囋砸磼雜雥
ㄗㄚˋ	喒
ㄗㄜˊ	則咋唶嘖幘措擇柞樍澤灂睪矠笮簀舴葃蘀蠌襗謫謮責賾迮鸅齰
ㄗㄜˋ	仄側崱庂廁捑昃稄稷
ㄗㄜ˙	伬
ㄗㄞ	哉才栽渽災甾菑賳載
ㄗㄞˇ	仔宰崽載
ㄗㄞˋ	再在栽縡載酨
ㄗㄟˊ	蠈賊鯽
ㄗㄠ	傮槽糟蹧遭
ㄗㄠˇ	早棗澡璅璪繅繰藻蚤
ㄗㄠˊ	鑿
ㄗㄠˋ	喿噪慥灶煰燥皁皂窖簉草譟趮躁造鑿
ㄗㄡ	偢掫棷棸緅芻菆諏趣郰鄒鄹陬騶鯫黀齱齺
ㄗㄡˇ	搊走
ㄗㄡˋ	奏媰揍族楱
ㄗㄢ	篸簪糌臢鐕
ㄗㄢˇ	儹喒噆寁拶揝攢昝簪趲
ㄗㄢˊ	偺咱喒
ㄗㄢˋ	囋攢暫涔淺湔濺灒瓚禶讚贊蹔酇鏨饡
ㄗㄢ˙	偺咱喒
ㄗㄣˇ	怎
ㄗㄣˋ	僭譖
ㄗㄤ	戕牂臧藏贓髒
ㄗㄤˇ	駔髒
ㄗㄤˋ	奘臟臧葬藏
ㄗㄥ	增憎曾橧璔矰磳縡繒罾鄫
ㄗㄥˇ	鬷
ㄗㄥˋ	增甑綜繒贈
ㄗㄨ	姐怚柤砠租苴菹葅蒩趲鉏
ㄗㄨˇ	俎岨柤沮珇祖組詛謯阻靻駔
ㄗㄨˊ	倅傶卒哫啐嘁崒族槭淬箤綷足踤踿蹴鉐鏃鑿
ㄗㄨˋ	駔
ㄗㄨㄛ	作嘬
ㄗㄨㄛˇ	佐左撮繓
ㄗㄨㄛˊ	作捽昨柮椊琢砟稓笮筰苲莋
ㄗㄨㄛˋ	乍作侳做唑坐岝座怍挫柞祚胙葃葄迮酢醋鑿阼
ㄗㄨㄟ	厜嗺堆嫢朘纗羧脧
ㄗㄨㄟˇ	咀嗺嘴噿嶉嶊嶵濢璻觜
ㄗㄨㄟˋ	摧撮晬最檇檌欈睟祽絊罪蕝蕞酨醉鋷雋
ㄗㄨㄢ	劗撮攢躦鑽
ㄗㄨㄢˇ	篹籫纂纘
ㄗㄨㄢˋ	揝攥欑賺鑽
ㄗㄨㄣ	僎墫壿奠尊嶟樽繜跧踆蹲遵鐏鱒鷷
ㄗㄨㄣˇ	僔噂撙譐
ㄗㄨㄣˊ	蹲
ㄗㄨㄣˋ	拵捘捽栫瀳袸銌鱒
ㄗㄨㄥ	倧宗嵕從惾朡棕樅熧猣稯綜總翪艐蝬豵蹤鍐騣鬃鬷
ㄗㄨㄥˇ	傯從摠熜稯縱總蓗蓯
ㄗㄨㄥˋ	從昮瘲粽綜縱錝
ㄘ	偨刺呰呲嵯差柴玼疵縒蠀趀跐骴髊齹
ㄘˇ	佌此泚玼皉茈跐鮆
ㄘˊ	司呲堲嬨慈柌次滋澬濨瓷磁祠粢胔茈茨茲薋薺詞辭鈶雌飺餈鶿
ㄘˋ	伺佽刺庛廁措朿栜栨次絘茦莿蚝蛓螅賜趑
ㄘㄚ	嚓拆擦攃蔡
ㄘㄚˇ	礤礸
ㄘㄚˋ	囃磣
ㄘㄜˋ	側冊幘廁惻憡拺測畟策筴簎粣萴蓛赦齰
ㄘㄞ	偲啋揌猜
ㄘㄞˇ	啋埰婇寀彩採睬綵跴踩采
ㄘㄞˊ	才扐材纔裁財
ㄘㄞˋ	埰寀棌縩菜蔡采
ㄘㄠ	操澡糙造
ㄘㄠˇ	屮慅懆艸草騲
ㄘㄠˊ	傮嘈嶆慒曹槽漕艚螬鐰
ㄘㄠˋ	慥漕肏襙造鄵鼜
ㄘㄡ	楱
ㄘㄡˇ	趣趨
ㄘㄡˋ	奏揍族湊簇腠蔟藪輳
ㄘㄢ	參囋嬠嵾餐驂
ㄘㄢˇ	噆慘憯朁穇篸縿黲
ㄘㄢˊ	慚戔摲殘淺蚕蠶蹔
ㄘㄢˋ	參孱摻澯燦璨粲鏒
ㄘㄣ	參嵾穇篸
ㄘㄣˊ	岑梣涔笒
ㄘㄤ	倉傖凔嵢滄獊瑲艙蒼鶬
ㄘㄤˇ	蒼
ㄘㄤˊ	臧藏鑶
ㄘㄥ	噌
ㄘㄥˊ	僧增層嶒曾橧繒蹭鄫驓
ㄘㄥˋ	蹭
ㄘㄨ	怚粗蔍觕麆麤
ㄘㄨˇ	皻蔖
ㄘㄨˊ	且徂殂
ㄘㄨˋ	促卒噈娕娖憱戚捽槭猝瘯簇縐蔟趣趥趨踀踓踤踧蹙蹴酢醋錯顣鼀
ㄘㄨㄛ	差搓撮最營玼瑳磋蹉遳醝髊
ㄘㄨㄛˇ	搓脞醝
ㄘㄨㄛˊ	嵯澨痤瘥矬蒫蔖躦酇鹺齹
ㄘㄨㄛˋ	剉剒厝夎挫措摧斮昔棤縒莝蓌銼錯
ㄘㄨㄟ	催凗墔崔嶉慛摧榱漼磪縗衰鏙隹
ㄘㄨㄟˇ	洒漼璀繀趡
ㄘㄨㄟˋ	体倅卒啐察崒悴椊毳淬濢焠瘁竁粹綷翠脆脺膬膵萃踤
ㄘㄨㄢ	攛汆竄躥鋑
ㄘㄨㄢˊ	僔巑攢欑灒菆蹲
ㄘㄨㄢˋ	爨窾竄篡
ㄘㄨㄣ	墫村皴踆
ㄘㄨㄣˇ	刌寸忖蹲
ㄘㄨㄣˊ	存拵洊浚踆蹲
ㄘㄨㄣˋ	吋寸籿
ㄘㄨㄥ	匆囪從暰棇樅熜瑽璁瞛窗總聰蓯蔥蟌鏦驄
ㄘㄨㄥˊ	叢婃孮徖從悰慒欉淙漎潀琮縱菆藂賨
ㄘㄨㄥˋ	藂謥
ㄙ	俬偲傂凘司嘶廝徙思撕斯析楒榹泀澌磃禗禠私糸絲緦罳菥蕬虒蜤螄螔蟴謕鉰鍶颸鷥麗鼶
ㄙˇ	偲死
ㄙˋ	以伺似佁俟儩兕台司嗣四姒寺已巳柶梩汜泗洍涘祀祠笥耜肂肄肆蕼覗貄鈶雉食飴飼駟騃
ㄙ˙	廁
ㄙㄚ	仨挲撒
ㄙㄚˇ	撒攃洒灑纚躠靸鞈
ㄙㄚˋ	卅摋殺泧蔡薩趿鈒鎝鏾隡霅颯馺
ㄙㄜˋ	嗇塞寨廧愬拺栜槭泣溹漬澀濇濏瑟璱穡粣色薔虩譅轖鉍銫鎍鎩鏼闟飋
ㄙㄞ	塞思揌毢毸腮鰓
ㄙㄞˋ	僿塞賽
ㄙㄠ	哨慅懆搔橾溞縿繅繰臊鄵颾騷鱢
ㄙㄠˇ	埽嫂掃騷
ㄙㄠˋ	哨埽懆掃搔梢氉燥瘙矂臊鐰
ㄙㄡ	叟嗖廋搜敕涑溲潚獀艘蒐鄋醙鎪颼颾餿騪
ㄙㄡˇ	叟嗾擻族棷溲瞍籔藪謏
ㄙㄡˋ	嗖嗽搜擻欶謏
ㄙㄢ	三參散毿糝蔘鬖
ㄙㄢˇ	傘參散糝繖蔘鏒鏾霰
ㄙㄢˋ	帴散閐鬖
ㄙㄣ	摻森槮滲襂
ㄙㄣˇ	洒
ㄙㄤ	喪桑纕
ㄙㄤˇ	嗓搡磉褬鎟顙
ㄙㄤˋ	喪
ㄙㄥ	僧鬙
ㄙㄨ	卹囌捽櫯甦穌窣蘇酥
ㄙㄨˊ	俗
ㄙㄨˋ	傃僁僳嗉嗖埣塑夙嫊宿愫愬憟搬摵梀棴榡樕橚泝洬涑溯潚玊簌粟素縤縮肅膆莤蓿蔌藗觫訴謖蹜速鋉餗驌鱐鷫
ㄙㄨㄛ	些傞唆嗍嗦娑戲抄挲摍桫梭沙犧獻簑縮羧莎莏蓑衰趖逡魦
ㄙㄨㄛˇ	嗩娑惢所溹瑣璅索縒葰鎈鎍鎖霍靃
ㄙㄨㄛˋ	些娑歲溹逤
ㄙㄨㄛ˙	嗦
ㄙㄨㄟ	倠哸嗺娞尿挼撋毸浽滖濉眭睢綏縗荽荾莎葰蓑雖
ㄙㄨㄟˇ	瀡靃髓
ㄙㄨㄟˊ	綏遂遺陏隋隨
ㄙㄨㄟˋ	埣彗旞檖歲燧璲睟碎祟禭穗穟篲粹繀繐繸脺襚誶賥遂邃鏸鐆鐩隊隧
ㄙㄨㄢ	狻痠酸
ㄙㄨㄢˇ	匴篹
ㄙㄨㄢˋ	撰筭算蒜選
ㄙㄨㄣ	孫搎槂猻蓀蕵薞飧餐
ㄙㄨㄣˇ	扻損栒榫筍簨跣鎨隼
ㄙㄨㄣˋ	潠
ㄙㄨㄥ	倯娀崧嵩忪松棇淞濍硹菘蘴蜙鍶鬆
ㄙㄨㄥˇ	傱嵷悚愯慫漎竦聳蓯駷
ㄙㄨㄥˊ	鬆
ㄙㄨㄥˋ	宋訟誦送頌鬆
ㄚ	呵啊腌錒阿
ㄚˇ	呵啊阿
ㄚˊ	呵啊嗄
ㄚˋ	呵啊阿
ㄚ˙	呵啊嗄阿
ㄛ	喔噢
ㄛˇ	嚄
ㄛˊ	哦
ㄛˋ	哦喔
ㄛ˙	喔
ㄜ	匼婀屙猗痾阿
ㄜˇ	厄噁婀惡枙椏玀閜阿
ㄜˊ	佮俄偽叱吪哦囮娥峨涐珴皒睋硪莪蒍蛤蛾訛迗鋨額魤鵝
ㄜˋ	亞侉匎厄呃咢啈啊啐啞噩埡堊堨堮姶娾媕岋峉崿庵廅惡愕扼搕搤搹曷枙櫮歞歹洝痷砐砨砵胺萼蘁蚅蝁詻諤豟軛軶輵遏遻邑鄂鍔鑩閼阨隘頞顎餓餩鬲鱷鴳鶚齃齶齾
ㄜ˙	呃
ㄝ	欸誒
ㄝˇ	欸誒
ㄝˊ	欸誒
ㄝˋ	欸誒
ㄞ	剴哀哎唉噯埃娭挨捱欸溾諰
ㄞˇ	乃佁唉噫噯奇娾昹欸毐濭烠矮藹謁譪靄鯦
ㄞˊ	呆啀娾挨捱敳溰獃癌皚磑隑騃
ㄞˋ	乂僾儗呃唉嗌噯堨壒嬡愛曖欬焥璦礙艾薆譺賹醷鑀閡阨隘靉餲鴱
ㄟ	欸誒
ㄟˇ	欸誒
ㄟˊ	欸誒
ㄟˋ	欸誒
ㄠ	凹坳柪棍泑熝熬爊眑鴢
ㄠˇ	媼拗眑芺蝹襖郩镺
ㄠˊ	傲嗷囂墽廒摮敖滶熬獒璈磝磽礉翱聱蔜螯謷遨鏕鏖隞鰲鼇
ㄠˋ	傲噢坳墺奡奧岰嶴懊扷拗擙敖柪澆澳燠薁謷鏊隩驁
ㄡ	區吽嘔慪摳敺樞櫙歐毆漚熰甌紆蓲藲謳醧鏂鷗
ㄡˇ	偶吘嘔歐澫甌耦腢蕅藕遇
ㄡˊ	齵
ㄡˋ	嘔慪握渥漚熰
ㄡ˙	嘔
ㄢ	侒厂啽垵媕安峖庵桉氨痷盒盦腤菴萻裺諳鉗闇陰鞍韽馣鴳鵪黯
ㄢˇ	侒俺匼唵垵晻碪銨闇
ㄢˊ	儑啽犴玵雸
ㄢˋ	儑婩岸干按晻暗案桉洝犴胺荌豻錌闇頇頞黯
ㄣ	奀恩
ㄣˇ	嗯峎
ㄣˊ	哽唔嗯
ㄣˋ	哏嗯摁饐
ㄤ	肮腌醃骯
ㄤˊ	仰卬昂
ㄤˋ	盎醠
ㄥ	鞥
ㄦˇ	嬭尒栮毦洱爾珥耳薾邇鉺餌駬
ㄦˊ	侕儿兒咡唲峏栭洏濡而耏聏胹臑荋輀陑陾鮞鴯
ㄦˋ	二佴刵咡樲衈貳鉺髶
ㄦ˙	儿
ㄧ	一伊依倚億咿噫壹嫛崎意懿戲揖椅檹欹毉洢漪犄猗瑿禕稦繄蛜衣褘詑郼醫銥鷖黝黟黳
ㄧˇ	乙以佁依倚偯奇尾崺嶬已巳扆扡掎敼旖椅檥歖汽猗矣硪礒綺臆艤苡蛾螘蟻譺踦轙迆迤酏醫醷釔鉯錡钀陭雉靉顗鳦齮
ㄧˊ	一也佗侇儀儗匜台听咦圯坨夷姨姬媐它宜宧寲峓嶬嶷异彝怠怡恞戺拸搋暆杝柂栘桋椸沂沶焉熙熪狋珆瓵疑痍眙礙移箷簃維羠羡義耛胰荑萓蛇蛦螔衪袘觺訑詑詒誃謻譺貤貽跠迆迤迻遺酏鉈銕鏔阤頤顊飴鸃
ㄧˋ	一乂乙亄亦仡伿佚佾俋億儗刈劓劮勩印厭唈喦嗌噎噫囈圛圪垼埶埸墿夕失奕嫕寱射屹嶧帟帠廙异弈弋役忔悒意憶懌懿抑挹掜搤擇斁施易昳晹曀杙枍枻栺槷槸樴檍欥欭殔殪毅泄泆洩洫浂浥渫溢潩澤澺瀷焱焲熠熤熼燚燡燱玴異疙疫瘞瘱益睪移紲絏縊繄繶繹羛義羿翊翌翳翼耴肄肊膉臆艗艾芅蓺薏藙藝蘙蜴衣衵袂袘裔裛襗襼詍詣誒誼謚譯議譺豷貤賹贀跇踦軼輗迭逸邑醳醷釋釴鎰鐿阣陭隿霅霬靾食饐驛鮨鶂鷁鷊鷖鷾黓齸
ㄧㄚ	丫亞厭呀啞埡壓婭孲押枒椏烏錏閘雅鴉鴨鵪
ㄧㄚˇ	厊啞婭庌掗疋蕥雅鴉
ㄧㄚˊ	伢吾堐岈崖庌枒涯牙玡琊睚芽蚜衙邪雅齖
ㄧㄚˋ	亞呾圔圠埡堊壓姶婭御掗揠札枒椻歇氬浥潝牙犽猰玡砑碣磍穵窫聐襾訝軋輅輵迓錏齖齾
ㄧㄚ˙	呀
ㄧㄛ	唷喲育
ㄧㄛ˙	喲
ㄧㄝ	噎掖暍枒椰洇窫耶蠮饐
ㄧㄝˇ	也冶埜墅漜蠱野
ㄧㄝˊ	揶擨斜涂爺耶荼邪餘
ㄧㄝˋ	偞咽喝堨夜射嶪抴拽捙掖揲擖擛擫曄曳楪業歋殕殗液澲焆煠熀燁瓛痷瞱聶腋葉謁鄴鍱鎑鐷靨頁饁黦
ㄧㄠ	么吆咬喓夭妖宎徼撽殀玅由祅約腰葽要訞邀
ㄧㄠˇ	偠咬嚙嬈宎岆抭杳柼榚溔眑穾窅窈窔舀苭葽蓔要騕鴢鷕
ㄧㄠˊ	佻傜僥匋嗂垚堯姚媱崤嶢徭恌愮揄搖摿榣殽洮淫烑爻猶猺珧瑤窯繇肴蕘謠踰軺遙銚陶隃顤颻餚鰩鷂
ㄧㄠˋ	姚幼怮愮曜樂瀹燿獟瘧穾窈窔窯筄箹約耀艞葯藥袎要覞詏趯銚鑰靿颻驁鷂
ㄧㄡ	优優呦嚘幽怮悠憂懮攸櫌泅泑瀀獶纋耰逌鄾麀
ㄧㄡˇ	卣友坳庮懮戭有栯楢槱牖羑聈脩苃莠蚴酉銪黝
ㄧㄡˊ	优偤冘尢尤庮怞揂揄斿朓柚楢沋油浟游猶猷由疣秞繇聱莤蕕蚘蚰蝣蝤訧輶逌遊郵鈾魷鯈
ㄧㄡˋ	佑侑又右囿姷宥峟幼扰有柚油牰狖疣痏祐蚴褎誘貁迶釉鼬
ㄧㄡ˙	蒏
ㄧㄢ	偣傿厭咽奄嫣嬮崦弇懨橪殗殷洇淊淹湮漹焉煙燕珚胭腌臙菸蔫郾鄢醃閹閼黫黰
ㄧㄢˇ	偃儼兗剡匽厭厴喭噞嚴奄媕嬐孍嵃嶮巘庵弇愝戭扊抁掞掩揜晻曮棪椼沇沿淊淹渰演琰瓛甗眼礹縯罨菴萒蝘衍裺褗覃躽郾酀酓錟閻阭隒靨顩魘鰋鶠黤黭黶鼴齗齞齴龑
ㄧㄢˊ	厂唌嚴埏壛壧妍娮孍岩嵒巖巡延挻揅楌檐氤汧沿炎狠狿癌研碞礹筵簷綖羡羬芫莚薟虤蜒衍言贗趼郔鉛鋋閆閻阽險顏鹽麙
ㄧㄢˋ	但俺傿匽厭咽唁喭嚥堰姲嬮嬿宴嵃彥掞掩敥晏曣棪椻殗沿洝涎淡淫溎演灩炎烻焰焱燄燕爓牪猒研硯艷蔫蜒裺觾言諺讌讞豔贗趼躽這酀酓醼釅閻雁顑饜騴驗驠鬳鳱鴈鴳鷃鷰鹽
ㄧㄣ	凐喑噾因垔堙壹姻愔慇欭歅殷氤洇湮瘖禋窨絪茵蒑蔭裀諲銦闇闉陰霒霠音韾駰
ㄧㄣˇ	吟听喑尹引朄檃殷湛潭濦癮硍縯蘟蚓螾讔趛輑酓釿鈏闇隱靷飲齗
ㄧㄣˊ	伒冘吟嚚圁圻垠夤婬寅崟憖檭欽殥沂淫湛潯烎狺硍芩苂荶蔩螾蟫言訢誾鄞釿銀霪鷣齗齦
ㄧㄣˋ	傿印喑垽堷廕憖梀湚猌瘖窨胤蔭酳陰隱飲
ㄧㄣ˙	粌
ㄧㄤ	佒央姎怏抰歍殃泱秧胦英鉠雵霙鞅鴦
ㄧㄤˇ	仰佒卬坱岟懩攁映柍氧洋潒瀁炴痒癢紻蛘蝆軮鞅養
ㄧㄤˊ	佯垟婸將崵崸徉愓揚昜暘楊洋湯烊煬珜瑒痒瘍眻禓羊蛘詳鍚鐊陽颺鸉
ㄧㄤˋ	怏恙昂柍樣漾瀁烊煬羕鞅養
ㄧㄥ	偀吋呎哩啢嚶央嫈嬰應攖旲朠柍櫻渶滎煐瑛瓔甇甖碤礯纓罃罌膺英莖蘡蝧蠳褮謍譻賏鎣霙韹韺鶧鶯鷹鸚
ㄧㄥˇ	哽廮影摬景梬泂浧潁瀴瑩癭矨穎郢
ㄧㄥˊ	俓塋夃嫈嬴巆攍桯楹泂浧滎濴瀅瀛瀠瀯瀴熒營瑩盈禜籯縈藀螢蠅覮謍贏迎逞鎣
ㄧㄥˋ	哽媵嬰應映浧瀅瀴甸硬繩褮迎鱦
ㄨ	兀剭喔嗚圬屋巫惡扜於杅杇歍汙污洿渥烏盓窏螐誣趶鄔釫鎢鴮
ㄨˇ	五仵伍侮俉倵務午啎嘸埡堥塢嫵廡忤憮捂摀橆武母潕牾玝甒瞴碔膴舞蕪躌迕逜鵡
ㄨˊ	亡侉俉務吳吾唔峿幠廡憮捂梧橆毋母洖浯無牾珸瞀莁蕪蜈蝥譕郚鋘鋙鯃鷡鼯齬
ㄨˋ	仡兀務勿卼唔嗚噁塢婺寤屼岉嵨忤悟惡戊扤旄晤杌柮梧沕烏焐物痦矹笏粅芴蘁蝥誤迕逜鋈阢雺霧霿靰騖鶩齀
ㄨㄚ	凹哇唲娃媧挖汙洼溛漥穵窊窐窪蛙鞋鮭黳
ㄨㄚˇ	佤瓦瓩
ㄨㄚˊ	哇姽娃
ㄨㄚˋ	嗢瓦膃襪譁靺
ㄨㄚ˙	哇
ㄨㄛ	倭咼喔堝捼撾渦濄猧窩萵薶蝸踒
ㄨㄛˇ	倭咼婐婑我捰
ㄨㄛˋ	仴偓嗌噁嚄夭幄握擭斡杌沃涴渥濣焥瓁瘟瞃硪腛臒臥踠雘馧齷
ㄨㄞ	咼喎夭歪瀤
ㄨㄞˇ	崴歪
ㄨㄞˋ	外
ㄨㄟ	倭偎危委威崴巍微愄揋椳渨溦烓煨燰猗畏癐萎葨葳薇蜲蝛覣詴踒逶隇隈魏
ㄨㄟˇ	亹偉偽儰唯壝委娓寪尾峗峞崣崴嵬巋廆徫惟捼撱斖暐有椲沇洧浘濻瀢煒猥瑋瓗畏痏痿睢硊碨磈緯腲艉芛芟荽萎葦蒍薳蜲蜼諉趡踓鍡隗韙韡頠骫鮪
ㄨㄟˊ	于偽唯喡囗圍圩堤寪峗峞嵬帷幃惟撝桅欈洈湋溈潿濰為犩癓磑維蓶覹觿違鄬醀鍏闈阢隹霺韋魏鮠
ㄨㄟˋ	位味喂喡噲委媦尉慰未机渭濊為煟熨犚猥瓗畏眭瞶碨磑立罻胃菋萎蔚藯蘶蜼蝟衛褽謂讆躗遺鏏霨餧餵饖魏鮇
ㄨㄢ	剜夗婠彎捥潫灣睕蜿豌貫鋺關
ㄨㄢˇ	倇免夗娩婉宛惋惌挽捥晚晥晼朊涴琬畹皖睕碗綩綰脘莞菀蜿踠輓鋺關
ㄨㄢˊ	丸刓完岏忨抏捖汍烷玩紈翫芄蚖頑骫
ㄨㄢˋ	万卍妧忨捥掔槾澫睕瞣絻綄翫脕腕莧萬蔓薍蟃輐鄤鋄
ㄨㄣ	塭殟溫瘟褞豱轀韞
ㄨㄣˇ	刎吻呅呡忞抆昧桽歾眼穩笏紊限
ㄨㄣˊ	文汶炆玟紋聞芠蚊閺閿闅雯駇魰鳼鼤
ㄨㄣˋ	免問妏娩搵汶璺紊紋絻聞脕顐鼤
ㄨㄤ	匡尢尪汪瀇
ㄨㄤˇ	往惘方暀枉汪瀇皇網网罔菵輞魍
ㄨㄤˊ	亡妄忘王罔芒莣
ㄨㄤˋ	妄往忘旺暀望朢王盳迋
ㄨㄥ	嗡滃翁螉鶲
ㄨㄥˇ	嗡塕暡滃瞈翁聬蓊
ㄨㄥˋ	壅瓮甕罋蕹齆
ㄩ	于吁唹扜於汙淤渝瘀盓穻箊紆菸迂陓
ㄩˇ	与予俁偊傴噢噳圄圉嫗宇寙峿嶼庾愉敔斔斞栩梧楀瑀瘐祤禹穻窳羽臾與芋萭藇蘌蝺語貐鄅鋙雨頨麌齬
ㄩˊ	与予于余俞吳吾喁喻圩堣堬妤娛媮崳嵎庾悇愉愚揄於旟杅楰榆歈歟歶毹氀汙渝湡漁澞牏狳玗瑜璵畬盂睮硢禺窬窳竽籅緰羭腧腴臾舁與艅芋萸蕍藇蘛虞蜍蝓螸衙衧褕覦諛謣貗踰輿逾邘郚釪鋙隃隅雓雩顒餘魚鮽鰅鱮鸆齵
ㄩˋ	与余僪儥吁唷喻噊噢域堉嫗宛寓尉峪崛彧御悆惌愈慾懊或戫拗捥敔昱栯棜棫欥欲毓汩浴淢淯潏澦澳灪煜煨熨燏燠爩獄獝玉王痏瘉瘐癒矞砡礜禦禺稢篽籲粥緎繘罭聿育與舒芋苑菀菸蒮蓹蔚蕷薁藇蜮蟈衙袬裕語諭譽谷豫貍軉輍輿轝遇遹郁醧鈺鋊錥鐍閼閾隩雨雩預飫饇馭驈鬱鬻魊鱊鳿鴥鵒鷸鸒
ㄩㄝ	妁扚曰矱箹約
ㄩㄝˇ	噦
ㄩㄝˋ	刖囝岳嶽悅戉抈擽月樂樾櫟汋瀹焆爍爚玥礿禴籥粵臒蘥蚎蠖越趯躍躒軏鈅鉞鑠鑰閱髺鸑鸙黦龠
ㄩㄢ	冤咽夗嫚嬽宛悁惌棩涴淵灁焆眢穿苑葾蒬蜎蜵蝝裷鋺駌鳶鴛鵷鼘
ㄩㄢˇ	畹薳輐遠鋺願
ㄩㄢˊ	允元原員園圓圜垣妧媛媴嫄捐援杬楥榞榬櫞沅湲源溒爰猿獂笎緣羱芫蒝蚖蝝蝯螈袁褑謜轅邍邧鎱阮隕騵鶢黿
ㄩㄢˋ	噮垸夗妴媛怨愿掾杬涓瑗禐緣肙苑裫褑遠院願
ㄩㄣ	奫暈氳涒瘟蜵蝹贇頵馧
ㄩㄣˇ	允宛抎殞溳狁盾荺褞賱鈗阭隕霣馻齫
ㄩㄣˊ	云伝勻員妘尹昀沄溳澐熉畇眃筍筠篔紜縜耘芸荺蕓鄖鋆雲
ㄩㄣˋ	員均孕尉怨惲慍暈枟煇熅熨緷縕芸苑菀薀蘊運鄆醞韗韞韻餫
ㄩㄥ	佣傭嗈噰墉壅嫞庸廱慵擁槦滽澭灉癰臃蕹邕郺鄘鏞雍雝饔鷛
ㄩㄥˇ	俑傛勇噰埇塎容嵱恿悀永泳涌湧澭甬禜筩臾蛹詠踊踴邕
ㄩㄥˊ	喁嵱庸揘遇顒鰫
ㄩㄥˋ	佣傭用醟
