一	個 夜 頁 葉 筆 張 般 向
丁	班 丁 等 二烯 香 醇 烷 烯
七	年 十 月 七 日 千 百 號
丈	夫 量 人 母娘 二金剛 二和尚 六金身 母
三	年 十 月 個 段 重市 日 民
上	頁 午 市 士 述 位 尉 帝
下	午 列 面 麵 一個 次 來 降
不	過 同 要 能 會 得 可 知道
丐	幫
丑	角 劇 旦 時
且	看 說 慢 戰且走 歌且舞
丕	變 業 顯
世	界 紀 代 界上 事 間 上 人
丘	陵 陵地 陵地帶 陵地區 陵地形 壑 中有麻 井
丙	級 烯酸 酮 種 烷 等 丁 醇
丞	相
丟	棄 了 掉 臉 到 下 給 在
並	且 不 請 沒有 將 非 未 不是
丫	頭 丫 鬟 環 嬛 子
中	心 國 華民國 文 央社 華 央 共
丰	采 姿 韻 南 台
串	列 連 聯 流 流媒體 門子 通 成
丸	子 藥 藥盒 髻
丹	麥 青 尼爾 鳳 田 陽 毒 藥
主	題 要 任 管機關 管 機 席 持人
乃	是 至 至於 公 能 就 父 兄
久	久 遠 而久之 違 留 已 病 經
么	喝 妹 兒 弟 么唱唱 爺
之	道 後 間 一 前 外 中 下
乍	現 看之下 見 聽之下 聽 然 讀 暖還寒
乎	呼 嚕
乏	味 人問津 力 善可陳 力感 善 汽
乒	乓球 乓 乒乓乓 乓球桌 乓外交 乓球拍 乓球賽
乖	乖 巧 寶寶 張 孩子 到 戾 舛
乘	勢 客 坐 車 法 著 船 機
乙	烯 班 太 種 醇 等 烷 二醇
乜	斜 乜斜斜
九	月 年 十 日 五 歌 月份 一一
乞	丐 食 討 求 兒 命 和 援
也	是 有 可以 不 許 會 要 就是
乩	童
乳	房 溝 癌 化 頭 牛 酪 液
乾	淨 燥 脆 坤 隆 燥機 電池 旱
亂	碼 世 七八糟 象 數 了 說 倫
了	解 解到 不起 結 事 了 當 得
予	以 人 取予求
事	業 項 件 情 務所 實 宜 先
二	十 段 年 月 日 路 次 百
于	是 右任 今 飛 七 是乎 歸 思
云	云 爾
互	動 相 助 動關係 惠 補 信 訪
五	年 十 月 日 金 條 百 台
井	水 然有序 底 口 底之蛙 然 井有條 壁
亙	古
些	微 許 小 些 兒 少
亞	洲 太 運 太地區 瑟 洲地區 東 洲國家
亟	待 需 須 欲
亡	國 命 佚 魂 者 故 羊補牢 靈
亢	進 奮 旱 直 龍有悔
交	通大學 流 易 通 友 換 通部 大
亦	是 可 有 即 同 將 應 能
亨	利 通 利四世
享	受 有 用 受到 譽 樂 年 福
京	都 華 劇 兆尹 城 師 滬 畿
亭	台樓閣 子 亭 台 亭玉立 午 長
亮	麗 度 相 光 起 眼 了 著
亳	縣
亹	亹 亹不倦 亹不卷
人	數 類 物 才 力 事 世 士
什	麼 麼事 麼的 麼人 錦 錦炒麵 物 錦菜
仁	德 愛路 人 愛 武 和 義 兄
仄	聲 韻
仆	倒
仇	恨 敵 人 家 視 殺 隙 怨
今	天 日 年 後 晚 天是 天在 生
介	紹 面 入 壽 於 面卡 質 意
仍	然 有 在 是 應 會 然是 能
仔	細 細看 細想 細聽 密
仕	女 途 紳 女圖 宦 進 官 紳化
他	們 的 們的 人 是 在 說 不
仗	義 義執言 恃 勢欺人 勢 義疏財 持 持著
付	郵 出 款 費 息 錢 給 帳
仙	境 逝 子 人掌 草 鄉 人 丹
仟	卡 克
代	表 理 號 碼 理人 工 理商 購
令	人 人髮指 尊 師 堂 妹 兄 牌
以	上 及 你 下 後 前 來 為
仰	賴 望 角 臥 慕 天 德大道 起
仲	介 裁 介公司 秋 夏 夏夜 尼 裁人
仳	離
仵	作
件	數
任	何 務 職 意 期 何人 用 教
份	子 量 內 地 外 額
仿	冒 佛 效 照 古 冒品 單 製
企	業 劃 劃書 劃案 業管理 管 圖 業界
伉	儷
伊	拉克 朗 甸園 斯坦堡 斯蘭 人 斯蘭教 莉莎白
伍	佰 子胥 廷芳 德合金
伎	倆
伏	特 特加 在 筆 羲 地挺身 兵 流
伐	木 區 木區 木業 善
休	閒 息 假 閒活動 憩 士頓 學 養
伕	子
伙	伴 食 計 食費 房 夫 伕 同
伢	子
伯	伯 爵 樂 勞 明罕 恩 公 利恆
估	計 價 算 價單 測 計值 量 成
伴	侶 隨 奏 隨著 唱 讀 唱機 舞
伶	俐 牙俐齒 人 官 仃
伸	出 手 展 縮 港 長 直 入
伺	服 機 服器 候 機而動 察 隙
似	乎 乎是 是 地 曾相識 是而非 懂非懂 有若無
伽	利略 藍 瑪射線
佃	農 權 戶 租 婦 客
但	是 在 是在 有 願 從 無 不
佇	立 列 足 候
佈	告欄 置 景 局 告 署 道 滿
位	址 置 於 元 在 數 居 移
低	於 價 溫 迷 壓 收入 廉 音
住	宿 宅 址 在 院 戶 院醫師 家
佐	證 料 理 理員 餐 籐 使 証
佔	有率 有 用 地 了 領 據 到
何	處 時 謂 種 者 況 必 以
佘	太君
余	上沅
佚	失 書
佛	教 學 法 陀 光山 光 經 像
作	者 業 品 為 用 家 業系統 法
佝	僂 僂病
佞	人 佛 口
你	的 們 是 要 有 想 在 會
佣	金 人 工
佩	服 帶 刀 劍 玉 掛 著 帶著
佯	裝 死 狂 稱 笑 言
佳	里 作 人 績 冬 音 餚 節
併	發症 入 科 發 案 購 吞 排
佻	巧 薄 達
佼	佼者
佾	舞 生 舞生
使	用 用者 得 徒 命 用率 用權 者
侃	侃而談 直
侄	子 女
來	自 源 信 到 賓 說 看 了
侈	言 談 靡 談和平
例	如 子 行 外 假日 會 證 題
侍	者 女 衛 候 從 奉 郎 衛長
侏	儸紀 儒 儒症
供	應 給 人 需 養 電 水 奉
依	據 照 法 然 侍 賴 序 舊
侮	辱 蔑 慢 辱性 弄 罵
侯	爵 爺 爵夫人 門如海
侵	害 犯 入 蝕 襲 略 佔 占
侷	限 促 限性 限於
便	可 宜 利 是 士 民 會 於
係	數 為
促	進 銷 使 成 進會 請 膝 狹
俄	羅斯 國 亥俄 語 亥俄州 文 國人 軍
俊	傑 秀 偉 逸 美 俏 國 雅
俎	上肉
俏	麗 皮 皮話 麗短髮
俐	落
俗	稱 名 語 話說 話 氣 諺 語說
俘	虜 獲 虜營
俚	語 俗 諺 曲 歌 言 醫
保	險 護 健 薦 育 證 障 持
俞	允 振飛
俠	客 義 盜 女 骨 氣 義精神 士
信	箱 用卡 件 義 心 用 託 仰
修	正 改 訂 習 行 護 理 業
俯	瞰 視 臥 身 首 衝 仰 伏
俱	樂部 全 佳 備 發 往 碎
俳	句 優
俸	給 祿 恤 褖 錢
俺	們
俾	使 能 斯麥 倪 晝作夜 資挹注
倉	儲 庫 頡 促 皇 卒 頡輸入 房
個	人 案 性 別 體 子 個 中
倍	受 數 增 率 感 加 速
倏	地 然 忽
倒	置 是 數 閉 在 也 不如 塌
倔	強
倖	免 存 存者 免於難 幸
倘	若 有 佯 使 若是 若能 若在 若有
候	選人 選 鳥 補 診室 診 機室 車
倚	天 靠 賴 重 仗 天劍 老賣老 靠在
倜	儻
借	閱 用 書 款 書證 貸 出 鏡
倡	導 議 言 導者 亂 優 狂
倣	效 古 真
倦	怠 容 勤 意 態 遊 意頓消 感
倨	傲
倩	影 女 女幽魂 倩
倪	瓚 雲林 嗣沖
倫	敦 理 理學 常 次 琴 琴射線 紀
倭	寇 奴 寇船
值	得 得一提 班 得一看 此 勤 日 錢
偃	月 旗息鼓 臥 武修文
假	日 如 設 期 使 若 裝 定
偉	大 人 業 績
偌	大
偎	依 倚 近 乾就濕
偏	偏 差 低 遠地區 高 好 遠 向
偕	同 老 行
做	為 在 好 了 出 到 法 什麼
停	止 車場 車 留 泊 留在 車位 在
健	康 保 全 康檢查 行 身 保局 行工專
側	室 視 面 重 門 身 目 邊
偵	測 探 辦 查 訊 破 防 察
偶	像 爾 而 然 有 像劇 發事件 發
偷	偷 懶 看 窺 竊 渡 了 襲
偺	們
偽	基 基人 基百科 造 名 裝 造文書 證
傀	儡 儡戲 儡政權 儡政府
傅	斯年 科 科擺 立葉 利葉 園 會
傍	晚 徨 邊 晚時候 偟 午 系 花隨柳
傑	出 克 作 克森 克遜
傖	俗 父
傘	兵 齒輪 具 包 形 索
備	註 份 有 查 註欄 忘錄 用 取
傚	法
傢	俱 伙 具
傣	族
催	眠 生 化 促 稿 收 化劑 告
傭	兵 人 工 金 懶 書
傲	人 視 慢 氣 然 世 視群倫 骨
傳	真 統 輸 播 送 說 遞 奇
傴	僂
債	券 務 權 權人 務人 主 台高築 權國
傷	害 心 口 人 亡 殘 腦筋 痛
傻	瓜 眼 子 笑 事 勁 蛋 話
傾	向 心 銷 聽 斜 倒 向於 訴
僅	有 供參考 能 是 僅 供 次於 可
僇	辱
像	是 片 樣 差 似 話 素 模像樣
僑	生 務 委會 民 胞 界 居地 務委員
僕	人 役 從 僕風塵 婦
僚	屬 友
僥	倖 幸 倖取勝 倖獲勝
僧	人 侶 尼 多粥少 俗 服 袍 院
僭	越 號
僮	僕
僱	用 人 主 員 工 佣 到 農
僵	硬 直 化 局 持 持不下 屍 固
價	格 值 錢 位 值觀 目表 格表 款
僻	靜 遠 壤 巷 處一隅 道 陋
儀	器 隊 式 表 錶 容 態 仗
億	元 萬 載金城 萬富翁 測
儉	樸 約 以養廉 省
儐	相
儒	家 學 林 教 者 生 林外史 道
儕	輩
儘	管 速 量 快 早 力 先 儘
償	還 債 付 命 債基金 回 清 回來
優	惠價 惠 良 先 異 秀 勢 點
儲	存 蓄 備 金 蓄存款 訓 藏 值卡
儷	人 影 辭
儹	積 錢
儼	然 然是 如
兀	自 鷹
允	許 諾 當 文允武 准 可 執厥中
元	件 月 素 山 旦 年 首 長
兄	弟 妹 弟象 長 弟們 弟二人 嫂 弟兩人
充	滿 分 實 電 滿了 足 斥 裕
兆	赫 頭 民
兇	手 殺 猛 嫌 器 惡 殘 殺案
先	生 進 前 讀 行 後 知 進國家
光	碟 臨 電 復 學 碟機 滑 華
克	服 萊 拉 里 利 制 拉克 勤
兌	換 現 獎 付 換率 款 坊
免	費 疫 役 稅 除 得 於 試
兒	童 子 童文學 女 科 童樂園 童教育 歌
兔	子 年 兒 崽子 唇 肉 死狐悲 毛
兗	州
兜	售 風 圈子 著 兜風 住 兜 圈
兢	兢業業
入	學 會 門 口 境 學考試 侵 選
內	容 部 銷 政部 科 建 閣 湖
全	球 國 部 文 力 民 面 世界
兩	個 天 岸 人 種 年 位 者
八	十 月 年 卦 德 日 百 號
公	告 共 開 佈 園 布 平 尺
六	年 月 十 大 條 日 個月 百
兮	兮
共	同 有 享 識 事 計 用 和國
兵	役 力 器 法 刃 種 團 馬
其	他 中 它 實 餘 他的 次 實是
具	有 備 體 名 體化 文 現 象
典	藏 型 禮 範 雅 故 籍 當
兼	任 具 顧 職 收 任教師 營 差
冀	望
冉	冉 冉上升
冊	子 頁 封 立 文 葉
再	度 次 生 來 加 造 說 按
冒	險 出 著 用 犯 名 充 煙
冗	長 員 贅 位 數 筆 職 言
冠	軍 狀動脈 軍賽 群 心病 狀 王 冕
冤	枉 獄 家 大頭 魂 仇 屈 案
冥	想 王星 冥 誕 冥中 紙 冥之中 思
冬	天 季 山 令 至 瓜 日 蟲夏草
冰	箱 冰 淇淋 冷 水 河 塊 山
冶	金 煉 金工業 金學 豔 金業 煉廠 工
冷	凍 氣 氣機 卻 媒 藏 靜 戰
冼	星海
冽	泉
准	予 許 考證 將 假
凋	零 謝 落 萎 敝 殘 逝
凌	晨 雲 波 虐 駕 厲 亂 空
凍	結 死 傷 頂 僵 原 土 裂
凜	然 冽 凜
凝	聚 結 視 固 血 視著 集 重
几	案 几 案之才
凡	是 事 在 人 有 夫 爾賽 於
凰	鳳
凱	旋 莉 撒 悅 恩斯 子 旋門 歌
凳	子
凶	手 猛 狠 險 悍 多吉少 殘 兆
凸	出 輪 輪軸 版 起 緣 版印刷 透鏡
凹	凸 陷 洞 槽 版 凸不平 處 版印刷
出	版 口 版社 來 現 線 生 席
函	數 索 送 授學校 令 購 件 授
刀	具 劍 械 子 片 鋒 法 疤
刁	難 蠻 鑽 斗 鑽古怪 民 悍 滑
刃	具 鋒 口 角
分	析 類 別 享 公司 為 鐘 配
切	換 除 割 入 削 實 結 時
刈	包 草 稻 草機
刊	登 物 載 頭 出 行 印 在
刎	頸
刑	事 法 罰 案 警 責 事案件 事訴訟
划	算 船 水 不來 開 了 得來 槳
列	印 表 入 出 為 車 舉 管
初	版 獻 步 級 學者 次 選 審
判	斷 決 定 例 刑 別 處 讀
別	人 人的 的 墅 名 再 讓 說
刨	冰 床 刀 除 出來 花 子 根
利	用 率 益 息 潤 器 多 於
刪	除 掉 改 減 去 成 節 剪
刮	傷 目相看 鬍子 鬍刀 刀 痕 起 痧
到	了 底 達 此 處 底是 期 來
制	度 定 訂 服 裁 度化 止 式
刷	牙 子 新 洗 刷 上 新紀錄 掉
券	商
刺	激 繡 激性 痛 客 殺 耳 傷
刻	意 度 板 不容緩 印 劃 畫 骨銘心
剁	成 碎
剃	毛 頭 度 刀 髮 了 頭髮 髮為尼
則	是 為 有 在 會 無 要 否
剉	冰
削	減 弱 價 薄 削 皮刀 皮 去
剋	星 制 服 死 薄
前	往 項 面 言 後 景 輩 述
剎	那 車 那間 時 那之間 住
剔	除 透 出 牙 了 去 著 開
剖	析 面 腹 面圖 腹生產 開 白 成
剛	剛 才 好 性 從 出 到 好是
剜	肉補瘡 肉醫瘡
剝	離 奪 削 皮 落 開 下 除
剩	下 餘 餘價值 菜 飯 下來 磁 飯剩菜
剪	影 輯 到 報 接 刀 貼簿 紙
副	教授 總統 院長 作用 總經理 議長 刊 總
割	愛 捨 過 讓 傷 禮 草機 除
剴	切
創	造 作 新 意 立 業 下 造出
剷	除 平 出
剽	竊 悍 劫 掠
剿	匪 滅 共 平 捕 除 匪抗戰 匪時期
劃	撥 分 撥帳號 定 法 上 下 一
劄	記
劇	情 場 團 本 院 烈 中 照
劈	腿 頭 開 成 裂 哩啪啦 柴 面
劉	德華 備 邦 秀 銘傳 墉 安 姥姥
劊	子手
劍	道 客 橋 潭 法 橋大學 術 氣
劑	量
力	量 學 氣 行 求 道 士 排
功	能 用 率 夫 效 課 利 力
加	入 強 上 工 以 速 油 拿大
劣	勢 文 質 根性 品 根 等 跡
助	理 教 學金 選 益 人 陣 手
努	力 力以赴 力下去 爾哈赤 嘴 嘴兒 目 著
劫	機 掠 難 數 持 後餘生 寨 走
劬	勞
勁	力 敵 旅 道 風 兒 草 直
勃	起 發 勃 然大怒 興 然 谿
勇	氣 敢 士 於 者 往直前 猛 往
勉	強 勵 力 為其難 勉強強 為
勒	索 令 贖 馬 住 死 緊 緊褲帶
動	態 物 畫 作 力 向 機 員
勗	勉
勘	查 察 驗 誤表 災 測 誤 探
務	必 實 求 使 農 須 本 農人家
勛	章 勉
勝	利 過 負 任 地 算 於 券在握
勞	工 動 力 保 務 資 基法 動力
募	款 集 捐 兵制 兵 用
勢	利 力 必 將 必會 在必行 力範圍 不兩立
勤	務 奮 勞 儉 學 快 練 勉
勳	章 業 爵
勵	行 志 精圖治 馨 磁機
勸	募 說 導 退 告 進 勉 業
勺	子
勻	稱 染 整 出 出來 攤 淨 速轉動
勾	勒 結 引 欄 起 當 芡 勾
勿	食 聽 言 說 忘 視 忘我 施於人
包	括 裝 含 涵 容 圍 裹 子
匆	匆 忙 促 匆忙忙 忙間 促間 遽 促之間
匈	牙利 奴 牙利語 奴人 牙利人
匍	匐 伏 匐前進 匐運動
匐	匍 伏
匕	首
化	學 工 學工業 妝品 學工程 合物 學品 妝
北	縣 市 京 區 路 部 美 韓
匙	子
匝	道
匟	床
匠	心 心獨具 人 氣
匡	正 復 助 濟 救 時濟世 複
匣	子 式 缽
匪	類 夷所思 徒 諜 情 偽 人 區
匯	率 流 款 票 集 兌 出 入
匱	乏 竭
匹	茲堡 配 敵 夫 夫匹婦 練 薩 夫之勇
匾	額
匿	名 名信 跡 情 戶 料 藏 跡消聲
區	域 分 別 隔 域性 間 段 公所
十	七 二月 二 月 一月 六 分 五
千	萬 分之 年 里 里馬 億 秋 金
卅	一 七 三 九 二 五 八 六
升	級 學 高 值 至 等 降 格
午	餐 夜 後 間 安 休 時 前
半	導體 年 個 夜 首 天 數 世
卑	南 微 鄙 劣 親屬 賤 南溪 下
卒	業 子
卓	越 蘭 溪 著 然 見 然有成 立
協	會 助 調 定 商 議 辦 同
南	投縣 路 台 區 京東路 投 韓 部
博	士 物館 士班 覽會 愛 士學位 愛路 覽
卜	卦 辭 居 卜 筮 算 卦家 筮官
卞	梁
占	卜 有 星 星術 用 地 了 領
卡	片 通 的 爾 車 在 帶 特
卦	象 千紙
卯	足 上 足了勁 起來 時 起 金刀 勁
印	刷 尼 表機 度 象 染 製 出
危	機 險 害 險性 言聳聽 及 急 在旦夕
即	時 可 將 使 是 興 日起 為
卵	巢 子 磷脂 形 石 泡 黃 生
卷	宗 帙 軸 曲 子 入 尺 裝
卸	任 下 妝 貨 載 去 除 責
卹	金
卻	是 不 又 在 因 沒有 有 說
卿	卿我我 大夫 卿 相 士
厄	運 瓜多爾
厘	米 金
厚	度 生 臉皮 重 實 用 薄 愛
原	地 因 則 住民 文 來 本 始
厥	為 功甚偉
厭	惡 倦 煩 氧 食 食症 世 棄
厲	害 行 聲 鬼 行節約 兵秣馬 聲叱斥 色
去	年 了 除 處 世 借 掉 向
參	與 考 加 觀 選 數 閱 見
又	有 是 要 見 能 說 會 發
叉	燒包 路 子 燒 形 車 手 腰
及	其 第 時 格 人 早 於 物
友	人 情 善 誼 邦 好 愛 誼賽
反	應 而 對 映 正 彈 射 省
叔	叔 父 本華 伯 公 姪 祖 婆
取	得 消 代 樣 締 出 向 自
受	理 傷 到 損 訪者 害者 不了 益
叛	逆 亂 徒 變 國 軍 將 離
叢	書 刊 林 生 山峻嶺 林戰 聚 集
口	腔 試 服 中 味 水 音 袋
古	典 蹟 代 典音樂 老 道 都 董
句	點 子 型 讀 法 號 型練習 式
另	外 一 有 一方面 一種 行 類 訂
叨	擾 叨 光 叨絮絮
叩	拜 謝 首 見 門 頭 關 問
只	有 要 是 能 好 見 會 需
叫	做 出 聲 了 作 著 法 好
召	開 集人 集 喚 回 開會議 募 見
叭	叭
叮	噹 嚀 叮 囑 叮噹噹 當 人 咚
可	以 能 是 愛 能是 否 用 見
台	灣 北市 北 北縣 中縣 灣省 中 南縣
叱	吒 吒風雲 喝 責
史	上 學 料 前 瓦辛格 語所 蹟 記
右	邊 手 鍵 側 耳 轉 方 上角
叵	測
司	法 機 法院 馬 長 法部 令 法機關
叼	著 走
吁	吁 氣 請
吃	飯 了 藥 素 到 喝玩樂 完 緊
各	種 位 項 國 類 級 地 式
吆	喝 喊
合	作 理 格 併 計 成 十 時
吉	他 普 人 祥 田 隆坡 普車 他社
吊	車 橋 燈 掛 杆 銷 帶 裝
同	時 業公會 學 意 義 志 樣 一
名	稱 單 字 額 人 詞 冊 片
后	里 羿 冠 土 妃 座 稷
吏	治 部
吐	出 血 氣 露 出來 司 苦水 蕃
向	前 上 量 下 來 外 陽 日葵
君	子 王 主 臨天下 主立憲 權 子之交 士坦丁
吝	嗇 惜 嗇鬼
吞	噬 嚥 下 食 蝕 沒 吐 吐量
吟	遊 唱 詩 詠 誦 哦 詩作對 味
吠	陀 叫 聲 形吠聲 影吠聲 聲吠影
否	則 認 定 決 極泰來 決權 定句 定詞
吧	女
吩	咐
含	有 量 笑 水 意 著 蓄 義
吭	聲 氣
吮	吸 墨
吱	吱 吱喳喳 喳 吱叫 唔 吱響
吳	敦義 鳳 國 興 郭魚 中 王 梅
吵	架 雜 鬧 著 吵鬧鬧 過 來吵去 起
吶	喊 喊助陣 喊助威
吸	引 收 入 吸 附 引力 引人 取
吹	氣 起 風機 風 牛 來 奏 著
吻	合 別 抱 別時 頸
吼	聲 叫 著 吼 起來 到
吾	人 愛 等 師 兄 輩 子 儕
呀	呀 呀學語
呂	秀蓮 布 宋 后 不韋 洞賓 赫若 氏春秋
呃	喔 逆
呆	呆 帳 了 子 板 在 著 滯
呈	現 現出 報 請 送 上 獻 遞
告	訴 知 白 急 別 示 一段落 發
呢	絨 喃 喃細語 子
周	邊 刊 圍 遭 恩來 報 年 文
呱	呱 呱叫 呱墜地
味	方 道 全 全龍 精 覺 兒 素
呵	呵 護 欠 氣 呵大笑 斥 癢 凍
呷	呷
呻	吟
呼	籲 吸 叫 叫器 吸道 喚 應 聲
命	令 運 名 題 案 中 相館 脈
咀	嚼 咒 嚼出
咂	嘴
咄	咄逼人 咄怪事
咆	哮 哮山莊 嘯 哮起來
咋	舌 辦
和	平 美 諧 平東路 尚 平路 村 解
咎	由自取
咒	語 文 罵 符
咕	嘎 咕 嚕咕嚕 嚕 噥 嘟 咚 狗
咖	啡 啡館 啡屋 啡廳 啡店 啡豆 啡色 啡因
咚	咚 咚聲
咧	嘴 嘴一笑 開 嘴大笑 開嘴笑
咨	詢 文 議
咩	咩 咩叫
咪	咪 咪叫
咫	尺 尺天涯
咬	人 著 牙 住 牙切齒 到 了 字
咭	咭 片 吱咯吱
咯	咯 血 咯笑 吱 咯叫 咯聲
咱	們 家 倆
咳	嗽 血 痰 嗽藥 得 聲歎氣
咸	豐 陽 認為 寧 信 宜 豐草
咽	喉 頭 頭炎 住 哽
咿	咿唔唔 啞 咿呀呀 啞學語
哀	傷 愁 悼 求 怨 號 歌 痛
品	質 牌 種 味 名 管 嚐 質管制
哂	笑 然
哄	哄 抬 堂大笑 騙 笑 動 了 人
哆	嗦 囉哆嗦
哇	哇 靠 啦 哇叫 哇大叫 哇大哭 哇聲
哈	哈 囉 佛大學 佛 爾濱 利 特 哈大笑
哎	呀 喲 唷 呀一聲 唷一聲
員	工 林 額 山 警 外 工福利 林市
哥	哥 倫比亞 德 本哈根 倫布 德式 白尼 兒們
哦	呵 喲
哨	子 音 兵 所 棒 音聲 音響
哩	嚕
哪	些 個 裡 邊 是 種 時 位
哭	泣 了 著 聲 鬧 得 訴 笑不得
哮	喘 喘病
哲	學 學系 學家 理 學思想 學史 人 嗣
哺	乳 乳類 乳動物 育 育之恩
哼	哼 唱 著 聲 出 起 上 歌
哽	咽 塞 在 住 哽咽咽 嚥 著
唁	電
唄	唱 讚
唆	使 使者
唇	部 膏 亡齒寒 舌 齒相依 槍舌劍 色 槍舌戰
唉	唉 唉叫 聲嘆氣 聲歎氣
唏	噓
唐	朝 代 詩 山 人 突 人街 老鴨
唧	咕 唧 筒 唧咕咕 拉喳拉
唪	經
唬	爛 人 弄 住 來唬去
售	價 票 出 完 貨 貨員 罄 賣
唯	一 有 唯 獨 讀 恐 美 心
唱	片 歌 腔 出 遊 著 盤 機
唸	書 完 著 了 法 經 過 起來
唼	唼 氣 眼 血
唾	棄 液 手可得 液腺 沫 罵 腺 面自乾
啁	啾
啃	老族 蝕 著 書 下 過 到 書本
啄	木鳥 食 傷
商	業 品 用 務 店 標 情 業銀行
啊	呀 哈 唷
問	題 答 卷調查 卷 題是 到 道 候
啜	飲 泣
啞	巴 鈴 然失笑 口無言 吧 然 啞 子
啟	動 事 示 用 航 發 聰 蒙
啣	接
啤	酒 酒廠 酒罐 酒瓶 酒肚
啥	事 子
啦	啦隊 啦隊長 啦隊員 瘌
啪	啪 啦 噠聲 達
啷	鐺
啼	笑皆非 哭 叫 聲 笑 啼哭哭 明
啾	啾 叫 唧 嗽
喀	麥隆 什米爾 拉蚩 嚓 斯特 土穆 布爾 吧
喂	喂
喃	喃 喃自語
善	用 良 化 意 於 心人士 後 加
喇	叭 嘛 叭褲 叭花 叭口 叭手 嘛廟 嘛教
喉	嚨 頭 部 嚨痛 頭炎 科 炎 管
喊	話 出 窮 著 停 價 叫 了
喋	血 喋不休 喋 血記
喑	啞
喔	喔 唷 喔叫 嚄
喘	息 氣 喘 噓噓 喘氣 出 息未定
喚	起 醒 回 作 出 來 來喚去 名
喜	歡 愛 悅 好 樂 劇 子 宴
喝	酒 水 了 茶 采 道 杯 醉
喟	然 然長嘆
喧	嘩 鬧 囂 賓奪主 騰一時 嚷 譁 騰
喪	失 生 葬 命 禮 偶 事 志
喫	官司 肉 苦 茶 飯 飯防噎 香 驚
喬	治 治亞 木 遷 治亞州 裝 遷之喜 妝
單	位 元 一 純 價 獨 車 賣
喳	喳 喳叫
喻	為 詞
嗅	覺 到 出 神經 覺作用 鹽
嗆	到 了 起來 鼻
嗉	囊
嗎	啡
嗑	藥 牙
嗓	音 子 門 門兒 聲
嗔	怒 喝 忿 怪 睨 色 詬 責
嗚	嗚 咽 呼 呼哀哉 啦 嗚咽咽 兒嗚兒 唈
嗜	好 欲 酒如命 眠症
嗝	兒
嗟	嘆 歎 來食 來之食
嗡	嗡 嗡聲 嗡作響 嗡叫
嗣	後 業 后 承
嗤	之以鼻 笑
嗥	叫
嗨	嗨
嗩	吶
嗯	嗯
嗲	聲嗲氣
嗶	嗶聲 嗶扣 哩啪啦 嘰
嗷	嗷待哺 嗷
嗽	血
嗾	使
嘀	咕 嘀咕咕
嘁	嘁喳喳 嘁沙沙
嘆	息 為觀止 氣 服 聲 賞
嘈	雜 嚷 雜聲
嘉	義縣 義 義市 南 惠 年華會 慶 興
嘌	呤 唱
嘍	囉 嘍
嘎	嘎 吱 啦 嘎響 叭 嘎聲
嘓	嘓
嘔	吐 心瀝血 心 吐物 氣 血 吐時 啞
嘖	嘖稱奇 嘖 嘖稱羨 有煩言
嘗	試 到 試性 了 膽 來嘗去 個 出
嘜	頭
嘟	嘟 嘟聲 嘟響 嚕 嚷 囔 嘟囔囔
嘩	啦 啦啦 然 嘩 啦一聲 嘩啦啦 喇 的一聲
嘮	叨 嘮叨叨
嘯	聲 傲江湖 詠 鬧
嘰	嘰喳喳 咕 哩咕嚕 嘰嘎嘎 喳不斷 嘰咕咕
嘲	笑 諷 弄 哳 罵 笑戲弄 訕
嘴	巴 唇 角 裡 饞 上 邊 臉
嘵	嘵
嘶	啞 吼 喊 鳴 叫
嘸	蝦米
嘹	亮 喨
嘻	嘻 哈 嘻哈哈 笑 皮笑臉 笑怒罵
嘿	嘿
噁	心
噎	到 著 住
噓	寒問暖 聲 唏不已 聲四起 下台 下台來 下台去 唏
噗	噗 通 哧 嗤 通一聲 噗跳 嗤一聲
噘	嘴 嘴兒
噠	噠
噤	若寒蟬 聲 口
噥	噥
器	材 官 具 械 皿 材行 物 使
噩	兆 夢 耗 運 耗傳來 魚
噪	音 音管制 音控制 音量 聲 嚷 聒
噬	菌體 箘體 食弧菌 食菌
噯	呀
噱	頭
噴	墨 射 霧 灑 漆 出 水 嘴
噸	位 公里
噹	噹 啷
嚇	人 阻 到 了一跳 死 壞 一跳 死人
嚌	嚌嘈嘈
嚎	啕大哭 啕 叫 哭 咷
嚐	嚐 試 到 了 個 出 點 來嚐去
嚕	囌
嚘	然而止
嚙	合 齒類
嚥	下 氣 下去 不下 喉 頭
嚮	往 導 應 導員 導公司 日 邇
嚴	重 格 正 謹 肅 禁 密 厲
嚶	嚶
嚷	嚷 鬧 出 出來 出去 起來
嚼	舌根 勁 不了 舌 舌自盡 舌頭 蠟
嚾	呼
囂	張 浮
囈	語
囉	唆 嘍 哩囉唆 囉嗦嗦 囉唆唆
囊	腫 括 胚 中 中物 空如洗
囑	託 咐 目 令 托
囓	齒類 合
囚	犯 禁 居 衣 徒 牢 房 籠
四	年 月 個 段 日 大 百 季
囝	仔
回	到 應 答 信 收 想 話 饋
囟	門
因	為 此 素 應 而 此在 子 為有
囡	仔 囡
囤	積 積居奇
囫	圇吞棗 圇 圇竹
困	難 擾 境 惑 在 苦 難重重 頓
囹	圄
固	定 然 體 醇 態 定資產 有 化
囿	於一時 於成見
圈	圈 選 子 內 套 裡 住 內人
圉	限
國	立 際 內 家 小 中 民小學 外
圍	棋 牆 繞 繞著 事 攻 堵 著
園	地 區 藝 內 丁 長 裡 林
圓	滿 形 山 環 柱 融 弧 點
圖	書館 書 片 形 書目錄 案 示 像
團	體 隊 契 結 員 長 團 隊精神
圜	鑿方枘
土	地 壤 木 城 木工程 耳其 庫 木系
在	此 於 台 職 下 一起 內 家
圩	田
圭	臬 亞那 表
圮	毀
地	區 址 方 點 圖 球 理 產
圳	溝
均	可 有 衡 勻 已 無 等 相
坊	間 肆
坌	集
坍	方 塌 崩 倒 壞 臺 落度
坎	城 坷 培拉 城影展 坷不平 帕拉 肩
坐	在 了 到 坐 著 下 下來 上
坑	洞 道 人 坑洞洞 殺 裡 坑 儒
坡	地 度 道 路 田
坤	伶 造 宅 輿
坦	承 然 克 白 誠 率 白說 途
坩	堝 坩
坪	林 林鄉
坯	布 料 子
坳	塘
垂	直 體 釣 楊 下 危 死 手可得
垃	圾 圾場 圾桶 圾車 圾堆 圾筒 圾箱 圾蟲
型	態 錄 式 號 別 鋼 模 砂
垢	弊 汙 泥
垮	台 了 掉 下 下來 下去 成 臺
埃	及 及人 森 及古文 及文 及館 個兒
埋	葬 怨 伏 設 藏 下 沒 首
城	市 鄉 堡 鎮 中 門 內 裡
埔	里 里鎮 心 鹽 心鄉
域	中 外 名
埠	頭
埤	頭 頭鄉
埴	土
執	行 照 政 著 業 政黨 行長 法
培	養 育 訓 育法 植 養出 訓班 養基
基	本 金 金會 礎 隆 隆市 督 於
堂	堂 奧 皇 會 堂正正 上 而皇之 弟
堅	持 強 定 固 決 守 牢度 實
堆	積 肥 疊 高機 砌 滿 放 積如山
堊	室 帚 慢 粉
堙	曖 窒 滅
堡	主 壘 子 寨
堤	防 岸 外 內 壩 道 堰 防道
堪	稱 薩斯 用 稱是 虞 輿 為 薩斯州
堯	舜 天舜日
報	導 告 名 紙 價 架 名表 考
場	所 地 景 合 次 面 外 址
堵	塞 住 車 在 到 著 上 截
塊	狀 莖 根 塊 頭 兒 煤
塌	陷 下來 方 倒 下 下去 台 實
塑	膠 造 膠工業 膠袋 料 身 造出 性
塔	台 城 吉克 上 臺 下 斯社 里木河
塗	料 鴉 抹 布 上 銷 鴨 在
塘	塞 泥
塞	車 內加爾 進 滿 入 爾維亞 住 納河
填	寫 入 充 表 補 報 上 土
塵	埃 世 囂 土 封 緣 埃落定 沙
塹	壕
塾	師
境	內 界 外 地 遇 況 域 管局
墊	片 付 款 圈 高 板 子 底
墑	情
墓	園 地 碑 葬 誌銘 穴 誌 室
墜	落 毀 入 機 子 樓 地 下
增	加 進 強 資 設 減 長 值稅
墨	西哥 水 爾本 國 子 綠 鏡 汁
墩	子
墮	落 胎 入 胎藥
墳	墓 上 丘 場 頭 地 典 山
墾	丁 殖 丁公園 荒 地 民 區 荒地
壁	畫 紙 虎 報 燈 磚 報比賽 壘
壅	塞
壇	城 場 子 台
壓	力 縮 克力 縮比 抑 迫 縮機 鑄
壕	溝 溝戰
壘	球 球隊 上 上有人 上無人 球棒 塊 外
壞	了 人 死 事 掉 處 話 蛋
壟	斷 斷性 斷市場 罩 坎 斷價格 斷利潤 斷組織
壤	土
壩	子
士	林 林區 人 兵 氣 官 官長 紳
壯	觀 圍 麗 大 年 士 志 族
壹	傳媒 週刊 電視
壺	口 內 嘴 外 裡 底 中物 狀
壽	險 命 山 司 限 星 桃 終正寢
夏	天 威夷 季 日 令營 娃 夜 至
夔	夔 峽
夕	陽 照 陽西下 陽餘暉 陽工業
外	銷 科 國 交 匯 資 交部 語
夙	願 夜匪懈 昔 夜 怨 興夜寐 緣
多	媒體 少 多 種 年 數 元 次
夜	間 間部 晚 是 市 裡 夜 行
夠	了 用 多 大 不夠 好 格 味
夢	想 幻 中 境 裡 見 魘 到
夤	緣
夥	伴 同 計 友 眾
大	學 家 加 陸 城 成 小 樓
天	地 下 空 堂 文 然 使 氣
太	多 陽 平洋 空 平 太 大 魯閣
夫	人 妻 婦 子 婿 妻倆 婦倆 君
夭	折 壽 夭 逝 亡 歿
央	行 及 求 請 告 圖 懇
失	望 去 敗 業 蹤 地 落 度
夷	為平地 人
夸	張 獎 特 爾 克 父 誕
夾	層 克 在 帶 頭 雜 板 具
奄	奄一息 奄 奄待斃 奄不振
奇	怪 事 蹟 幻 幻小說 幻文學 妙 異
奈	及利亞 何 米 良
奉	獻 勸 命 行 令 天 祀 派
奎	寧
奏	鳴曲 效 出 曲 樂 捷 起 議
契	約 機 合 稅 丹 友 據 卡
奔	波 馳 走 跑 騰 放 向 雷
奕	奕
套	件 裝 房 裝軟體 餐 牢 用 利
奚	落
奠	定 基 下 立 儀 基人 酒 禮
奢	侈 望 求 華 侈品 靡 淫 費
奧	地利 運 斯卡 秘 妙 林 萬大 斯汀
奪	得 取 走 魁 標 下 目 回
奮	鬥 力 起 勇 戰 進 發 不顧身
奱	異
女	性 人 子 孩 生 聲 兒 中
奴	隸 僕 才 家 役 婢 性 隸制
奶	油 茶 奶 粉 瓶 嘴 水 精
奸	商 詐 臣 笑 計 淫 細 賊
她	們 的 是 在 不 們的 自己 想
奼	紫嫣紅 紫 紫焉紅
好	像 的 處 好 書 久 嗎 朋友
如	何 果 此 下 有 今 果有 同
妃	子 嬪
妄	想 念 語 自菲薄 為 加 自 稱
妊	娠 婦 娠紋 孕
妍	麗
妒	忌 嫉 意 婦 恨 痴
妓	女 院 女戶 男 權 運 館 女院
妖	精 怪 魔 女 豔 人 魔鬼怪 言惑眾
妗	子
妙	用 方 語 妙 計 手 人 語如珠
妝	點 扮 飾 臺 奩
妣	考
妥	善 協 當 善處理 為 貼 切 協性
妨	礙 害 害風化 害自由 礙交通 事 害交通 阻
妮	子
妯	娌
妳	的 是 們 好 有 在 會 自己
妹	妹 子 夫 婿
妻	子 兒 離子散 妾 小 室 孥 兒老小
妾	身 婦 侍
姆	指 指山
姊	妹 姊 夫 妹會 妹花 妹市 兒 妹品
始	終 於 能 末 祖 終如一 作俑者 料未及
姍	姍來遲 笑
姐	弟 夫 妹 姐
姑	娘 且 姑 婆 媽 息 丈 子
姓	名 氏 名學 林 衛 魏 字
委	員會 員 託 任 辦 員長 屈 內瑞拉
姘	居 頭
姜	太公 子牙
姝	麗
姣	好 美
姥	姥
姦	淫 殺 情 夫 淫擄掠 夫淫婦 汙 邪
姨	表 太 媽 丈 娘 婆 太太 父
姪	女 兒 子 孫 女婿 婦 婿 媳婦
姬	妾
姻	緣 親 家 戚
姿	勢 態 色 容 影 質
威	脅 力 盛 廉 爾 尼斯 權 信
娃	娃 兒 娃臉 娃車 娃裝 娃兵 子 娃鞋
娉	婷
娑	摩 摩吠陀
娓	娓 娓道來
娘	子 娘 家 子軍 娘腔 胎 親 兒們
娛	樂 樂性 樂場所 樂節目 樂室 樂場 樂版 悅
娜	拉
娟	娟 秀
娥	眉
娶	了 妻 親 到 媳婦 媳
娼	妓 婦 優 寮 妓館
婀	娜 娜多姿
婆	婆 媳 婆媽媽 羅多 羅門 子 娑 娑之洋
婉	拒 轉 約 麗 謝 辭 言 順
婊	子
婚	姻 禮 前 外情 後 紗 喪喜慶 宴
婢	女 子 僕
婦	女 產科 幼 人 科 女會 女運動 幼醫院
婭	嬛
婷	婷 婷玉立
媒	體 體亂象 介 體問題 體批評 體暴力 體教育 體素養
媚	眼 態 世 外 惑 骨 俗
媧	杆 桿 輪
媲	美
媳	婦 婦兒
媽	媽 祖 咪 的 祖廟 媽桑
媾	和 和案
嫁	給 娶 到 了 人 禍 妝 接
嫂	子 嫂 夫人
嫉	妒 妒心 恨 惡如仇 視 惡
嫋	嫋 娜
嫌	犯 疑 棄 疑犯 惡 隙 人 忌
嫖	妓 客 賭
嫚	罵
嫠	婦
嫡	傳 系 親 出 子 母 派 長子
嫣	然 紅 然一笑
嫦	娥 娥奔月
嫩	江 芽 葉 嫩 綠 膚 紅 江省
嫵	媚 媚動人
嫻	熟 雅 靜 習 於 於辭令
嬉	戲 笑 鬧 皮 遊 痞 皮笑臉 水
嬋	娟 媛
嬌	小 妻 娃 客 嬌 美 柔 羞
嬛	佞 嬛
嬤	嬤
嬪	妃 從
嬰	兒 孩 兒期 兒油 幼兒
嬸	嬸 婆 子 母
孀	婦 居
孌	童 生兒
子	女 宮 宮頸 彈 孫 民 弟 曰
孑	孓 然一身 然
孔	明 子 雀 雀魚 廟 徑 夫子 隙
孕	婦 育 育出 期 婦裝 出 吐 珠
字	串 號 型 形 母 典 元 體
存	在 款 取 放 檔 貨 有 活
孚	眾望
孛	人
孜	孜 孜不倦 孜不息
孝	順 道 敬 子 順父母 經 行 心
孟	子 加拉 德爾頌 買 獲 德爾 德斯鳩 春
孢	子 子囊 子體
季	刊 初 節 風 節性 軍 後賽 度
孤	獨 單 兒 立 寂 雁 軍 島
孩	子 童 兒 子氣 提 提時代 子頭
孫	子 中山 權 逸仙 悟空 子兵法 運璿 女
孰	能 知 能無過 若 與 謂
孱	弱 夫 頭
孳	息 生 孳 乳 蔓
孵	化 出 育 蛋 化率 卵 出來 化器
學	生 校 系 習 術 年度 會 院
孺	子 子可教 人
孽	子 種 畜 障
孿	生 子 生兄弟 生兒 生子
它	們 的 是 們的
宅	男 第 院 人 女 神 心仁厚 子
宇	宙 文化及 宙觀 宙船 宙射線 航 宙論 內
守	夜 則 護 法 著 護神 候 備
安	全 裝 排 定 泰 鄉 置 心
宋	楚瑜 代 明 朝 史 國 詞 人
完	成 全 整 善 美 工 畢 成後
宏	碁 國 觀 偉 都拉斯 仁 大 達
宗	旨 教 教信仰 派 師 親會 祠 親
官	員 方 田 兵 僚 司 邸 能
宙	斯
定	價 要 期 義 位 時 額 量
宛	如 若 然 轉
宜	蘭縣 蘭 蘭市 昌 興 人 蘭人 縣
客	戶 棧 家 運 觀 人 車 廳
宣	導 佈 布 傳 告 言 稱 示
室	內 內設計 外 友 溫 內樂 內裝潢 女座
宥	恕
宦	官 海 遊 途 海沉浮 海浮沉
宮	室 調 殿 廷 中 城 女 燈
宰	殺 相 制 割 羊 輔 夫
害	怕 羞 蟲 人 死 處 喜 群之馬
宴	會 會廳 請 客 席 饗 遊 居
宵	夜 禁 小 民 禁時間 衣旰食
家	庭 裡 長 族 裏 人 用 中
容	易 量 器 許 納 積 容 忍
宿	舍 命 網 主 怨 醉 營 願
寂	寞 靜 寂 寥 然 滅 靜無聲 然不動
寄	給 出 信 送 發 件人 到 託
寅	吃卯糧 時 支卯糧
密	碼 切 度 集 封 西根 宗 閉
寇	讎 仇
富	有 人 士通 貴 士 翁 國 裕
寒	假 暑 冷 冬 風 流 舍 山
寓	言 教於樂 意 所 意深長 公 於 居
察	覺 看 覺到 院 知 覺出 哈爾 言觀色
寡	婦 糖 人 言 頭 母 女 廉鮮恥
寢	室 具 食難安 食不安 丘之志 食俱廢 食難忘
寥	寥 寥可數 寥無幾 落 若晨星 廓 若辰星 落晨星
實	業 施 驗 驗室 際 習 務 物
寧	靜 願 可 靜致遠 波 夏 夏路 為
寨	主 子
審	查 計 議 核 判 慎 定 計部
寫	信 作 真 下 真集 了 出 入
寬	度 廣 鬆 敞 容 闊 大 頻
寮	國 北 共 戰
寰	宇 海 球
寵	物 愛 兒 壞 信 幸 愛有加 辱
寶	劍 鑑 寶 貝 貴 典 島 箱
寸	步難行 土 金 草 土寸金 長 心 斷
寺	廟 院 僧 塔
封	面 閉 了 鎖 殺 口 包 裝
射	擊 手 出 線 箭 頻 精 門
將	會 在 來 於 是 可 有 軍
專	業 題 案 家 利 輯 線 科
尉	官
尊	重 嚴 姓大名 敬 貴 者 榮 崇
尋	找 求 人 歡 覓 夢 常 訪
對	於 象 方 話 外 不起 本 手
導	致 演 遊 向 師 引 入 航
小	組 時 姐 說 朋友 孩 站 心
少	年 女 數 了 量 許 於 有
尖	端 峰 兵 端科技 山 石 叫 銳
尚	未 有 無 在 可 待 須 需
尤	其 其是 其在 佳 為 物 須 有甚者
尥	蹶子
就	是 業 會 像 在 有 要 不
尷	尬
尸	身 體 首 位素餐 僵 斑
尺	寸 度 碼 書 素 幅 牘 地
尼	龍 斯 克 加拉瓜 泊爾 采 國 羅河
尾	巴 盤 聲 端 鰭 牙 部 隨
尿	液 酸 道 毒症 素 布 床 毒
局	長 部 面 勢 部性 內 外人 數
屁	股 股痛 滾尿流 眼兒
居	民 住 家 然 士 留 多 於
屆	時 滿 期 滿時 臨
屈	服 原 曲 辱 指可數 膝 服於 從
屋	頂 主 子 簷下 裡 簷 子裡 脊
屍	體 首 身 骨 骸 斑 衣 陀林
屎	尿 蚵蜋
屏	東縣 東 東市 風 東平原 障 幕 蔽
屐	齒
展	開 示 望 覽 現 出 示中心 覽會
屠	宰 龍 殺 宰場 夫 城 宰業 戶
屢	次 屢 見不鮮 試不爽 勸不聽 建奇功 戰屢敗 敗屢戰
層	次 面 樓 層 出不窮 級 峰 層疊疊
履	歷表 歷 約 行 行義務 新 帶 帶式
屬	於 性 實 下 意 國 地 名
屯	田 積 兵 墾 紮 里 糧 駐
山	莊 區 坡地 鄉 地 水 上 路
屹	立不搖 立 立不動
岌	岌可危 岌不保
岐	路 黃 伯 周 婆 山 山縣 嶷
岑	寂 春
岔	路 開 口 子 道
岡	山鎮 山 石 比亞 陵 巒 巒起伏 底斯
岩	石 層 壁 心 礁 漿 洞 岸
岬	角
岳	父 飛 母 陽 陽樓 家 丈 州
岷	江
岸	邊 上 頭 然 然道貌
峙	立
峨	嵋 眉 眉山 嵋山 嵋派
峪	口
峭	壁 寒 立 拔 急 直
峰	迴路轉 值 巒 峰 巒起伏 迴 巒翠疊 點
峴	港
島	嶼 上 國 內 民 外 內居民 外居民
峻	嶺 德 峭 法 厲 岭 急 節
峽	谷 灣 口 江 彎海岸
崁	頂
崆	峒 峒山
崇	拜 德 洋 高 尚 光 明 敬
崎	嶇 嶇不平 嶇難走
崑	山 曲 崙 山工專 腔 崙山 崙山脈
崔	巍 瑗 璦 述
崖	壁 鹽
崗	位 哨 亭 地 警 位責任 子 樓
崙	背
崚	嶒
崛	起
崢	嶸
崩	塌 潰 坍 盤 解 壞 落 裂
崽	子
嵇	康
嵌	入 入式 鑲 塊 石
嵐	煙波影
嵩	山 縣
嵯	峨
嶄	新 露頭角 現 露
嶙	峋
嶺	東商專 東 南 北 線
巉	巖
巍	巍 峨 然 然矗立 巍泰山
巔	峰 峰狀態
巖	石 層 洞 居 居穴處 心 溶 漿
川	菜 流不息 流 芎 江 北 漢鐵路 資
州	立大學 立 長 郡 名 縣 際 牧
巡	迴 禮 視 邏 航 迴演出 弋 防艦
巢	穴 湖 窟 毀卵破 脾
工	商 作 程 業 具 作室 廠 場
左	右 營 邊 手 側 營區 鄰右舍 轉
巧	克力 妙 合 思 遇 藝 手 奪天工
巨	大 集 人 星 石 型 擘 匠
巫	婆 士 師 術 山 毒 毒卡 毒娃娃
差	異 額 距 別 不多 勁 點 異性
己	身 任 見 二酸 所不欲 飢己溺
已	經 有 於 是 經有 將 知 達
巳	時
巴	黎 西 士 拉圭 基斯坦 拿馬 比 哈
巷	道 子 口 弄 戰 裡 名 議
巾	幗 幗英雄
市	場 長 立 民 府 電 區 面上
布	袋戲 局 丁 袋 料 農族 袋鎮 施
帆	布 船 布鞋 布袋 檣 布椅 布包 布床
希	望 臘 世 伯來 爾 特勒 爾頓 臘文
帑	藏
帕	格尼尼 爾 米爾 子 瓦羅第
帖	子 上 服
帘	子 子布 子線 布
帚	子 柄
帝	國 王 國主義 君 雉 制 國大廈 號
帥	哥 氣 印
師	資 生 大 範大學 範學院 院 父 範
席	次 捲 位 間 地而坐 地 設 面
帳	號 戶 單 款 務 目 面 簿
帶	來 動 領 給 有 回 到 狀
帷	幕牆 幕 幄 帳 堂 幔 握
常	見 常 用 識 事 式 是 會
帽	子 上 沿 邊 帶 舌 檐 章
幀	頻
幅	度 射 員 員遼闊 寬 員廣大 射線
幌	子 動
幕	後 僚 前 府 前幕後 後英雄 府將軍 府時代
幛	子
幡	然 兒 幟 然悔悟
幢	幢 幡
幣	值 制 帛
幫	助 忙 幫忙 浦 幫 派 主 手
干	擾 涉 預 貝 政 戈 支 係
平	均 價 衡 面 裝 台 常 安
年	度 代 齡 底 輕 前 來 內
并	行 吞 力
幸	福 運 好 而 虧 福戲院 運兒 福家庭
幹	部 事 線 嗎 什麼 掉 道 事會
幻	想 燈片 象 影 境 燈機 覺 化
幼	兒 稚園 獅 教 稚 蟲 童 稚教育
幽	默 靈 浮 幽 門 雅 情 谷
幾	乎 個 年 天 次 位 種 點
庇	護 佑 蔭 護所
床	上 位 頭 墊 單 舖 罩 下
庋	藏
序	號 言 列 破急 幕 曲 文 論
底	下 部 片 止 價 層 盤 座
庖	丁 廚
店	員 面 家 名 長 舖 裡 主
庚	子 子賠款 帖
府	城 上 中 外 第 後 兵 學
庠	序
度	過 假 量衡 量 數 日 角 外
座	談會 談 位 標 椅 落 右銘 墊
庫	存 存量 藏 房 倫 存現金 容 銀
庭	園 院 長 內 上 外 外和解 訊
庵	主 堂 兒
庶	人 務 事 士 民 務組 幾 子
康	樂 寧 復 乃馨 熙 健 德 定路
庸	俗 才 庸碌碌 俗化 碌 人自擾 人 醫
廁	所 坑 牏 神 足 身 紙 身其間
廂	房 兵 官 鋪
廄	肥
廈	門 門市 房 門人
廉	潔 價 宜 售 讓 能 明 恥
廊	道 下 坊 房 簷
廒	間
廓	清 大鏡 落
廖	述良
廚	房 師 具 藝 櫃 子 娘 灶
廝	殺 守 混 打
廟	宇 口 會 裡 堂 祝 主 神
廠	商 牌 房 家 名 長 址 外
廢	棄物 料 水 棄 氣 止 紙 除
廣	告 場 播 泛 大 東 播電台 州
廩	倉 膳
廬	山 舍 江 州
廳	長 舍 堂 房 事
延	長 伸 平 續 遲 後 誤 期
廷	長 尉 杖 布
建	立 議 築 設 國 構 築物 築師
廿	一 七 三 九 二 五 八 六
弁	言
弄	清 乾 到 好 錯 臣 出 髒
弈	棋 具
弊	端 案 病 害 絕風清 多利少 少利多 惡
式	微 樣 子 名
弒	父 君 君大罪 母
弓	箭 弦 形 著 手 箭步 弩手 背
弔	祭 唁 喪 慰 掛 文 客 架
引	擎 起 進 發 用 導 爆 述
弗	洛伊德 蘭格爾
弘	光 法 揚 道 毅 大 仁 光護專
弛	緩 廢
弟	兄 弟 子 妹 兄們 妹們 媳 婦
弦	樂 樂器 歌 月 外之音 音 切角 樂隊
弧	菌 形 度 線 光燈 光
弩	箭 手 張劍拔
弭	平 亂 兵 兵之會 忘 患 謗
弱	勢 視 點 勢團體 者 小 酸 肉強食
張	貼 老師 寶 家 開 力 數 先
強	調 化 烈 力 制 大 度 渡
彆	扭 拗 腳 氣 著
彈	性 劾 彈 簧 藥 奏 珠 跳
彌	補 陀 月 勒 撒 賽亞 勒佛 留
彎	曲 道 腰 彎 下 刀 腳 矩
彖	辭
彗	星
彙	編 報 集 整 輯 總 纂
彝	族
形	成 式 象 態 狀 容 勢 像
彤	雲
彥	士
彩	色 虹 繪 筆 色筆 帶 券 雲
彪	炳 形大漢 形
彫	刻 塑 琢 刻刀 刻品 塑家 漆 飾
彬	彬 彬有禮
彭	德懷 城 祖 佳嶼
彰	化縣 化 化市 銀 顯 化人 德 明
影	響 視 像 片 本 展 印 城
彷	彿 徨 徉
役	男 畢 卒 齡 種 使 期 於外物
彼	此 得 此之間 岸 時 等 此間 此彼此
往	往 前 來 後 下 上 事 返
征	服 戰 收 服者 討 伐 途 兵
徂	暑 謝 逝
待	遇 查 辦 續 在 人 機 命
徇	私舞弊 私 私枉法 情 情枉法 私情 義
很	好 難 大 快 少 有 久 多
律	師 法 師公會 令 例 詩 己 呂
後	來 續 面 者 悔 學 援 會
徐	福 州 徐 志摩 匯 緩 步 世昌
徑	賽 向 路 直 行 自 流 度
徒	步 弟 刑 然 手 增 勞無功 有
得	到 獎 以 知 票 很 於 分
徘	徊 徊不前
徙	居
徜	徉 徉於
從	事 此 未 前 一 小 中 而
御	宅 宅族 用 史 書 花園 夫 林軍
徨	徨
復	興 健 建 出 合 甦 活 原
循	環 序漸進 序 環系統 理 法 環性 規蹈矩
徬	徨
徭	役
微	軟 粒 生物 笑 電腦 積分 波 米
徯	徑
徵	求 收 信 信所 稿 到 文 詢
德	國 州 文 育 性 行 語 興
徹	底 夜 查 底清除 徹底底 悟 骨 頭徹尾
徼	亂 亭 外 巡 循 福 道 幸
徽	章 號 墨 幟
心	情 理 裡 靈 中 聲 臟 得
必	須 要 修 然 要時 備 定 有
忉	利天 忉 怛
忌	妒 諱 憚 口 日 辰 刻
忍	不住 受 耐 者 痛 心 著 住
忐	忑不安 忑
忒	兒摟 楞楞
忖	度 量
志	願 成 業 同道合 向 趣 工 士
忘	了 記 不了 掉 憂 卻 懷 年
忙	碌 人 著 於 亂 忙 裡偷閒 不迭
忝	然
忠	於 孝 孝路 誠 實 義 貞 孝醫院
忡	忡
忤	逆 違
快	訊 速 樂 報 捷 來 遞 感
忮	求
念	佛 頭 書 念 珠 著 了 念不忘
忸	怩 忸怩怩 怩不安 怩作態
忽	然 略 視 然間 見 必烈 而 冷忽熱
忿	怒 忿不平 恨 忿 忿然 然 言 鷙
怎	麼 樣 麼辦 麼樣 麼會 麼說 會 能
怏	怏 怏不樂 嚇
怒	吼 氣 火 意 罵 斥 目 氣沖沖
怔	怔
怕	怕 死 什麼 人 冷 生 事 熱
怖	懼
怙	恃 惡不悛
思	考 想 念 維 潮 源 索 緒
怠	惰 忽 慢 工 忽職守 職 慢心理 散
怡	然 人 情 然自得 情養性 神 悅 情悅性
急	性 診 救 速 需 須 難 劇
怦	然 怦
性	質 別 能 格 感 愛 教育 行為
怨	恨 言 女 天尤人 尤 氣 聲載道 偶
怪	獸 怪 物 異 人 客 不得 手
怯	懦 場 生生 弱 意 疑 頭怯腦
怵	目驚心 然 惕
恁	時 麼
恃	才傲物 寵而驕 強凌弱 勢欺人 強欺弱
恆	春 星 溫 久 毅 心 河 定
恍	惚 若 然 恍惚惚 然大悟 如隔世 惚之間 若隔世
恐	怕 龍 懼 怖 慌 嚇 怖份子 有
恕	道 邀 罪 不奉陪 不
恙	蟲
恚	怒 恨 憤
恟	恟
恢	復 宏 復過來 弘 恢 復起來
恣	意 情 意妄為 縱 肆 睢 橫
恤	民 孤 貧 金
恥	廉 辱 笑 骨 丘 毛
恨	不得 意 之入骨 死 人 不能 到 透了
恩	典 賜 怨 愛 師 客 寵 惠
恪	守 遵 守不渝
恫	嚇 瘝在抱 瘝在身 喝 瘝
恬	靜 淡 適 然 澹 不知恥 和
恭	喜 賀 禧 敬 請 祝 迎 喜發財
息	息相關 肉 事寧人 兵 怒 影 火 戰
恰	當 好 巧 恰 到好處 似 如 如其分
悃	誠
悄	悄話 悄 然 聲 然離去 然淚下 然而去
悅	耳 目 耳動聽
悉	數 心 皆 聽尊便 聽
悍	將 然 婦 妻 人 戾 然不顧 然毀約
悒	悒 悒不快 悒不樂 悒不歡 悒不然 然 鬱寡歡
悔	改 恨 意 悟 過 不當初 過書 婚
悖	逆 理 謬 禮 亂 入悖出
悚	然 懼
悟	解 性 道 出 出來 力
悠	久 閒 遊 悠 揚 然 哉 長
患	者 有 病 難 部 上 得患失 處
您	好 要 們 說
悱	惻
悲	傷 劇 哀 慘 觀 歌 痛 慟
悵	然 惘 悵 然若失 望 惘若失
悶	熱 著 死 悶 騷 氣 在 在心裡
悸	動 慄
悻	悻 悻然 悻而去
悼	喪 念 詞 亡 文 歌 痛 惜
悽	悽 慘 涼 厲 愴 惻 楚 然
情	報 形 況 勢 緒 人 感 趣
惆	悵 然
惇	厚 惇 樸 睦 篤 誨 謹
惋	惜 傷 愕 歎
惑	眾 亂
惕	厲 懼
惘	然 然若失
惛	懵
惜	福 別 售 物 別會 字 陰 墨如金
惟	有 一 恐 獨 妙惟肖 心 利是圖 命是從
惠	賜 施 民 安 鑒 州 陽 顧
惡	化 意 性 劣 魔 魔黨 夢 質
惦	記著 記 著 念著 念 掛著 懷 掛
惰	性 性氣體
惱	人 羞成怒 怒 火 恨 亂 火起來
想	要 到 像 有 法 起 想 看
惴	惴不安 惴 慄 恐
惶	恐 惶 惑 然 懼 急 遽 恐狀
惹	人 來 人厭 火 出 起 禍 事
惺	忪 惺相惜 惺 惺作態
惻	隱之心 隱 然
愀	然 然變色
愁	雲慘霧 苦 緒 眉苦臉 容 雲 腸 眉不展
愆	罪 過
愈	來愈 好 快 演愈烈 用 加 來 來愈好
愉	快 悅 色
意	見 義 識 會 思 外 願 者
愒	時
愕	然 視
愚	民 蠢 昧 人 笨 人節 弄 見
愛	情 心 上 樂 滋病 人 好 護
愜	意
感	謝 覺 染 到 情 受 動 言
愣	住 愣 著 小子 頭愣腦
愧	疚 對 於 為 色 不敢當 作 心
愴	然 然淚下 悼
愷	切 悌
愾	憤
慇	勤 勤招待
慈	濟 善 悲 善事業 愛 惠 湖 心
態	度 勢
慌	張 忙 亂 了 慌 慌張張 了手腳 張張
慍	色 恚 懟 容 怒
慎	重 防 重考慮 思 重其事 密 終追遠 言
慓	悍
慕	容 尼黑 名 名而來
慘	重 遭 劇 痛 烈 死 叫 敗
慚	愧 色
慟	哭
慢	慢 性 性病 跑 了 速 用 動作
慣	例 用 性 習 於 有 常 用語
慧	眼 星 能 心 根 遠 黠 劍
慨	然 嘆 允 歎 然相助
慫	恿
慰	問 問金 留 藉 勞 勉 勞品 問信
慳	吝
慴	伏
慵	懶
慶	祝 典 幸 生 賀 祝大會 生會 元
慷	慨 慨解囊 慨激昂 慨就義 慨陳詞
慼	慼
慾	望 海 念 火 火焚身 令智昏 壑難填 障
憂	鬱 慮 心 傷 鬱症 愁 心忡忡 患
憋	氣 不住 悶
憍	慢
憎	恨 惡 厭 嫉 嫌
憐	憫 惜 愛 恤 憫之心 香惜玉 才
憑	證 借 著 藉 單 藉著 據 空
憒	亂
憔	悴 悴不堪
憚	改 煩
憤	怒 慨 恨 憤不平 世嫉俗 憤 世 懣
憧	憬 憧
憨	厚 傻 直 笑 子 實 態 癡
憩	息
憫	傷 恤 惜
憬	悟
憲	法 政 政改革 兵 章 宗 兵隊 政時期
憶	起 舊 及 念 測 苦思甜
憾	事 動 恨
懂	事 了 人意
懇	請 求 切 談 親會 託 辭 摯
懈	怠 弛 惰 慢
應	用 該 用軟體 有 該是 徵 用於 付
懊	惱 悔 喪 惱不已 悔不已 悔莫及 喪起來
懋	績
懍	然 厲 懍
懞	懂
懦	弱 夫 怯
懨	懨 懨縮縮 煎
懲	罰 治 戒 處 辦 一儆百 一警百 前毖後
懵	懂 然 懵 懵懂懂 懵無知 懵然
懶	惰 人 洋洋 散 覺 懶 得動 懶散散
懷	疑 孕 念 抱 著 舊 中 裡
懸	浮 掛 吊 賞 疑 殊 崖 空
懺	悔 悔錄
懼	怕 於 內 高症 色 高
懾	服 息 慴
懿	旨 德 行 範 事
戀	愛 情 人 曲 慕 棧 歌 家
戈	巴契夫 壁 矛 蘭高地
戊	戌變法 戌政變
戍	守 衛 卒 邊
戎	裝 馬 馬生涯 機 衣 馬倥傯 事 服
成	立 為 長 功 果 績 本 員
我	們 的 國 要 們的 是 想 有
戒	指 菸 律 備 掉 嚴 煙 嚴時期
戔	戔
戕	害 賊
或	是 許 者 有 者是 在 許是 與
戚	戚 戚焉 繼光 家軍 然 容 屬 舊
戛	然 戛
戟	狀
戡	亂 亂時期 定
戥	子
截	止 取 至 稿 然不同 肢 斷 彎取直
戮	力 力同心
戰	時 爭 士 略 鬥 神 績 後
戲	院 劇 曲 團 迷 碼 水 劇性
戳	記 破 穿 印 戳 子 戳看
戴	著 了 上 奧辛 安娜 維 在 高樂
戶	外 籍 名 政 籍謄本 口名簿 外活動 口
戽	斗 水
戾	氣
房	屋 間 地產 子 價 地 東 車
所	以 有 屬 需 謂 得 在 有權
扁	平 帽 桃腺 桃腺炎 柏 食 擔 平足
扇	形 子 狀 動 開 舞 骨 子舞
扈	從
扉	頁
手	冊 術 續 中 段 法 指 掌
才	能 是 會 有 可以 睡 藝 媛
扎	根 實 到 針 扎 伊爾 手 扎實實
扑	打
扒	竊 手 起 開 出 土 山虎 灰
打	開 算 擊 電話 破 字 造 敗
扔	到 在 掉 下 給 出 下去 來扔去
托	兒所 福 拉斯 兒 運 盤 辣斯 人
扛	著 起 在 下 去 上 了 起來
扞	格 拒 禦
扣	除 繳 抵 押 除額 繳憑單 留 減
扦	插
扭	力 曲 轉 傷 動 矩 頭 結
扮	演 演著 成 相 作 著 裝 鬼
扯	鈴 上 到 出 下 後腿 開 破
扳	手 倒 機 開 起 轉 不倒 成
扶	助 輪社 養 持 手 植 著 在
批	評 發 判 次 准 號 發商 改
扼	殺 要 腕 要說明 止 守 流圈 住
找	到 不到 出 尋 個 回 了 人
承	辦 認 諾 受 攬 租 保 銷
技	術學院 巧 術 能 藝 師 術人員 術合作
抄	襲 錄 寫 本 下 手 錄編目 家
抆	拭 淚
抉	擇
把	握 手 守 關 妹 頭 戲 玩
抑	制 止 或 制劑 鬱 制作用 揚頓挫 低
抒	情 發 解 情詩 情歌曲 壓 情歌 情文
抓	住 取 到 著 狂 下 起 出
投	資 影 入 票 資人 保 標 影機
抖	動 出 了 落 擻 動著 抖 開
抗	議 體 爭 生素 拒 菌 原 癌
折	扣 價 磨 舊 射 合 疊 讓
抨	擊
披	薩 露 著 上 衣 風 頭 肩
抬	頭 起 起頭來 高 轎 舉 著 槓
抱	歉 抱 怨 著 在 負 持 上
抵	達 抗 押 抗力 制 押權 擋 銷
抹	黑 布 煞 殺 去 上 了 抹
押	出 金 匯 韻 著 解 送 運
抽	獎 取 出 象 籤 菸 樣 查
抿	著嘴 嘴 嘴笑 著 著嘴笑 住
拂	拭 曉 塵 面 去 袖而去 逆 袖
拄	著
拆	除 卸 遷 解 信 封 開 下
拇	指 趾 印 戰
拈	花惹草 連 花 香 掇 花弄月 花微笑 度
拉	丁美洲 回 丁 環 近 鍊 票 著
拊	掌
拋	棄 開 光 售 磚引玉 出 下 物線
拌	勻 點 和 著 嘴 勺 種
拍	攝 賣 照 賣會 片 拍 出 到
拎	下來
拏	雲 空 雲攫石
拐	杖 彎抹角 彎 子 走 騙 到 了
拒	絕 收 絕往來 答 繳 買 看 斥
拓	展 寬 荒 荒者 樸 殖 墾 撲
拔	刀 河 出 除 掉 擢 牙 劍
拖	吊 曳 延 累 著 車 鞋 到
拗	口 性 口令 句 強 彆 救
拘	役 束 提 捕 禁 留 泥於 謹
拙	作 劣 見 著 夫 於 於言詞 筆
拚	命 死 死拚活 經濟 鬥
招	標 生 收 募 生簡章 牌 待 考
拜	訪 託 會 拜 服 望 讀 占庭
括	弧 號 約肌 除
拭	目以待 除 去 乾 淚 目 淨
拮	据
拯	救
拱	手 門 橋 豬 形 出 廊 手讓出
拳	擊 頭 法 王 術 打腳踢 擊手 手
拴	在 住 著 上 鎖 馬 上來 上去
拷	貝 打 問
拼	圖 命 音 盤 字 貼 貼畫 湊
拾	穗 到 起 獲 回 荒 遺 得
拿	到 出 著 來 起 下 去 掉
持	續 有 股 久 續性 平 分 刀
挂	名 帥 念 號 圖 彩 車 鉤
指	示 導 出 南 標 定 教 數
挈	領
按	鍵 件 下 鈕 此 照 摩 日
挎	包
挑	戰 選 起 剔 釁 片 逗 出
挖	掘 出 角 土機 到 掘出 開 空
挨	了 打 罵 餓 家挨戶 揍 著 過
挪	威 移 用 出 威人 動 威文 開
挫	折 敗 折感 傷 敵 冰 辱
振	動 興 盪 奮 幅 盪器 作 聲
挹	注
挺	身 進 好 身而出 拔 立 有 不錯
挼	搓
挽	救 回 留 著 起 袖 住 手
挾	持 著 帶 住 制 到 恨 書律
捅	了 進
捆	綁 紮 工 在 縛 住 了 成
捉	弄 住 到 迷藏 摸 襟見肘 拿 摸不定
捋	胳膊 臂將拳 臂揎拳 袖揎拳 采 奶 虎鬚
捍	衛 衛戰士 拒 然 禦
捎	來 帶 信兒 去
捏	造 合 成 著 住 把冷汗 死 碎
捐	贈 款 助 獻 血 出 贈者 書
捕	捉 手 魚 撈 獲 食 殺 鯨
捧	場 著 起 腹 腹大笑 出 上 住
捨	不得 棄 得 去 命 身 我其誰 本逐末
捫	心自問 心 住 診
捭	闔 闔縱橫
捯	線
捱	到 了 過 打 餓 得住 苦 著
捲	入 動 軸 起 土重來 曲 毛 筒
捵	麵
捶	打 胸頓足 胸 平 鍊
捷	運 徑 克 運系統 報 安特 運局 足先登
捺	印
捻	起 搓 花微笑 軍 亂 匪 度 斷
掀	起 開 動 了 倒 出 出來 到
掂	倈 對 折 掇 提 斤估兩 斤抹兩 斤播兩
掃	描 描器 瞄 瞄器 描機 蕩 除 地
掄	起 刀 材 棍
掇	拾
授	權 課 予 與 權書 業 乳 精
掉	了 落 下 到 以輕心 下來 入 在
掌	握 上 理 櫃 聲 管 權 故
掏	空 出 腰包 錢 出來 耳朵 到 槽
掐	死 住 著 到 斷 喉嚨 指一算 算
排	行榜 行 名 放 序 列 除 在
掖	縣
掘	出 起 進 地 金 出來 去 起來
掙	扎 到 脫 扎著 開 錢 出 命
掛	號 牌 在 了 失 上 著 帥
掠	奪 過 奪者 取 地 走 殺 美
採	購 用 取 訪 樣 行 集 光
探	討 索 究 險 測 訪 長 勘
掣	肘 電 後腿
接	受 觸 著 近 收 續 下來 見
控	制 制台 制器 告 訴 球 制板 制權
推	薦 動 出 廣 展 行 理 銷
掩	埋場 埋 飾 蓋 護 不住 住 映
措	施 手不及 辭 詞 置 手 款 辭不當
掬	水 誠
掮	客
掰	開
揀	選 出 去 開
揆	度
揉	合 成 揉 著 捻 搓 碎 成一團
揍	了 人 過
揎	拳擄袖 拳裸袖 拳捋袖
描	述 寫 繪 繪出 圖紙 圖 摹 畫
提	供 出 高 昇 升 到 名 醒
插	花 入 座 圖 畫 頭 曲 在
揖	讓 拜 謝
揚	聲器 言 州 棄 起 名 程 威
換	算 言之 成 了 句話說 手 新 發
揠	苗助長
握	手 著 住 有 緊 拳 權 力
揣	測 摩 情 度 測之詞 量
揩	油
揪	出 住 出來 起來 出去
揭	曉 露 開 幕 示 發 櫫 開序幕
揮	發性 別 手 發 桿 舞 之不去 動
援	助 手 引 外 用 救 軍 例
揶	揄
揹	包袱 負 黑鍋
搆	不著 怨 陷
損	失 害 壞 傷 害賠償 益 毀 益表
搏	鬥 擊 戰 手
搓	揉 成 手 到 板 過 過來 過去
搔	癢 頭 到癢處 擾 首 首弄姿 手 頭摸耳
搖	滾 桿 頭 擺 籃 晃 搖頭 乳
搗	蛋 毀 亂 碎 蛋鬼 爛 鬼 米
搜	尋 索 集 尋引擎 救 查 羅 捕
搞	清楚 定 怪 笑 錯 什麼 頭 鬼
搢	紳
搥	打 胸頓足 背 胸 鼓
搦	管
搧	風 動 耳光 開
搨	本 碑
搪	瓷 塞 缸
搬	家 上 運 到 遷 移 出 進
搭	配 乘 機 上 檔 載 車 建
搯	出來 耳朵
搶	救 先 劫 奪 購 走 灘 修
搽	粉 著 藥
搾	取 渣 甘蔗
摀	住 蓋
摑	耳光
摒	棄 除 出 擋
摔	角 倒 到 下 死 跤 傷 下來
摘	要 自 錄 錄自 譯 下 除 取
摟	抱 住 摟 摟抱抱 錢
摧	毀 殘 折 花 枯拉朽 毀力 毀性
摩	托 擦 登 西 爾 洛哥 擦力 天
摭	取 拾遺文 採
摯	誠 愛 友 情
摳	門 到 出 出來 掉 摟 破
摸	索 彩 咪咪 到 魚 乳 了 不著
摹	擬 仿 寫 倣 畫 本 古 刻
摺	紙 疊 痕 扇 疊扇 疊為 疊起來 合
摻	合 雜
撂	下 倒 下來 奪 手
撇	開 清 下 在 掉 去 嘴 撇嘴
撈	起 到 一票 取 魚 起來 本 去
撐	著 起 到 開 腰 不住 住 傘
撒	但 水 旦 嬌 下 謊 野 種
撓	度 曲 鉤 鉤手
撕	裂 票 下 毀 開 去 掉 成
撙	節 省
撚	線 指間 斷 指 指之間 搓 鬚
撞	球 擊 上 到 死 牆 球場 倒
撟	掇 舌 捷
撢	子 灰
撤	銷 回 退 換 離 資 出 職
撥	號 動 款 出 付 冗 接 用
撩	起 人 撥 亂 動 開 逗 上
撫	卹 摸 慰 養 育 遠 平 順
撬	開 門 了 起 起來 上 上來 上去
播	放 出 種 送 報 音 遷 下
撮	合 要 和 弄 到 口呼 子
撰	寫 述 文 稿人 稿 寫人 擬 書
撲	滅 殺 克牌 克 朔迷離 鼻 滿 向
撳	住 扭
撻	伐
撼	動 搖 天動地
撿	到 拾 便宜 起 回 了 起來 球
擁	有 抱 擠 護 塞 抱著 戴 入
擂	台 台賽 鼓 臺 茶 缽 起
擄	獲 人勒贖 掠
擅	自 長 場 於 用 長於 改 離職守
擇	友 期 要 偶 善固執 吉 日 伐
擊	敗 出 球 中 沈 斃 倒 落
擋	住 風玻璃 下 風 不住 了 人 在
操	作 場 縱 作手冊 練 行成績 作員 行
擎	天 天大樓
擒	拿 住 賊擒王 獲 捉 服 賊 賊擒首
擔	任 心 保 憂 當 負 待 綱
擘	畫
據	點 說 了解 悉 此 報 稱 傳
擠	壓 兌 滿 進 出 在 了 破
擢	升 昇 用 為 髮難數
擣	衣
擤	鼻涕
擦	拭 身而過 乾 亮 肩而過 傷 去 掉
擬	定 訂 於 具 議 妥 在 辦
擯	棄
擰	乾 住 下 下來 下去 斷 笑 緊
擱	淺 置 在 下 筆 著 延 著不管
擲	地 交 骰子 下 地有聲 瓶 還 棒
擴	大 充 張 展 散 建 增 大機
擷	取
擺	脫 在 設 動 出 放 飾 佈
擼	子
擾	亂 動 人 攘 民 人清夢 亂治安
攀	登 升 上 緣 附 枝 談 越
攆	出 出來 出去 去 走 跑 開
攏	總 絡
攔	截 下 阻 住 路 沙壩 腰 在
攘	攘 夷 奪 災 除 土 袂
攙	扶 雜 和 扶著 雜著 住 假 合
攛	掇 高
攜	帶 手 出 帶型 帶式 帶方便 家帶眷 手同心
攝	影 影機 取 氏 影社 護腺 影師 食
攢	錢 眉 錢罐
攣	弱 攣 踠
攤	位 販 還 提 開 子 牌 了
攪	拌 局 拌機 和 動 拌器 亂 勻
攫	取 住 去 奪
攬	勝 貨 權 筆 頭
支	援 持 出 付 票 撐 持者 配
收	盤 到 入 集 錄 費 藏 支
攸	關 然 戚相關 攸之口
改	善 變 革 進 為 良 造 裝
攻	擊 克 剋 勢 讀 擊性 打 擊力
放	在 棄 款 射性 大 入 置 射
政	府 治 策 黨 事 府機關 治大學 大
敁	敪
故	事 意 鄉 障 宮 有 而 此
效	果 率 益 應 能 力 用 法
敉	平
敏	感 銳 感度 感性 捷 惠 慧 華
救	助 援 濟 救 護 命 國團 災
敕	封 令 命 授
敗	壞 血症 訴 北 在 戰 類 陣
敘	述 事 利亞 說 舊 述著 事詩 敘
教	育 學 師 授 室 育部 材 會
敝	友 人 國 姓 舍 屣 帚自珍 塞
敞	開 篷 篷車 蓬車 著 亮 露 口
敢	想 說 在 去 問 於 不 來
散	文 發 熱 播 步 布 會 射
敦	化南路 化北路 煌 化 促 聘 親睦鄰 請
敬	請 事 上 拜 老 業 祝 意
敲	定 門 打 擊 了 著 開 出
整	合 個 體 理 形 治 天 修
敵	人 對 意 方 軍 手 我 機
敷	衍 料 臉 在 衍了事 面 設 藥
數	位 量 學 據 字 據機 值 學系
斂	財 色 錢 容 衣 衾 跡
斃	命 掉
文	章 化 件 字 學 獻 教 物
斐	然 濟 冷翠 然成章
斑	點 紋 馬 鳩 駁 白 斕 馬線
斗	六市 南 六 笠 大 膽 爭 篷
料	理 量 到 理店 中 事 想 得
斜	坡 視 率 面 線 紋 度 體
斟	酌 酒 滿 酌一下
斡	旋 旋到底
斤	斤計較 兩 斤 兩不足
斥	資 責 候 退 之為 喝 罵 力
斧	頭 柄 子 鉞 政 鑿痕跡
斬	獲 斷 釘截鐵 首 妖 草除根 下 下來
斯	坦 文 里蘭卡 托 拉夫 特林堡 人 巴達
新	聞 台幣 竹 書 竹市 竹縣 檔 黨
斲	傷 輪老手
斷	落 層 線 電 裂 崖 了 面
方	式 法 面 案 向 便 位 塊
於	是 此 今 七 左 是乎 是就 斯
施	工 行 行細則 政 以 展 用 壓
旁	邊 人 白 聽 觀者 觀 系 若無人
旃	檀
旅	遊 行社 行 部 館 客 社 程
旋	轉 律 風 鈕 即 轉軸 風式 渦
旌	旗 表 節 旗招展 旗蔽空
族	群 人 長 譜 裔 繁 類 裡
旖	旎
旗	山 下 幟 艦 標 子 魚 袍
旡	妄之災
既	然 有 是 不 定 得 已 存
日	期 本 曆 立 前 文 子 後
旦	角 夕 旦 夕之危 夕之間 夕禍福 暮
旨	在 意 趣 義 酒佳肴
早	期 已 上 餐 就 在 日 晨
旬	刊 日
旭	日 日東昇 日東升 日初升
旮	旯
旰	食
旱	田 災 地 象 季 鴨子 路 煙
旺	季 盛 旺 地 氣 市 月 盛起來
昂	貴 首 然 揚 貴品 首闊步 昂 然挺立
昆	蟲 明 陽 仲 蟲學 明城 明市 明池
昇	華 降 至 平 高 起 降機 到
昌	平 隆 明 盛 吉 都 言 黎文集
明	年 顯 天 白 星 確 日 細
昏	迷 倒 暗 了 睡 鴉 黃 厥
易	幟 事 經 於 位 學 懂 燃
昔	日 時 年 者 人 為 陽 歲
星	期 座 期五 期一 期四 期三 期二 期六
映	像管 像 象 射 著 照 入眼簾 在
昡	曜
春	天 秋 秋經 節 季 風 暉 光
昧	於 著良心 著 於事理 良心 心
昨	天 日 晚 夜 天上午 天下午 天中午 天夜裡
昭	和 告 彰 示 然若揭 然 著 雪
是	否 在 以 不是 個 誰 有 用
時	報 候 代 期 間表 間 刻 艱
晃	眼 晃 動 來 了 盪 蕩 來晃去
晉	級 升 見 江 身 用 代 書
晌	午
晏	子 子春秋 嬰 起 寢 然 飲
晒	圖 傷 乾 衣服 晒 衣 黑 衣架
晚	上 會 安 餐 間 宴 期 年
晝	夜 伏夜出 日 短夜長 長夜短 夜不息 寢 分
晤	談 面 商 見 談甚歡
晦	暗 澀 氣 明 跡
晨	報 曦 間 光 星 昏 間活動 操
普	通 遍 及 考 通考試 查 羅 遍性
景	觀 氣 色 象 美 物 緻 泰
晴	天 朗 空 天霹靂 空萬里 時多雲 和 轉多雲
晶	片 體 瑩 格 圓 粒 石 片卡
智	慧 慧型 力 能 利 力測驗 商 能不足
晾	衣服 衣架 衣繩 乾 衣 曬 著 完
暇	時 日
暈	眩 倒 車 厥 頭轉向 船 過去 機
暌	違
暑	假 期 修 期班 氣 修班 期部 訓
暖	化 氣 和 流 冬 溫帶 爐 色
暗	箭 示 戀 中 暗 房 自 殺
暝	想 色
暢	銷 遊 通 談 快 旺 飲 銷書
暫	時 停 行 緩 譯 存區 時性 定
暮	光 色 光之城 春 鼓晨鐘 年 秋 靄
暱	稱 交 友 愛
暴	力 利 戾 動 露 富 民 行
暹	羅 羅人 羅灣 羅貓
曆	法 書 數
曇	花 花一現
曉	得 明 陽 以大義 風殘月 悟 色 事
曖	昧 昧行為
曙	光 光乍現 色 曦
曚	曚曨曨 曨
曝	光 露 曬 氣 晒 氣槽 光表 衣
曠	野 課 世 職 達 廢 課時數 代
曩	昔
曬	太陽 乾 黑 成 曬 圖 衣 場
曲	線 子 折 面 調 棍球 球 目
曳	引機 光彈 影
更	新 多 是 改 加 有 好 換
曷	不 極 若
書	籍 目 店 名 局 法 面 香
曹	操 族 雪芹 丕 軍 植 爽 魏
曼	谷 特寧 麗 陀羅 谷市 哈頓島 延 陀鈴
曾	經 任 在 有 文 於 是 文溪
替	代 換 補 人 身 代品 代役 死鬼
最	後 新 近 佳 大 高 好 重
會	員 議 意 計 的 在 議室 長
月	份 刊 底 光 初 亮 考 經
有	限公司 關 效 些 點 沒有 時 限
朋	友 馳 黨 比為奸 輩 儕 分花用 黨為奸
服	務 務業 裝 用 務處 務站 務台 侍
朔	望 方 望月 日 月 氣 風 邊
朕	兆
朗	讀 誦 讀比賽 朗 朗上口 格 詠 誦會
望	遠鏡 著 安 向 見 遠 月 你
朝	陽 野 向 著 代 鮮 日 廷
期	刊 間 貨 待 限 望 末 盼
朦	朧 朦朧朧 朦 混 蔽 騙
木	材 柵 業 工 製 馬 雕 器
未	來 經 上 能 滿 到 曾 必
末	期 世 端 日 代 年 梢 了
本	站 校 會 身 公司 書 文 系
札	記 幌 實
朱	子 元璋 先 熹 紅 明 門 瑞
朴	子 子溪 實 素 硝 資茅斯
朵	朵 兒 頤
朽	壞 木 屋 敗 木糞土 邁
杆	子
杉	林 林溪 木 材 篙
杌	隉
李	登輝 總統 遠哲 家 白 子 斯 光耀
杏	仁 林 子 壇 花 仁豆腐 花村 樹
材	料 質 料力學 積 種 略 積表 能
村	里 民 落 莊 長 子 人 居
杓	子
杖	藜
杜	絕 鵑 康 甫 象 威 鵑花 塞
杞	人憂天
束	縛 手無策 腰 帶 手 腹 之高閣 緊
杭	州 州市 州灣 育
杯	子 葛 盤 底 水車薪 弓蛇影 中物 盤狼藉
杰	出
東	西 京 南亞 方 路 吳大學 海大學 部
杳	然 無人煙 無蹤跡 無音訊 如黃鶴 渺 無信息 茫
杵	臼
松	山區 下電器 山 江 下 鼠 山機場 林
板	橋市 橋 子 式 材 凳 本 車
枇	杷 杷膏 枇
枉	費 然 法 死 顧 死鬼 費心機 己正人
枋	寮 山
析	出 產 疑 字 木 爨 義
枒	杈
枕	頭 邊 木 邊人 頭套 套 席 戈待旦
林	業 口 園 森 肯 務局 邊 內
枚	舉
果	然 實 汁 園 樹 子 菜 酸
枝	葉 條 頭 幹 節 椏 子 枒
枯	葉 燥 竭 萎 死 草 木 黃
枴	杖 子
枵	腹從公 腹
架	構 設 上 式 子 在 空 次
枷	鎖
枸	杞 杞子 杞茶 橘
柄	政
柏	林 克萊 油 拉圖 油路 樹 林圍牆 木
某	些 一 種 個 人 位 某 天
柑	橘 園 桔 子 橘園
染	色 料 整 色體 髮 上 色性 液
柔	軟 道 和 情 性 柔 美 軟度
柚	子 木
柜	台 子 上
柞	樹
查	詢 看 核 獲 閱 證 尋 驗
柩	車
柬	埔寨 國 帖 請
柯	林頓 達 西 羅拉多 氏力
柱	子 狀 頭 石 廊 形 狀晶
柳	營 丁 葉 杉 州 絮 暗花明 條
柴	油 油引擎 油車 油機 火 門 米油鹽 刀
柵	欄 門 極 口
柿	子 餅 霜 糕
栓	塞 子 牢 劑 塞物
栖	栖皇皇
栗	子 色 鼠
校	園 長 友 務 外 區 友會 慶
栩	栩如生 栩 栩如繪
株	式會社 連 距 守 選
栲	栳
核	准 定 可 實 發 能 心 子
根	據 本 基 源 本是 本就是 治 植
格	式 局 鬥 格 外 子 式化 調
栽	培 種 植 贓 在 培法 進 花
桀	驁不馴 黠
桁	架 桷
桂	冠 林 花 圓 河 河大橋 林市 子
桃	園縣 園 源 園市 花 花源 色 竹苗
桄	榔
桅	桿 帆 杆 頂 座 竿
框	架 框 內 上 起來 下 住 出
案	件 例 子 情 內 由 發 卷
桉	樹
桌	面 球 布 椅 子 面上 巾 球隊
桎	梏
桐	油 城派 油樹 葉知秋
桑	田 樹 葉 葚 園 梓 麻 椹
桓	公 玄 溫
桔	梗 梗花 紅 槔
桴	鼓相應
桶	裝 子 狀 蓋 柑
桿	菌 子 直 狀 菌類 刀 秤 茵
梁	山泊 山 實秋 啟超 山伯 武帝 柱 任公
梅	花 山 子 爾 毒 花鹿 園 樹
梆	子 鈴
梏	桎 地
梓	官 匠 樹 里
梔	子花
梗	塞 概 住 在 節 阻 到 化
條	件 例 文 規 款 約 理 件下
梟	雄 首 匪
梢	頭
梧	棲 桐 州 桐樹 棲港
梨	山 園 子 花 形 樹 果 山賓館
梭	羅 哈 子蟹 魚 子 巡 子魚 梭
梯	次 度 子 形 田 隊 級 狀
械	鬥 彈 材
梳	了 子 洗 理 妝 頭 妝台 著
梵	谷 文 音 蒂岡 語 諦岡 唱 學
棄	置 權 物 守 絕 嬰 之可惜 婦
棉	被 花 布 紗 纖維 紙 質 織物
棋	士 盤 子 藝 社 手 局 譜
棍	棒 子 球 徒 道
棒	球 球隊 球場 球賽 子 法 打 壇
棕	色 櫚 樹 櫚油 櫚樹 壤 毛 殼蛋
棗	紅 泥 子 紅色 樹 莊 仁 樹林
棘	手 皮動物 輪 皮 爪
棚	架 子 鋪
棟	樑 梁 宇 梁之材
棧	道 橋 單 戀 房
森	林 林資源 林浴 森 林學系 林區 林地 嚴
棱	柱 台 角 錐 鏡
棲	息 身 於 所 居 息處 身之處 宿
棺	材 木 材板 槨 材店
椅	子 背 墊 套 披
植	物 物園 髮 株 被 物性 物學 物人
椎	骨 心泣血 髻
椑	柿
椒	鹽 料 麻雞
椪	柑
椰	子 林 城 油 子樹 子汁 菜 子類
椽	子
椿	萱 萱並茂
楊	梅鎮 梅 文 子 氏 桃 柳 逵
楓	葉 樹 紅 城 香 港 糖漿 紅時節
楔	子 形 形文字
楚	楚 留香 國 辭 王 人 漢 河漢界
楞	嚴經 住 楞 了楞 嚴咒 次定律 伽經 頭楞腦
楠	梓 木 梓區 西
楣	運 運當頭
楬	櫫
業	務 者 界 績 餘 主 已 務員
極	為 性 大 限 力 高 佳 度
楷	模 書 體 書體 體字 字 法
楹	聯
概	況 念 論 不 要 述 括 說
榆	樹 林港 莢 錢
榔	頭
榕	樹
榛	莽 果 榛
榜	單 上 樣 首 示 上有名 文 眼
榧	子
榨	汁機 汁 取 菜 油 乾 油廠 油機
榫	子 眼 頭
榮	獲 總 譽 耀 民 譽榜 幸 光
榴	槤 彈 彈砲 火 蓮
榻	榻米
槁	木死灰 木
構	成 造 想 圖 築 思 件 型
槌	球 子
槍	枝 械 砲 擊 戰 殺 聲 管
槐	樹 樹下
槓	桿 龜 桿原理 鈴 子 夫
槭	樹
槽	車 鋼 子 牙
樁	子 腳
樂	園 團 器 觀 趣 曲 章 意
樅	枝 樹
樊	籠 籬 遲 崇 石
樑	上 子 上君子 書
樓	層 梯 上 下 台 板 梯間 房
標	題 準 示 的 誌 緻 幟 識
樞	紐 機主教 機 密院 密使 軸
樟	樹 腦 木 腦丸 腦油 木箱
模	式 擬 型 組 糊 具 樣 特兒
樣	子 品 本 式 樣 板 貌 品屋
樵	夫 姑
樸	實 素 拙 直 修斯 學 實作風 野無文
樹	脂 林鎮 林 木 德 立 下 狀
樺	木 林 燭 皮臉 樹
橄	欖 欖球 欖油 欖樹 欖石 欖球賽 欖球場 欖形
橋	樑 頭 牌 藝 下 上 梁 接
橐	駝
橘	子 色 紅色 黃 黃色 紅 子汁 樹
橙	色 汁 黃 黃色 皮 木
橛	子
機	關 構 械 會 車 器 場 械工程
橡	木 膠 皮 皮擦 皮艇 樹 皮筋 皮圖章
橢	圓形 圓 球 圓體 圓柱 圓球 圓錐 圓面
橫	濱 向 跨 山 掃 行 式 線
檀	香山 香 香木 木 島 越 弓 板
檁	子 條
檄	文
檉	柳
檔	案 名 案室 案夾 期 案櫃 子 冊
檜	木
檢	索 查 驗 視 討 測 定 察官
檣	傾楫摧
檯	面 燈 子 布 球
檳	榔 榔汁 榔樹 子
檸	檬 檬汁 檬酸 檬茶 檬皮 檬水 檸
檻	車
櫃	台 檯 子 臺 上 櫥 房
櫛	比鱗次 比 風沐雨 沐
櫥	窗 櫃 子
櫻	花 桃 草 桃樹 唇 桃汁 桃酒 花季
欄	位 杆 柵 桿 干 架 板
權	利 力 益 威 限 利金 狀 勢
欑	宮
欠	缺 佳 稅 繳 款 債 身 薪
次	數 日 長 子 序 之 要 年
欣	賞 欣 慰 然 喜 欣向榮 見 榮
欲	望 求 罷不能 購從速 振乏力 得 言又止 蓋彌彰
欷	歔 吁
欸	乃
欺	騙 負 罔 壓 侮 凌 瞞 人
欻	忽 拉
欽	佩 差大臣 州 差 仰 慕 命 羨
款	項 式 待 目 額 款 實 子
歃	血為盟
歆	羨
歇	業 腳 斯底里 息 後語 了 歇 一會
歉	意 疚 收 著 過
歌	曲 劇 仔戲 手 詞 迷 唱 聲
歎	為觀止 息 氣 一口氣 服 傷 喟 息聲
歐	洲 美 陽 式 洲國家 裔 亞 洲地區
歔	欷
歛	出來
歡	迎 樂 喜 笑 唱 送 呼 愉
止	滑 於 痛 渴 跌 血 痛藥 息
正	確 常 在 式 是 事 視 室
此	外 時 一 次 處 為 地 刻
步	驟 道 行 入 伐 調 兵 步
武	道 器 林 功 力 俠 藤 術
歧	視 見 異 路 途 念 旁 義
歪	風 斜 曲 著 嘴 歪 理 著頭
歲	出 月 入 末 計 數 次 差
歷	史 年 程 經 屆 代 任 年來
歸	納 人 仁 屬 還 類 來 於
歹	徒 命 毒 念 路 事 人 命人
死	亡 了 亡率 後 者 刑 去 人
歿	世 地 而不朽 而無朽 身 世不忘
殂	沒 落
殃	及池魚 人貨 及無辜 國禍家 書 榜 煞 民
殄	悴 滅 瘁 竭 絕
殆	盡 無孑遺 無虛日 及
殉	職 情 道 難 道者 國 節 身
殊	不知 榮 勝 異 途同歸 難 屬 死戰
殖	民 民地 利 民者 民主義 產
殘	障 留 酷 廢 忍 餘 渣 存
殞	落 星 命 滅 沒
殫	力 心 思極慮
殭	屍 尸 蠶
殯	儀館 葬 殮 儀
殲	滅 滅戰 敵 擊機
段	式 落 考 段 名 數 祺瑞 落分明
殷	切 勤 商 實 墟 鑑 富 紅
殺	戮 手 人 死 菌 蟲劑 害 掉
殼	裡 子 兒
殿	堂 後 軍 下 宇 基 試
毀	滅 損 壞 謗 了 掉 滅性 容
毅	力 然 然決然 勇
毆	打 傷 打成傷 斃 罵 辱 擊 氣
毋	寧 寧是 庸置疑 庸 忘在莒 忘 庸諱言 庸贅述
母	親 豬 校 語 體 親節 的 子
每	月 年 日 天 一 個 次 週
毒	性 物 品 素 化 蛇 藥 害
比	較 賽 例 率 重 你 擬 照
毗	鄰 連 盧遮那
毘	婆沙部 曇宗 曇師 盧遮那
毛	豬 澤東 病 巾 利 額 髮 衣
毫	無 不 升 克 米 無疑問 微米 不猶豫
毬	果 花
毯	子
毳	幕
毽	子
氂	牛
氅	衣
氆	氌
氈	帽 毯 子
氍	毹
氏	族 譜
民	國 眾 進黨 間 俗 主 營 族
氘	核
氛	圍
氟	化物 化 化鈣 化氫 氣
氣	話 候 象 體 氛 象局 喘 質
氤	氳
氦	氣 族
氧	化 氣 化劑 化物 化作用 化碳 化氮 化鋁
氨	基 基酸 氮 水 化 基塑料
氫	氧化鈉 氣 氧 離子 原子 化 氟酸 氧化鈣
氮	氣 化 肥 素 源
氯	化 乙烯 酸 苯 氣 仿 離子 化氫
氰	酸 化物 化 化鉀 酸鹽 化法
水	準 泥 質 陸 電 產 果 族
永	遠 興 和市 續發展 和 久 安 恆
氾	濫 濫成災 氾
汀	州 洲
汁	液
求	才 職 援 助 學 救 生 得
汆	湯
汎	美 美航空 愛 神論 論 心論 汎 汎之輩
汐	止鎮 止
汕	頭 頭市
汗	水 青 腺 顏 流浹背 珠 斑 流
汙	染 水 泥 垢 辱 衊 點 濁
汛	期
汝	等 南 曹 輩 南王
汞	中毒 合金 溴紅 齊 污泥
江	湖 翠國小 南 蘇 山 蘇省 西 水
池	上 塘 水 子 魚 裡 魚之殃 沼
污	染 水 染物 染源 泥 損 穢 垢
汨	汨 羅江
汩	汩 沒
汪	汪 洋 洋大海 精衛
汰	舊換新 去 換 沙
汲	取 汲 汲營營 水 汲於 引 水桶 水機
汴	京
汶	萊
決	定 策 議 算 心 賽 戰 不
汽	車 化 油 缸 車旅館 水 球 門
汾	陽 水 河 酒
沁	入 人心脾
沃	土 野 野千里 依采克 壤 腴 瘠 野平疇
沆	瀣一氣 瀣
沈	重 積 澱 默 思 降 睡 醉
沉	重 默 澱 積 思 睡 沒 吟
沏	茶 油
沐	浴 浴精 浴乳 猴而冠 雨櫛風
沒	有 想到 錯 事 關係 借 辦法 收
沓	至 雜
沖	洗 喜 銷 印 繩 泡 壓 刷
沙	鹿 漠 灘 發 龍 拉 田 烏地
沛	然 沛
沫	兒
沮	喪 洳 泄 索
沱	江
河	川 洛 流 南 濱 北 水 口
沴	氣
沸	騰 點 水 石 沸 湯 騰床 騰鋼
油	壓 畫 漆 脂 價 墨 罐車 氣
治	療 安 癒 理 平 病 療法 國
沼	澤 澤地 氣 地 澤地帶
沽	名釣譽 酒
沾	上 染 濕 污 沾 沾自喜 有 水
沿	革 海 岸 著 途 線 用 路
況	且
泄	露 漏 殖腔 洪 氣 泄沓沓 恨 憤
泅	泳 水 水而過
泉	源 州 水 州市 州街 石 下 眼
泊	船 岸 位
泌	尿科 尿 尿外科 尿器 尿管 尿量
泔	水
法	律 規 國 令 人 院 定 案
泛	舟 政治化 起 指 美 濫 紅 音
泜	泜
泠	泠 洌
泡	沫 麵 泡 茶 水 湯 沫紅茶 綿
波	動 蘭 士頓 長 及 段 浪 羅
泣	不成聲 訴 血 鬼神 涕 別 然
泥	土 沙 漿 岩 濘 巴 砂 板
注	意事項 射 重 意到 入 音 意 意力
泫	然欲淚
泯	滅 沒
泰	國 山 雅 山鄉 安 北 勒 和
泱	泱 泱大國
泳	池 裝 衣 將 帽 員 褲
泵	浦
洄	游 瀾 遊
洋	船 蔥 娃娃 行 基 傘 溢 將
洒	脫 掃 水
洗	衣機 衣 淨 澡 滌 禮 手 衣店
洛	杉磯 克 陽 夫 伊 磯 磯山 神
洞	穴 悉 口 察 庭 庭湖 天 房
津	貼 津樂道 津有味 液 梁 渡 巴布韋 浦鐵路
洩	漏 露 洪 氣 題 了 題案 出
洪	水 流 患 災 門 峰 武 蘭
洲	際 際飛彈 界 渚
洶	湧 洶 湧澎湃 涌
活	動 力 潑 性 化 著 在 躍
洽	詢 談 商 購 辦 聞 公
派	員 出所 系 遣 人 出 對 駐
流	行 程 通 水 星 量 浪 星雨
浙	江 江省 大 贛 東 江人 西 省
浠	水
浣	熊 衣 洗 滌
浦	城 口
浩	瀚 然 劫 室 大 浩蕩蕩 浩 蕩
浪	漫 費 子 潮 人 板 花 漫主義
浮	生 現 動 點 雕 出 力 雲
浴	室 缸 巾 場 池 佛 血 簾
海	外 洋 岸 關 報 軍 域 上
浸	信會 泡 潤 水 漬 淫 染 在
浹	背 洽
涅	槃 字 槃寂靜 槃經 槃罪度 白 而不緇 面
涇	渭分明 渭 渭不分
消	費 費者 息 防 失 除 化 毒
涉	及 嫌 外 案 獵 入 足 水
涌	現
涎	皮賴臉
涓	涓 滴 涓細流 滴歸公
涔	涔 涔然 淚
涕	泣 淚 泗縱橫 零 泗
涪	陵
涮	羊肉 涮鍋 鍋子
涯	際
液	晶 體 化 態 壓 壓油 壓式 晶板
涵	養 義 意 管 育 化 蘊 容能力
涸	乾
涼	亭 爽 鞋 拌 風 涼 了 州
涿	鹿 鹿縣
淅	瀝 颯
淋	巴 巴球 巴腺 漓盡致 到 浴 巴結 漓
淌	血 淚 混水
淑	女 媛 德 慎 範 女車 女裝 懿
淒	淒 美 涼 慘 厲 然 清 迷
淘	汰 氣 金 汰賽 空 洗 米 氣鬼
淙	淙 淙流水
淚	水 痕 眼 珠 液 滴 流滿面 管
淡	水 江大學 江 水鎮 水工商 水河 淡 大
淤	積 泥 塞 血 沙 淺 滯
淨	值 化 土 是 室 利 水 重
淪	為 落 陷 喪 入 亡 於 陷區
淫	蕩 亂 水 婦 穢 威 慾 樂
淬	火 礪 勉
淮	南 陰 安 河 海 水 北
深	度 入 深 刻 受 圳 夜 處
淳	樸 風 厚 化
淵	源 博 藪 泉 壑 谷
混	合 凝土 亂 淆 沌 紡 濁 合物
淹	水 沒 死 溺
淺	談 見 水 淺 色 顯 顯易懂 海
添	加 加物 購 加劑 丁 增 上 置
淼	淼
清	單 楚 華大學 潔 除 水 華 理
渙	散 然冰釋
減	少 肥 輕 低 免 碳 緩 產
渠	道 水 魁
渡	假 過 輪 海 船 過難關 口 船頭
渣	滓 子 油
渤	海 海灣 海海峽
渥	太華 恩 丹 惠 飾
渦	輪 流 漩 輪機 輪引擎 旋式 蟲
測	試 驗 量 定 站 出 繪 定法
渭	水 河 河流域
港	澳 口 區 都 灣 務局 埠 幣
渲	染 染法
渴	望 求 慕 了 死 盼 愛 念
游	泳 泳池 標 離 走 擊隊 水 移
渺	小 茫 渺 無 無人煙 渺茫茫 不足道 無希望
渾	身 然 沌 厚 圓 然天成 渾噩噩 濁
湄	南河 公河 洲
湊	熱鬧 巧 到 合 近 在一起 成 出
湍	急 流
湔	雪前恥 洗 滌 雪
湖	口 泊 內 西 南 畔 北 北省
湘	潭 南 江 劇 軍 水 繡 桂黔
湛	藍 江 然 深
湧	入 現 泉 進 出 起 上 向
湮	沒 滅 滅證據 遠
湯	姆 匙 圓 尼 頭 包 麵 水
源	自 由 於 頭 流 源 源不絕 泉
準	備 則 確 時 確度 備金 決賽 確性
溘	然 然而逝 謝 逝
溜	冰 冰鞋 冰場 溜 走 滑梯 了 進
溝	通 渠 槽 道 壑 床 洫 坑
溢	位 價 出 流 於言表 洪道 滿 利
溥	儀
溧	陽
溪	湖 流 頭 口 水 州 谷 釣
溫	度 馨 泉 柔 暖 室 哥華 和
溯	源 流而上 江而上 流
溴	甲烷 酸 化鉀 化物 化銀 水 酸鹽
溶	液 劑 解 於 化 解度 入 血
溷	濁
溺	水 斃 愛 死 谷 床 職
溼	地 度 潤 疹 透 熱 度計 氣
溽	暑
滂	沱 沱大雨 沛 渤 湃 澤 霈
滄	桑 海 海桑田 州 浪 海遺珠 海一粟 溟
滅	火 絕 亡 火器 菌 口 頂 種
滇	池 緬 西縱谷 緬公路 茶 越鐵路
滋	味 養 潤 生 補 長 事 擾
滌	綸 除
滎	陽
滑	鼠 鼠墊 雪 落 板 動 輪 行
滔	滔 滔不絕 天 天大罪 天大禍
滕	文公
滬	江 市
滯	留 後 銷 後現象 延 礙 礙難行 留鋒
滲	透 出 入 漏 水 透性 透壓 透到
滴	定 滴 水 落 血 下 定法 答
滷	蛋 味 水 肉 雞 肉飯 汁 菜
滹	沱河
滾	滾 筒 輪 動 燙 珠 球 下
滿	足 意 了 天 滿 載 臉 懷
漁	業 港 船 會 民 村 場 夫
漂	亮 白 漂 流 浮 泊 白劑 白粉
漆	黑 器 包線 上 樹 成 彈 著
漏	洞 水 氣 電 稅 了 斗 報
演	講 出 員 奏 藝 唱會 唱 變
漕	運
漠	視 不關心 然 北 南 地 不相關 然處之
漢	人 堡 城 學 字 書 語 口
漣	漪
漩	渦
漪	漣
漫	畫 遊 談 步 長 畫家 天 延
漬	染
漱	口 洗 口杯 口藥水 石枕流 過
漲	跌 幅 價 停 勢 到 了 潮
漳	州 河
漸	漸 進 長 次 入佳境 增 近 減
漾	漾
漿	料 紗 液 糊 果 膜 狀 汁
潑	水 辣 墨 水節 冷水 到 婦 婦罵街
潔	淨 白 癖 身自愛 身 操 白如玉 白無瑕
潘	金蓮 恩 安 安再世 妃金蓮
潛	水 力 在 能 意識 水員 艇 伏
潟	湖
潤	滑 滑油 稿 滑劑 濕 澤 肺 飾
潦	倒 草 潦草草
潭	子 水 底 州 石 影 心 裡
潮	流 州 濕 汐 水 溼 音 解
潰	瘍 爛 散 敗 決 不成軍 裂 敵
潸	潸
潺	潺 潺流水
潼	關
澀	滯 縮
澄	清 清湖 澈 明 心 江 沙 社
澆	水 灌 花 鑄 口 熄 下 冷水
澇	災
澈	底 悟
澎	湖 湖縣 湃 湖群島 湖人 縣 湃洶湧 湖列島
澗	水 溪 流
澠	池
澡	堂 盆 缸 塘 房 池
澤	國 地 及 被
澧	縣
澱	粉 粉質 粉糖 粉脢
澳	洲 門 大利亞 洲人 洲籍 門人 地利
澶	淵
澹	泊 然 然處之
激	烈 動 發 勵 素 情 起 增
濁	水溪 水 度 流 酒 世 音 氣
濃	度 縮 厚 郁 濃 密 煙 烈
濕	度 地 氣 疹 潤 透 婆 熱
濘	泥 滯
濛	濛 濛細雨 濛谷 霧
濟	南路 助 南 世 公 公活佛 貧 濟多士
濠	溝
濡	濕 溼 染
濤	聲
濫	用 墾 伐 情 竽充數 觴 交 殺
濬	哲 智 深
濯	足 身
濱	海 海公路 崎步 江 臨 江街 河 湖
濺	到 了 濕 水
濾	波器 紙 水器 波 清 器 出 過
瀆	職 職罪
瀉	劑 湖 得 藥 下 了 出 肚子
瀋	陽 陽市 海
瀏	覽 海 陽 覽器
瀑	布 布群 布區
瀕	臨 臨絕種 死 於 海 臨絕境 於絕境 於絕種
瀘	州
瀚	海
瀛	海 洲 台 臺
瀝	青 血 瀝 瀝拉拉
瀟	灑 湘 瀟 洒 灑自如
瀰	漫 漫著 漫性
瀲	灩
瀾	滄江
灌	水 溉 灌 籃 輸 注 木 漿
灑	水 脫 上 落 下 出 淚 掃
灘	頭 頭堡 上 聲 頭陣地
灝	氣
灞	橋
灣	仔 頭 流 潭
灤	州 洲
灨	江
火	車 災 車站 鍋 星 山 焰 力
灰	色 塵 姑娘 心 燼 暗 黑 白
灶	神 君 匠 房 火 王爺 雞
灸	法 師 術
灼	傷 熱 燙 燒 灼 痛 見 熟
災	害 難 變 情 區 民 禍 情慘重
炊	事 具 煙 飯 事員 婦 火 煙裊裊
炎	熱 症 炎夏日 陽 炎 夏 黃子孫 天
炒	作 炒 飯 熱 菜 地皮 蛋 作股票
炕	桌 沿 床 洞 頭
炙	手可熱 熱
炫	耀 目 惑 耀著 燿 亂 奇無巧 示
炬	火
炭	筆 火 酸 素 疽病 化 窯 精
炮	轟 火 彈 製 樓 聲 仗 台
炯	炯 炯有神 然 介
炳	燿 煥
炷	香 頭香
炸	彈 雞 藥 魚 開 毀 醬麵 傷
為	了 什麼 何 主 例 力 民 止
烈	火 日 士 酒 焰 女 風 日當空
烏	日 龜 來 龍茶 克蘭 魚 鴉 拉圭
烘	焙 培 乾 烤 乾機 托 箱 爐
烙	印 鐵 餅 痕 成
烤	肉 箱 鴨 雞 火 爐 麵包 焦
烯	烴
烷	基 烴
烹	飪 調 煮 調法 飪法 煮法 茶 宰
烽	火 火臺 煙 火台 火連年 火四起 煙四起
焉	能 知 得虎子 有 知非福 得 敢 用
焊	接 錫 劑 條 工 槍 接工 上
焗	坊 烤
焙	茶 燒 乾 粉
焚	化 化爐 燒 毀 風 香 燬 身
無	法 論 限 線 線網路 線電 聊 人
焦	點 慮 距 急 躁 黑 油 耳
焰	火 彩 心 硝
然	後 而 後就 則 諾 否
煉	油廠 製 鋼 油 鋼廠 獄 鋼業 丹
煌	煌 熠
煎	熬 餅 餃 煮 蛋 藥 成 魚
煖	和 房 爐 玉 衣飽食
煙	火 霧 毒 囪 波 酒 草 花
煜	熠
煞	車 星 車燈 是 費苦心 有其事 是好看 車失靈
煢	煢 居 獨
煤	氣 礦 炭 油 灰 層 場 焦油
煥	然一新 發 然 爛 發起來
煦	日 仁孑義 和 煦
照	片 顧 明 護 相 射 著 相機
煩	惱 請 人 悶 了 躁 心 瑣
煬	帝
煮	沸 熟 飯 食 法 出 成 蛋
煽	動 情 色腥 動性 惑 動力 起 亂
熄	滅 火 燈 了 掉 燈號 怒
熊	貓 熊 掌 膽 皮 熊大火 蜂 克武
熏	蒸 陶
熒	熒 光 光屏 光燈 光筆 光粉 惑 煌
熔	接 融 點 岩 化 解 爐 煉
熙	來攘往 熙攘攘 攘
熟	悉 練 識 知 習 稔 睡 讀
熠	熠 煜 燿 爍 耀
熨	斗 燙 平
熬	夜 過 到 湯 煉 不過 出頭 不住
熱	門 情 心 烈 鬧 線 愛 帶
熹	微
熾	熱 烈 盛 燃 灼 熱體 燄
燃	燒 料 油 起 料油 燒劑 燒室 燒彈
燄	火 心
燈	光 飾 罩 具 泡 管 塔 座
燉	煮 雞 鍋 肉 上 燉 雞湯 了
燎	原 原之勢 炬 髮
燐	光 火 灰石 肥
燒	酒 成 熱 烤 傷 結 毀 錄
燕	巢 子 尾 窩 王 山 麥 燕
燙	傷 髮 金 燙 直 手 手山芋 過
燜	煮 燒 燒鍋
營	業 建 運 養 造 業項目 業額 利事業
燠	熱
燥	熱 濕
燦	爛 然
燧	石 人氏 道
燭	光 台 火 臺 心 光晚會 蕊 淚
燮	理
燴	飯
燻	黑 肉 燻 黑了
爆	發 表 炸 笑 破 料 炸性 出
爍	金
爐	火 渣 子 灶 管 床 火純青 灰
爛	爛 漫 貨 攤子 泥 掉 透 醉如泥
爨	弄 婦 室 火
爪	哇 子 牙 哇人 尖 痕 甲點金 印
爬	山 上 蟲類 到 升 行 起來 蟲
爭	取 議 霸 執 論 奪 相 端
爵	士 士樂 位 士樂團 祿 士舞
父	母 親 母親 子 權 老 親節 女
爸	爸
爹	爹 地 娘
爺	爺 們 兒 們兒 兒們 兒倆 娘
爻	辭 象
爽	朗 快 口 約 身粉 脆 身 利
爾	後 雅 時 等 來 虞我詐 格 爾
牆	壁 上 面 壁上 角 腳 頭 基
片	名 中 段 商 子 語 刻 面
版	本 權所有 權 面 畫 圖 次 心
牌	照 照稅 子 坊 價 號 位 樓
牒	文
牖	中窺日 戶
牙	醫 科 齒 醫師 周病 科診所 刷 齦
牛	奶 肉 排 頓 仔 肉麵 津 仔褲
牝	牛 雞司晨 馬
牟	利 取 尼佛
牡	羊座 丹 蠣 丹江 丹花 牛 丹亭 羊
牢	記 牢 固 騷 房 籠 獄 靠
牧	師 場 羊人 業 草 羊 童 羊犬
物	理 質 件 品 料 語 體 價
牯	嶺
牲	畜 口 禮 犢
牴	觸 牾
特	別 殊 色 性 殊教育 教 定 價
牽	涉到 涉 手 引 動 入 制 扯
犀	利 牛 牛角 鳥 角 牛皮 甲 甲利兵
犁	田 牛 刀 地 庭掃穴 板 柄 鋤
犄	角
犒	賞 軍 勞 賞法
犖	犖
犛	牛
犢	牛 子 車 鼻褌
犧	牲 牲者 牲品 牲掉 牲生命
犬	齒 儒 子 牙 馬 戎 牙交錯 牙相錯
犯	罪 賤 了 錯 規 人 下 罪行為
狀	況 態 元 況良好 如 紙 子 態表
狂	熱 飆 人 歡 犬病 想曲 想 風
狃	於成見
狄	斯奈 青 更斯 斯可
狉	狉
狎	客 玩 妓 邪 侮 弄 昵 暱
狐	狸 臭 猴 疑 貍 仙 群狗黨 狸精
狒	狒
狗	男女 窩 腿 屎 咬 肉 血 屁
狙	擊 擊手 公 詐
狠	狠 心 毒 下心來 下 了 命 將
狡	猾 辯 詐 黠 兔 滑 兔三窟 獪
狩	獵 獵法
狷	介 忿 急
狸	貓
狹	窄 小 義 長 隘 心症 路相逢 路
狻	猊
狼	瘡 狽 人 犬 狗 煙 狽為奸 毫
猖	獗 狂 狂進攻 獗一時
猙	獰
猛	然 烈 禽 虎 獸 力 將 攻
猜	測 猜 謎 想 猜看 到 疑 拳
猝	然 不及防 死
猢	猻 猴兒 猻兒
猥	褻 褻行為 瑣 賤
猩	猩 紅熱 紅
猴	子 王 類 急 腦 兒 年 頭
猶	如 太人 豫 太 大 他 豫不決 太教
猾	賊 頭
猿	猴 人 臂 啼 聲 類 嘯
獃	住 子 氣 頭獃腦
獄	卒 門 官 吏 具 史 司 囚
獅	子座 子 子會 壇 王 頭山 頭 子頭
獎	學金 勵 金 助 品 章 懲 狀
獐	頭鼠目 子
獠	牙 面
獨	立 特 自 家 奏 占 一無二 享
獰	笑 鬼
獲	得 利 頒 取 准 獎 選 致
獵	人 殺 物 犬 戶座 槍 食 鷹
獷	悍
獸	醫 醫系 醫院 皮 性 類 行 骨
獻	上 金 身 給 禮 出 花 詩
獼	猴
玄	秘 學 奘 機 關 武岩 門 妙
率	先 領 團 由 同 性 直 真
玉	山 米 里 井 成 石 照 蘭
王	國 子 朝 牌 永慶 府 維 金平
玩	家 具 了 笑 玩 法 偶 耍
玫	瑰 瑰花 瑰色 瑰蝦
玲	瓏 瓏剔透 玎
玳	瑁
玷	污 辱 汙
玻	璃 璃纖維 璃瓶 璃體 璃窗 利維亞 璃杯 璃管
珂	羅版
珊	瑚 瑚礁 瑚島 瑚潭 瑚蟲 湖 瑚石
珍	貴 惜 珠 藏 愛 妮 品 奇
珠	寶 海 子 算 江 寶商 兒 寶店
班	級 機 上 別 次 長 會 車
珮	環 飾
現	在 況 代 象 場 有 任 金
球	員 迷 隊 賽 季 網 桿 鞋
琅	琅上口 琅 琊 玕 璫入獄
理	財 論 念 想 由 事長 性 事
琉	璃 球 球群島 璃瓦 球嶼 璃廠 球人 璃燈
琢	磨 玉
琤	琮
琥	珀 珀色
琦	善
琪	花
琳	瑯滿目 琅滿目 琅 瑯
琴	聲 韻 酒 音 弦 鍵 瑟 師
琵	琶 琶別抱 琶骨 琶湖 琶行 琶記 琶魚 鷺
琺	瑯 瑯質 瑯彩 瑯璉
瑋	寶
瑕	疵 不掩瑜 隙 垢 瑜互見 積分
瑜	伽 珈 伽術 珈術 伽宗 伽派 伽行派
瑞	士 典 芳 穗 安 金 利 雲
瑟	縮 瑟 瑟秋風 縮著
瑣	碎 事 瑣碎碎 務 細 聞 瑣 言
瑤	池 族 華 臺 草 光 池金母
瑩	澤 潔 潤
瑪	莉 麗 麗亞 利亞 瑙 莎 家 沙
瑰	麗 寶 奇 姿 異
璀	璨
璇	璣 宮
璞	玉 玉渾金
璦	琿
璧	人 玉 合 帛 月 爐 爐台
璨	美
璫	璫
環	境 保 境保護 保署 球 保局 工 境衛生
瓊	瑤 華 麻 英 脂 漿玉液 州 漿
瓜	地馬拉 子 分 瓜 田 果 葛 棚
瓢	蟲 子 兒
瓣	膜
瓦	斯 楞紙 解 斯爐 特 斯行 爾 屋
瓶	頸 子 蓋 裝 口 上 塞 底
瓷	器 土 磚 釉 漆 片 胎 窯
甄	試 選 審 別 訓 用 選人才
甌	劇 子 宰 摳 窶 繡 脫 臾
甕	中 城 中之鱉 中捉鱉 中鱉 牖繩樞 聲甕氣 音
甘	蔗 苦談 心 願 露 油 迺迪 藷
甚	至 至於 至有 多 或 至在 為 少
甜	甜 蜜 美 點 言蜜語 味 心 頭
生	活 命 產 物 態 日 長 存
產	品 業 生 銷 量 能 值 地
甥	舅 女 兒
甦	醒 醒過來
用	戶 品 途 來 於 地 量 心
甩	開 掉 手 到 不掉 出 出去 脫
甬	道 江 路
田	中 單 野 園 尾 寮 徑 地
由	於 此 衷 來 此可知 此可見 人 你
甲	狀腺 班 基 骨文 級 等 第 烷
申	請 報 請書 請人 請表 訴 購 請者
男	人 女 性 子 生 孩 方 友
畋	獵
界	面 定 線 限 址 山 外 首
畎	畝
畏	懼 縮 光 途 寒 怯 首畏尾 死
留	言 言板 學 下 言簿 在 學生 意
畚	箕 斗
畛	域
畜	產 牧 產品 生 牧場 牧業 牲 養
畝	產
畢	業 業生 竟 卡索 業班 業證書 業典禮 業論文
略	有 帶 述 為 微 過 略 大
畦	田
番	茄 茄汁 話 外篇 薯 石榴 仔 號
畫	面 廊 家 展 質 室 出 眉
異	常 動 議 國 性 數 議人士 位
當	然 時 地 日 中 選 代 初
畸	形 型 零 形兒 形發展 人 形人 形物
畿	內
疆	界 域 土 場 吏
疊	疊樂 蓆 疊 合 成 在 床架屋 羅漢
疋	頭
疏	鬆 忽 失 散 離 漏 導 於
疑	問 慮 難 難雜症 似 惑 義 點
疔	瘡
疙	瘩
疝	氣
疣	贅
疤	痕 臉
疥	瘡 癬 蟲
疫	苗 病 區 癘 情 疹
疱	疹
疲	勞 倦 憊 軟 累 乏 於奔命 憊不堪
疳	積 瘡
疵	議 瑕
疹	子
疼	痛 惜 愛 痛不堪 疼
疽	囊
疾	病 患 風 苦 呼 馳 行 駛
痀	僂 僂病
痄	腮
病	毒 人 患 例 變 房 理 歷
症	狀 候群 候
痊	癒
痒	痒 疹
痔	瘡 漏
痕	跡 垢
痘	子 瘡 苗
痙	攣
痛	苦 風 得 心 快 恨 哭 楚
痞	子 塊 棍
痠	痛 疼 軟
痢	疾
痧	子
痰	盂 罐
痱	子 子粉 粉
痲	痺 瘋 疹 痹 瘋病 子 痹不了 痺不了
痳	病
痴	呆症 心 痴 情 呆 人 想 心妄想
痼	疾 癖 習
瘀	血 傷 青 泥 積 膿
瘋	狂 了 子 狗 馬 瘋 癲 瘋癲癲
瘌	痢 痢頭
瘙	疹
瘟	疫 神
瘠	田 薄 土 地 瘦
瘡	疤 痍 口 癤 痍滿目
瘢	痕 兒 點
瘤	胃 子
瘦	到 過 了 弱 肉 瘦 小 長
瘧	疾 蚊 蟲
瘴	氣 癘 癘之氣
瘸	腿 子
療	法 效 養院 養 傷 病 治 毒
癆	病
癇	症
癌	症 症病患 症腫瘤 腫
癒	合 好 瘡
癖	好 性
癟	三 三兒 嘴子 著嘴
癡	情 呆症 癡 心 呆 狂 人 迷
癢	了 處 癢 斯斯
癤	子
癥	結 狀 候
癩	蛤蟆 頭 皮狗 瘡 蝦蟆 子 瓜
癬	疥
癮	君子 頭
癰	疽 瘡 腫
癱	瘓 軟 下來 廢 坐
癲	癇 狂
癸	卯
登	錄 記 門 山 場 革熱 陸 上
發	展 表 現 生 聲 言 炎 行
白	樸 色 天 皮書 工 宮 雲 金
百	萬 分 貨 科 年 分比 貨公司 姓
皁	莢
皂	洗 化 白 靴 化劑 片 白不分 粉
的	話 確 確是 確會 的確確 確如此 確良 黎波里
皆	可 有 為 是 比 知 宜 應
皇	冠 帝 家 后 宮 室 民 上
皈	依
皋	陶
皎	潔 皎 月 如日星
皓	皓 月 齒 月當空 然 首窮經 白 首
皖	南 北
皚	皚
皤	皤 翁
皮	膚 革 膚科 鞋 件 包 帶 套
皰	疹
皴	法
皺	紋 眉 摺 起 著眉頭 眉頭 著 褶
盂	蘭盆會
盆	地 栽 景 浴 子 兒
盈	餘 利 盈 虧 滿 溢 虛 門
益	友 智 處 發 加 壽 州 蟲
盎	司 然 斯
盒	子 裝 中 內 裡 蓋 子槍 子砲
盔	甲
盛	行 大 會 名 產 開 況 裝
盜	版 用 賊 匪 壘 取 竊 墓
盟	國 主 軍 約 友 機 員 邦
盡	量 情 力 是 快 頭 可能 在
監	督 測 視 事 試 視器 察院 委
盤	整 點 旋 面 子 算 上 據
盥	洗 洗室 漱
盧	布 森堡 梭 比 溝橋 森堡人 江 薩卡
盪	鞦韆 漾 盪 氣迴腸 著 來盪去 出 舟
目	前 錄 標 的 次 光 前為止 的地
盯	著 上 住 人 緊 梢 視
盲	人 目 生 點 腸 從 腸炎 者
直	接 到 轄市 徑 線 銷 至 覺
相	關 當 信 同 對 機 互 士
盹	兒
盼	望 到 望著 了
盾	牌 狀 板 狀腺 皮魚類
省	立 力 府 長 思 事 市 政府
眄	睨
眇	眇 小
眉	毛 頭 心 批 宇 目 筆 開眼笑
看	到 看 法 板 完 見 來 著
真	的 正 是 實 情 理 的是 空
眠	思夢想
眥	裂
眨	眼 動 眼睛 巴
眩	暈 目 人 惑 耀 亂 眼
眷	村 屬 戀 顧 口 念 戀著 區
眸	子
眺	望 望台 望塔 覽 望樓
眼	睛 鏡 科 前 光 中 淚 神
眾	人 多 生 院 議院 議員 志成城 所周知
睏	乏
睚	眥
睜	開 眼 開眼睛 開眼 一隻眼 一眼 目 起
睡	覺 眠 衣 了 不著 前 著了 著
督	導 促 學 察 軍 責 府 工
睥	睨
睦	鄰 鄰政策 親
睨	視
睪	丸
睫	毛 毛膏
睹	物思人 物思情
睽	違 合 攜 疑 離
睿	智 哲 明 知 達
瞄	準 了 到 瞄 著 來瞄去 一瞄 中
瞅	著 見
瞇	著眼 起 眼 著眼睛 瞇眼 著 了 上
瞋	目 怒 恚 目切齒 膽 視
瞌	睡 睡蟲
瞎	貓 子 搞 掰 眼 了 扯 猜
瞑	目
瞞	著 天過海 不過 過 騙 得過 了 人耳目
瞟	一眼 見
瞠	目結舌 乎其後 目 乎後矣
瞢	昧
瞥	見 一眼 視 然
瞧	瞧 著 見 了 不起 一瞧 出 過
瞪	著 了 視 眼 目 起 瞪 起來
瞬	間 息萬變 時 息 息之間 時間 間反應 霎
瞭	望 望台 若指掌 如指掌 然 望塔 望臺 然於心
瞰	臨
瞳	仁 孔 孔放大
瞵	盼
瞻	仰 望 前顧後 視 禮 仰遺容
瞽	者 說 亂 夫
瞿	塘峽 塘
矇	矓 騙 蔽 混 矇 住 混過關 昧無知
矍	鑠
矗	立 立在 力
矚	目 望 託
矛	盾 頭 盾性 盾百出 盾重重 盾語 盾論
矜	持 誇 功 恤 憐 飾 大 寡
矢	口否認 言 量 志不移 石 如雨下 志
知	道 識 名 易 性 能 本 覺
矩	陣 形 尺 矱
矬	子
短	打 期 線 波 髮 暫 短 時間
矮	人 小 人祭 胖 子 矮 牆 了
矯	正 治 飾 健 詔 枉過正 情 形
矲	矮 雉
石	化 油 頭 材 門 文 英 門水庫
矸	石
矽	谷 酸 藻 砂 質 晶片 鋼 石
砂	石 糖 輪 岩 漿 石車 鍋 紙
砉	然
砌	成 磚 牆 路
砍	伐 掉 了 樹 斷 殺 去 下
砒	霜 酸
研	究 究所 討會 發 習 究室 討 究生
砝	碼
砟	子
砥	礪 石 柱 節 節礪行
砧	板 木 杵 砭
砭	灸 灸術
砰	砰 然 噹
砲	台 轟 火 臺 艇 兵 彈 塔
破	壞 解 恥廉 裂 產 獲 碎 損
砷	酸鹽
砸	下 了 死 毀 碎 傷 破 壞
硃	紅色 砂 筆 砂痣 色 唇皓齒 批 砂紅
硅	酸 油 石 酸鈉 酸鹽 橡膠 磚 藻
硝	酸 酸鹽 化 基 酸鈉 化甘油 煙 酸銀
硫	酸 酸鈉 酸鹽 化 磺 酸銨 酸銅 化染料
硬	體 碟 度 幣 化 是 質 式
硯	台 田 臺 友 席 池
硼	酸 砂 酸鹽
碁	峰 石
碇	泊費 泊
碉	堡
碌	碌 碌庸才 碌無能 碡
碎	石 片 裂 屑 紙 石機 肉 波
碑	文 銘 帖 林 記 碣 石 亭
碓	房
碗	盤 糕 公 筷 飯 豆 碟 兒
碘	化鉀 質 酒 劑 酊 化銀
碟	片 子 仙 版 形 型
碣	石
碧	山 華 海 玉 潭 綠 湖 血
碩	博士 士 士班 士學位 果僅存 大 彥 果
碰	到 撞 上 觸 面 碰 巧 見
碳	化物 酸 粉 化 酸鈣 烤 酸鹽 酸鈉
確	定 認 保 實 立 有 是 切
碼	頭 頭工人 表 頭區 頭工 子 頭費
碾	米 米廠 米機 碎 壓 過 磨 成
磁	片 碟 碟機 場 帶 磚 碟片 性
磅	礡 秤
磊	落 塊 落大方
磋	商 跎 磨 談
磐	石
磕	頭 牙 碰 個響頭 個頭 頭蟲
磚	瓦 塊 牆 造 窯 頭 廠 茶
磠	砂
磨	損 床 練 擦 光 耗 成 牙
磬	聲 折
磯	鳥 鷂
磴	道
磷	酸 酸鹽 酸鈉 脂 酸鈣 灰石 肥 火
磺	酸 胺 溪 化 田 窟
磽	薄
礁	溪 岩 石 溪溫泉 棚
礓	擦
礙	於 眼 手礙腳 事 於情面 難 口 子
礤	床兒
礦	業 物 物質 油 泉水 產 石 場
礪	石
礫	石 岩 土 石路
礬	土 石
示	範 人 意圖 威 波器 意 例 愛
社	會 團 區 會新聞 團活動 會福利 會科學 會學
祀	神 奉 祖 事 物
祁	山 連山 連 寒 門
祆	教 教徒
祇	是 有 要 好 管
祈	禱 福 求 望 雨 請 禱文 使句
祐	德
祕	笈 密 書 訣 書長 魯 方 書處
祖	先 師 國 母 父 師廟 宗 父母
祛	痰 災
祝	福 你 賀 妳 你們 詞 壽 禱
神	經 秘 學 話 奇 通 岡 學院
祠	堂
祥	和 瑞 雲 麟 光 瑞之氣
票	券 選 數 價 據 源 房 箱
祭	出 祀 典 司 拜 壇 品 祖
祿	位 食 俸 命
禁	止 忌 令 食 用 藥 不住 區
禍	首 福 害 水 不單行 患 國殃民 根
禎	祥
福	利 音 特 建 建省 山 德 爾摩莎
禦	寒 敵 寇 侮
禪	寺 宗 師 定 學 院 思 心
禮	品 物 拜 服 儀 貌 節 堂
禱	告 詞 告詞
禽	獸 類 舍 鳥 獸不如 流感 獸行為
禾	本科 苗 木旁 稻 菽
禿	頭 鷹 子 髮 頂 驢 筆 禿
秀	水 麗 林 朗 姑巒溪 美 才 髮
私	立 人 立學校 有 下 房 自 校
秉	持 持著 承 著 公 公處理 政 性
秋	季 天 風 雨 山 田 水 葉
科	學技術 技 學 目 系 別 學園區 學家
秒	鐘 數 針 表 錶
秕	政
秘	書 書長 訣 書室 書處 方 魯 辛
租	賃 售 稅 金 用 期 車 屋
秣	馬厲兵 馬 槽
秤	量 盤 錘 星 坨 斤注兩 桿 薪而爨
秦	始皇 國 王 嶺 檜 代 朝 漢
秧	歌 苗 田 齡
秩	序 序井然
移	向 項 步 動 民 轉 植 到
稀	釋 有 少 奇 薄 疏 飯 有動物
稂	莠
稅	務 法 額 率 賦 捐 款 收
程	序 度 式 式設計 式碼 式庫 序控制 序性
稍	微 候 後 有 熱 稍 早 加
稔	知
稗	史 官野史 子 官
稚	嫩 子 齡 氣 暉 氣未脫 女 年
稜	線 鏡 角 稜睜睜
稟	賦 報 承 性 明 著 受 告
稠	密 度 密性 糊 人廣眾
種	類 子 種 植 族 樹 豬 下
稱	為 之為 呼 讚 職 霸 作 得上
稷	下
稻	米 田 穀 草 作 香 草人 穗
稼	穡
稽	核 徵 查 察 查人員 查員 首 徵處
稿	件 子 紙 費 酬 本 作 底
穀	物 類 倉 粒 子 雨 類作物 場
穆	罕默德 斯林 爾 然 穆
積	極 體電路 分 水 欠 木 蓄 壓
穎	悟 川 慧 果 異 秀 花 州
穗	子 狀花序 狀 肥
穠	纖
穡	人 夫
穢	語 氣 物 史 土 跡金剛 亂 名
穩	定 定性 健 固 住 重 當 賺
穴	道 位 居 居人 播
究	竟 竟是 辦 理 問 其根源
穹	蒼 空 天 廬
空	間 氣 中 調 白 格 軍 中大學
穿	著 過 梭 越 上 透 刺 戴
窀	穸
突	然 破 出 顯 變 發 然間 圍
窄	小 門 巷 頻 狹 路 到 道
窈	窕 窕淑女
窒	息 礙難行 礙 息而死 塞 欲
窕	邃
窖	子
窗	口 外 戶 簾 子 台 帘 框
窘	境 迫 態 困 態畢露 局 急 乏
窟	窿 穴 室 窖
窠	臼 穴 巢
窣	窣
窩	心 藏 裡 囊 裡反 主 巢 子
窪	地 陷
窮	人 盡 困 追 酸 苦 追不捨 鄉僻壤
窯	子 變 主 洞 器 姐 灶
窳	陋 劣 敗 民
窸	窣 窸窣窣
窺	視 見 探 知 伺 看 測 察
窿	緣桉
竄	改 出 入 逃 進 謀
竅	門
竇	建德 娥 娥冤 憲
竊	盜 取 聽 賊 案 盜罪 笑 竊私語
立	委 即 法院 法 場 刻 法委員 體
站	長 台 在 上 立 起來 網 了
竟	然 是 有 夜 然是 然有 能 敢
章	程 節 則 魚 法 和 回小說 句
竣	工 事
童	軍 年 子軍 話 裝 謠 子 言
竦	然 動 懼 立 聽
竭	誠歡迎 誠 力 盡所能 盡 盡全力 慮 智盡力
端	午節 正 視 午 賴 出 倪 點
競	爭 賽 選 爭力 試 技 爭者 標
竹	南 山 北 東 林 圍 材 子
竿	子
笆	斗
笑	話 意 容 著 了 聲 笑 傲江湖
笙	歌 簫 簧 歌不輟
笛	子 聲 卡兒 卡爾 手 膜
笞	刑 責 擊 杖 辱
笤	帚
符	合 號 號表 咒 應 類 水 籙
笨	蛋 笨 拙 重 賊 牛 手笨腳 豬
第	二 一 三 十 一次 四 五 七
笳	鼓
筆	記 者 劃 試 資 下 墨 友
等	等 待 級 到 人 於 著 候
筊	白筍
筋	骨 肉 脈 斗 疲力竭 疲力盡 絡 節
筍	絲 子 尖 乾 頭
筏	子
筐	子 籠
筒	子 狀 管
答	案 覆 應 錄機 對 問 辯 復
策	略 劃 士 試 略性 畫 動 馬
筧	橋 濟學家
筮	書 法
筵	席 宴 會 上 几 席捐
筷	子
箅	子
箇	中 中人 中三昧
箋	注 紙
箍	桶 桶匠
箕	踞 宿 裘 帚 斂 斗
算	是 了 命 出 術 數 帳 法
箜	篌
箝	制 口 口結舌 子 形攻勢
箠	楚
管	理 制 道 理學院 理處 理局 理者 理員
箬	笠 竹
箭	頭 靶 在弦上 矢 步 號 尾 尖
箱	子 根 底 匣 籠 篋
箴	言 砭 石 規 誡 諫
節	目 省 錄 稅 慶 奏 約 能
範	圍 例 疇 本 文 式
篆	刻 書 隸 字 文 籀 體 章
篇	目 名 幅 數 章 簡 次 什
築	巢 堤 起 有 成 城 路 屋
篝	火
篡	改 位 奪 黨 弒 竊
篤	定 行 信 實 志 誠 厚 學
篦	麻 麻子 麻油
篩	選 分 子 板 狀 下 檢 號
篳	路藍縷
篷	車 馬車
簇	擁 擁著 生 新 擁而上
簌	簌
簍	子 筐
簑	衣 笠翁
簞	食壺漿 食瓢飲
簠	簋
簡	介 報 單 易 訊 稱 章 化
簧	片 樂器 風琴
簪	子 花 笏
簫	管 笙
簳	麵杖
簷	下 角 柱 前 頭 宇
簸	箕 動 弄 盪
簽	名 證 署 約 訂 定 名簿 發
簾	幕 子 帳
簿	記 子 本 記員 本費
籀	文 書 篆
籃	球 球隊 球場 下 板 子 球賽 隊
籌	備 備處 設 組 碼 劃 措 建
籍	貫 籍 貫地
籐	椅 條 子 架
籠	罩 子 統 罩著 中鳥 絡 中之鳥 統性
籤	條 詩
籩	豆
籬	笆 下 牆 竹
籮	筐
籲	請 求
米	蘭 粉 勒 老鼠 飯 糕 爾 店
籽	實 棉
粄	條
粉	末 紅 紅色 彩 碎 刷 刺 墨登場
粒	子 狀 徑 度 粒 線體 子學說 選
粗	糙 細 略 暴 壯 魯 大 俗
粘	土 著 貼 液 連 住 上 上去
粟	倉 米 類 粒狀 飯
粥	飯 少僧多 餳
粱	肉
粲	然 然一笑
粳	稻
粵	式 式料理 江 漢鐵路 省 伶 劇 歌
粼	粼
粽	子 葉
精	神 選 密 品 緻 製 制 彩
糅	合
糊	口 塗 精 狀 里糊塗 糊 裡糊塗 塗帳
糌	粑
糕	餅 點 餅類 餅店
糖	尿病 果 尿 業 廠 漿 醋 汁
糗	事
糙	米
糜	爛 費
糞	便 坑 堆 池 土 尿 箕 壤
糟	糕 蹋 了 糕了 透了 粕 糠 塌
糠	秕 蝦 醛 花
糢	糊
糧	食 食安全 食局 食作物 草 倉 站 餉
糯	米 米糕
糰	子
糲	飯
糴	米
系	統 列 統分析 主任 館 統工程 統化 統性
糾	紛 正 纏 葛 結 察隊 察 舉
紀	錄 念 要 事 念品 念館 實 念日
紂	王
約	定 翰 為 會 在 束 談 旦
紅	色 樹林 外線 塵 茶 利 樓夢 血球
紆	尊降貴 迴 子
紈	褲子弟 褲
紊	亂 流 淆
紋	路 身 理 眉 樣 板 絲不動 溝
納	稅 入 稅人 粹 悶 吉 涼 粹黨
紐	約 西蘭 約時報 約州 澳 約市 澳地區 國
紓	解 困 憂 緩
純	粹 真 愛 化 屬 益 淨 樸
紕	漏 繆
紗	布 線 窗 帽 門 廠 羅 櫥
紙	張 業 上 漿 箱 板 盒 條
級	距 數 別 任 會 任老師 任導師 長
紛	紛 爭 擾 亂 飛 歧 紜 雜
素	質 養 描 材 食 有 來 菜
紡	織 織品 織業 織工業 紗 織廠 絲 織公司
索	引 取 性 賠 閱 價 道 尼
紫	外線 色 微斗數 外光 雲 薇 荊 紅
紮	實 根 營 下 成 起 上 好
累	積 計 了 進 死 累 加 積到
細	胞 菌 節 則 心 部 說 膩
紳	士 商 士化 士派 宦
紹	興 興酒 興市 述 繼 酒
終	於 身 極 止 端機 生 究 結
絃	樂 樂器 外之音 歌不輟 聲 柱
組	織 合 成 長 件 員 別 織法
絆	倒 腳石 住 手絆腳 腳
結	帳 果 構 合 束 婚 論 語
絕	對 色 不 緣 大多數 佳 非 無
絛	蟲
絞	盡腦汁 痛 盤 肉 肉機 碎 索 車
絡	繹不絕 繹 合物 繹於途 線 合 子 腮鬍子
絢	麗 爛 麗多彩
給	與 付 人 予 水 獎 以 錢
絨	毛 布 線 毯 絲 繩 氈 線衫
絮	語 絮 絮不休 聒 凝 叨 叨叨 球
統	計 一 一發票 計表 治 籌 計學 合
絲	路 毫 絲 瓜 光 襪 帶 蟲
絳	紫 紫色
絹	絲 帛 畫 布版 扇 素 絲品 綢
綁	上 架 票 匪 住 著 上來 上去
綆	短汲深
綏	遠 靖 遠省
綑	綁 成 紮 縛 在 著 起 上
經	營 費 過 由 濟部 歷 常 銷
綜	合 合醫院 藝 合性 觀 覽 合所得 述
綠	色 黨 島 化 地 茶 野 衣
綢	緞 布 密 子 帶 緞莊
綬	帶
維	護 士比 基 持 修 他命 基人 基百科
綰	髮 轂 髻
綱	要 領 目 紀 舉目張 常 維 紀廢弛
網	路 路系統 球 絡 羅 球場 點 膜
綴	出 合 補 連 字 點
綵	排 球 衣娛親 樓 衣 牌樓 綢 線
綷	菜
綸	巾
綺	麗 想 夢 情 語 雲 年 窗
綻	放 開 破 裂
綽	號 綽有餘 約 約多姿
綾	子 羅綢緞
綿	羊 延 綿 密 長 陽 亙 綿細雨
緄	邊
緇	黃
緊	急 張 密 縮 緊 接著 繃 迫
緋	聞 紅 紅色
緒	論 言
緘	默 封 口 密
緙	絲
線	上 型 形 路 性 條 索 圈
緝	捕 私 獲 拿 捕歸案 盜 凶 毒
緞	帶 子 紋 帶花 木 補服
締	造 約國 結 約 盟 造者 交 構
緣	起 故 由 份 分 起緣滅 木求魚 淺
緦	麻服
編	號 輯 輯器 碼 制 列 目 譯
緩	緩 慢 和 衝 解 衝區 步 徵
緬	甸 懷 因州 北 甸人 共 西
緯	度 紗 線 書 密
練	習 功 球 武 成 到 了 唱
緹	縈
緻	密
縈	繞 繞在 懷 迴 紆 身
縉	紳 紳化
縊	死
縐	紋 褶 布 紬 絺 綢 紗 絲
縑	帛
縕	袍
縗	墨
縛	住 緊 雞之力 上 成 起來
縝	密 密性
縞	素 衣
縟	節 麗
縣	市 立 長 民 府 政 市政府 政府
縫	合 衣機 紉機 紉 製 隙 線 縫
縮	短 小 減 寫 影 水 合 圖
縱	橫 使 谷 然 火 容 向 有
縲	絏
縴	夫
縷	縷 析 述
縹	緲 渺
縺	衣機
總	計 統 會 經理 是 部 預算 務處
績	效 效獎金 學 業 優 優股 分
繁	殖 榮 多 體 忙 華 複 雜
繃	帶 緊 住 子 臉 著 著臉 著臉兒
繅	絲
繆	誤
繇	役 役繁興
織	物 布 品 造 補 工 成 女
繕	寫 寫員 修 稿
繚	繞 亂
繞	著 行 道 到 在 組 口令 圈
繡	學號 花 球 有 鞋 花針 閣 起來
繩	子 索 結 之以法 梯 套 線 兒
繪	圖 畫 製 出 圖機 本 圖板 成
繫	於 上 辭 念 繩 緊 心 懷
繭	絲 子 層 綢
繳	交 納 費 款 驗 稅 付 回
繼	續 承 承人 任 而 電器 承權 往開來
繽	紛
繾	綣
纂	修 輯
續	借 約 集 聘 訂 篇 編 航力
纍	纍 囚
纏	綿 身 繞 足 鬥 住 著 繞在
纓	絡 冠 帽 簪
纖	維 維素 細 維工業 毛 維板 纖 手
纜	線 車 繩 索 車線 柱
缸	子 內 外
缺	乏 點 失 少 陷 席 貨 額
缽	盂 衣
罄	竹 竹難書 竭 其所有 擊子 筆難書
罅	漏 隙 口
罈	子 罈罐罐
罌	粟 粟花 粟科
罐	頭 子 裝 頭食品 蓋 車 籠 頭笑聲
罔	顧 效 極 顧人道
罕	見 有 用 用字 事 指 物 聞
罣	礙
罩	杯 在 上 住 著 衫 不住 子
罪	惡 人 名 犯 嫌 行 過 惡感
置	喙 身 放 換 疑 產 信 身事外
罰	鍰 款 金 則 球 單 站 錢
署	長 名 理 記長
罵	人 了 到 罵 過 來罵去 不絕口 街
罷	了 工 免 休 黜 課 免權 教
罹	患 難 災 患重病 禍 厄
羅	東 馬 斯福 拉 斯 密歐 浮宮 漢
羇	客 旅
羈	押 絆 旅 束 留 泊 牽 留不歸
羊	毛 水 肉 膜 群 乳 皮 奶
羌	笛 族 胡
美	國 元 麗 術 容 商 女 食
羔	羊 皮 羊皮
羚	羊 羊角
羞	辱 澀 恥 愧 怯 於 赧 於啟齒
群	眾 體 島 雄 集 聚 山 英
羥	基
羧	基 酸
羨	慕
義	務 大利 工 式 賣 民 診 務教育
羯	鼓 磨
羲	皇上人
羶	腥 味 氣
羸	弱 憊 疾 瘦
羹	湯 飯 匙 食
羼	雜 假 水
羽	球 毛 毛球 翼 球賽 球拍 狀複葉 化
翁	仲 姑 同和 婿 嫗
翅	膀 兒
翌	日 年
翎	毛 兒 子
習	慣 性 作 題 俗 慣性 於 慣於
翔	實 集
翕	然 如
翟	讓
翠	鳥 綠 玉 華 黛 亨村 綠色 柏
翡	翠 翠水庫 冷翠 翠谷 翠色
翦	除 落
翩	翩 然 翩起舞 然而過 翩公子 翩少年
翫	歲愒時
翰	林 墨 林院 林學士 海 藻
翱	翔 翔天際 遊 翔天空 遊四海
翳	障
翹	楚 起 首 翹板 著 了 辮子 起來
翻	譯 身 譯社 開 閱 了 印必究 天
翼	足 展 形 梢 足類
耀	眼 目 武揚威 亮
老	師 人 闆 婆 鼠 年 大 公
考	試 慮 量 古題 核 驗 生 察
耄	耋 齡
耆	老 宿 儒 碩
而	且 言 是 已 不 有 不是 來
耍	賴 嘴 弄 嘴皮 把戲 花招 花樣 脾氣
耐	心 力 熱 用 火 震 性 久
耒	耜 耨
耕	地 耘 作 莘 莘醫院 種 地面積 田
耗	費 資 用 時 盡 損 水 能
耘	田 耨 草 藝
耙	子 土 犁 開
耦	合
耳	朵 鼻喉科 機 邊 鼻喉 環 熟能詳 語
耶	穌 誕 穌基督 和華 誕節 路撒冷 魯大學 誕夜
耷	拉
耽	誤 心 擱 溺 於 誤到 擱到 樂
耿	耿於懷 直 耿 介 精忠
聆	聽 賞 教 訊
聊	天 聊 聊天 到 起 著 個 備一格
聒	噪 聒 絮 耳 聒叫
聖	經 誕 靈 誕節 徒 地 人 嚴
聘	請 任 用 書 禮 金 任制 成
聚	會 集 酯 合 落 餐 寶盆 合物
聞	名 報 到 人 知 風 道 訊
聯	絡 盟 合 誼 繫 合國 誼會 邦
聰	明 敏 穎 慧 明才智 明絕頂 明一世 悟
聱	牙
聲	音 明 寶 援 帶 稱 勢 樂家
聳	動 立 聳肩 立在 肩 人聽聞 了聳肩 峙
聶	伯河 政
職	業 務 稱 棒 員 掌 能 業學校
聽	到 講 說 過 了 見 眾 聽
聾	子 啞 人 啞學校 啞症 盲 聵
肄	業
肅	穆 清 然起敬 靜 殺 然 立 殺之氣
肆	虐 無忌憚 意 應 暴 橫 然 力
肇	事 因 慶 禍 事者 始 基 建
肉	體 類 包 眼 身 食性 雞 質
肋	骨 膜 間 膜炎 排 窩 軟骨
肌	肉 膚 腱 腱炎 肉組織 理 膚之親 肉發達
肏	你
肐	膊 膊肘 臂
肖	像 像畫 似 邦
肘	部 腋 彎 節 子 後方
肚	子 臍 子痛 皮 兜 臍眼 量 腸
肛	門 交 門口
肝	炎 癌 臟 病 膽 硬化 功能 膽俱裂
股	市 票 利 價 東 份 權 票市場
肢	體 體衝突 解 体 骨
肥	胖 料 皂 大 育 沃 厚 貓
肩	膀 負 上 頭 關節 帶 胛 負著
肯	定 德基 亞 定是 塔基 為 做 定會
肱	骨 臂
育	樂 成 種 樂中心 達 幼院 苗 兒
肴	饌
肺	炎 癌 部 結核 臟 動脈 泡 氣腫
胃	腸 癌 炎 口 腸科 酸 潰瘍 部
胄	裔
背	景 後 面 包 書 部 叛 心
胎	兒 盤 死腹中 生 教 位 動 記
胖	胖 子 虎
胚	胎 芽 乳 子 胎學 芽米 根 軸
胛	骨
胜	肽
胞	弟 子 兄 妹 姊 囊 衣 兄弟
胡	適 思亂想 佛 瓜 亂 說八道 蘿蔔 椒
胭	脂 脂紅 粉 脂粉 脂花粉 脂虎
胯	下 下之辱 部 骨
胰	液 島素 臟 臟炎 腺 島腺 子
胱	氨酸
胳	膊 臂 肢窩 膀 肢 膊窩
胴	體
胸	腔 部 口 罩 襟 懷 膛 中
胺	基酸 基
胼	手胝足 胝
能	力 夠 源 否 量 有 將 不能
脂	肪 肪酸 蛋白 酸 肪組織 粉 油 肪性
脅	迫 持 從 制 肩 逼
脆	弱 皮 餅 性 弱不堪
脈	動 絡 衝 搏 波 沖 管 脈
脊	椎 髓 椎動物 柱 椎骨 骨 背 索
脖	子 頸 頸子
脛	骨
脣	吻 膏 亡齒寒 形 槍舌劍 紅齒白 脂 舌
脩	脯
脫	離 落 水 下 穎而出 戲 到 胎換骨
脯	醢
脹	氣 大 滿
脺	臟
脾	氣 臟 胃 氣好 氣壞
腆	顏 默
腊	筆 肉 味
腋	下 窩 毛 芽 窩下 臭
腌	臢
腎	臟 上腺 臟病 病 臟科 炎 上腺素 小管
腐	蝕 敗 蝕性 化 爛 朽 壞 熟
腑	臟
腓	骨 尼基 尼基人 力二世
腔	調 腸 壁 兒
腕	部 足 力 骨 龍 尺 足動物
腥	味 臭 風血雨 羶 臭味 腥 氣 污
腦	中 筋 部 袋 室 神經 海 炎
腫	瘤 大 脹 起來 腫的 大症
腮	腺炎 紅 幫子
腰	部 帶 酸背痛 背 圍 斬 際 包
腳	步 部 踏車 印 踏 下 本 底
腸	胃 炎 病毒 胃炎 子 臟 管 胃病
腹	部 腔 瀉 痛 膜 地 水 脹
腺	癌 毛 嘌呤
腿	上 肉 毛 長 傷 酸 力 短
膀	胱 胱炎 子 臂
膂	力 力過人
膈	膜
膏	藥 狀 油 肓 腴 丸 澤 乳
膘	情
膚	色 淺 如凝脂 泛 淺性
膜	拜 片 狀 骨粉
膝	關節 蓋 部 上型 下 蓋骨 頭 窩
膠	帶 囊 膜 粒 水 著 布 質
膨	脹 大 脹起來 脹係數
膩	了 在一起 滑 友 味 著 子 煩
膳	食 宿 房 食費 雜費 宿費 食費用 宿費用
膺	選 任 品
膽	固醇 囊 結石 汁 管 小 小鬼 子
膾	炙人口 炙 脯 飯
膿	腫 包 瘡 汁 痰 疱 病 皰
臀	部 鰭 疣
臂	膀 章 力 助 彎 膊
臃	腫
臆	測 想 度 中 斷 造
臉	上 部 色 頰 譜 龐 孔 紅
臌	脹
臍	帶 帶血
臘	肉 腸 月 梅 質 腸狗 八粥 味
臟	器 腑
臣	服 子 下 服於 僕 服在 民 妾
臥	室 龍崗 房 床 底 遊 虎藏龍 姿
臧	否
臨	床 時 海 界 時動議 終 場 近
自	己 然 動 由 行 動化 我 行車
臭	氧 氧層 味 蟲 屁 豆腐 臭 氣
至	於 少 今 誠 此 少有 上 善
致	詞 力於 使 力 命 富 死 用
臺	灣 北 灣省 北市 灣大學 灣省立 北縣 大
臻	於完善
臼	齒 砲 杵
舀	湯 水 子
舂	米 穀
舅	舅 父 爺 媽 母 公 姑 兄
與	其 人 國 會 否 日 眾不同 日俱增
興	趣 建 奮 起 國 辦 隆 學
舉	辦 行 凡 例 動 發 例來說 起
舊	有 友 金山 舊 約 貨 雨新知 式
舌	頭 尖 戰 音 下 苔 狀 根
舍	利 利子 監 人 弟 下 不得 妹
舐	犢情深
舒	適 服 伯特 暢 曼 適度 適性 緩
舔	著 食 乾淨 掉
舖	設 子 平 成 排 下 墊 蓋
舛	誤 謬 錯 雜 駁
舞	蹈 台 會 曲 台劇 臺 廳 弊
舟	山 車 車勞頓 楫 山群島 艦
舡	魚
舢	舨 板
航	空 運 空公司 線 程 次 海 行
舫	船 舟 艇
般	若 般 若經 配 舟三昧 若堂湯
舳	艫
舴	艋
舵	手 機 柄
舶	來品 來貨
船	舶 務 名 員 長 隻 期 艦
艇	長 員
艋	舺
艙	房 口 位 門 底 口處 室 門口
艦	隊 艇 長 上 尾 隻 首 砲
艨	艟 衝
良	好 性 心 機 多 知 善 師益友
艱	辛 難 苦 困 鉅 澀 深 巨
色	彩 情 素 澤 調 系 相 帶
艴	然
艷	陽 麗 色 遇 陽高照 舞 陽天 羨
艾	瑪 森豪 草 略特 美獎 艾 酒 灸
芋	頭 香 頭冰 圓 泥
芍	藥
芎	林
芒	果 草 硝 果樹 種 刺在背 刺 狀
芙	蓉 蓉花 麗曼 蓉出水
芝	加哥 麻 蘭 城 麻街 麻小事 麻油 麻湯圓
芟	除
芥	菜 子 末 藍菜 蒂 子毒氣 菜頭
芫	荽
芬	蘭 芳 園 蘭文 香 蘭語 奇 郁
芭	比 樂 樂汁 比娃娃 蕾 蕾舞團 蕉 蕾舞
芯	子
花	蓮 蓮縣 園 蓮市 卉 費 了 絮
芳	心 香 鄰 苑 名 名錄 香族 草
芸	芸 芸眾生
芹	菜 菜湯
芻	議 狗 秣 糧 言
芽	豆
苑	裡 囿
苒	苒
苓	雅 雅區 耳
苔	蘚 原 蘚植物 癬 綠 類
苕	帚
苗	栗縣 栗 栗市 圃 木 頭 條 族
苛	求 責 性鈉 刻 性鹼 政 性 性鉀
苜	蓿 蓿草 苜
苞	米
苟	同 延殘喘 且 能 合 且偷生 安 有
若	有 是 要 干 能 無 為 想
苦	難 惱 笑 心 戰 澀 苦 瓜
苧	麻
苫	塊
苯	基 胺 乙烯 酚 甲酸 環
英	文 國 語 雄 文版 美 雄榜 明
苻	堅
苾	勃 芻 芻尼 苾
茁	壯
茂	林 盛 密 竹 年
范	姜 蠡 仲淹 陽 德林特
茄	冬 子 萣 紅素
茅	草 屋 舍 台 山 廬 塞頓開 塞
茉	莉 莉花 莉花茶 茉
茗	茶 具
茜	素
茨	坪
茫	茫 然 茫然 茫大海 然不知 然無知 昧 然若失
茬	口
茭	杯 米
茯	苓
茱	萸
茲	事體大
茴	香 香油
茶	葉 館 園 會 坊 壺 具 匙
茸	毛 茸
茹	素 毛飲血 苦含辛
茼	蒿菜
荀	子 況
草	案 屯 原 莓 地 藥 擬 本
荊	州 棘 浩 釵 釵記 軻 扉 棘叢生
荎	藸
荏	苒
荐	任 引 舉
荒	廢 謬 野 涼 唐 蕪 島 地
荔	枝 枝汁
荳	蔻 蔻年華
荷	蘭 爾蒙 包 花 重 蘭人 葉 人
荸	薺 荸
荻	畫 筆 花
荼	毒 毗 毒生靈
莆	田市 田
莉	莉
莊	嚴 敬 子 家 園 稼 周 主
莎	士比亞 拉 莉 翁 草 車
莒	光 光號 光日 拳 光週 城
莖	幹
莘	莘學子
莞	爾
莠	民
莢	果 膜
莧	菜 科
莨	菪 苕
莫	斯科 名 大 札特 不 名其妙 過於 非
莽	撞 林 漢 莽 原 夫 莽撞撞 蒼
莿	桐
菁	英 華 英份子
菅	芒 芒花 茅
菊	花 花茶 園
菌	種 落 類 株 絲 苗 液 絲體
菎	麻
菖	蒲
菜	單 色 餚 園 市場 刀 館 籃
菠	蘿 菜
菡	萏
菩	薩 提 提樹 薩心腸 提子 提迦耶 薩低眉 薩十地
華	人 視 夏 僑 盛頓 航 裔 文
菰	米
菱	角 形 鏡 形硫 形體
菲	律賓 國 律賓人 律賓海 語 薄 律賓話 禮
菸	酒 草 鹼 葉 酒公賣 絲 毒 害
菽	水承歡 麥
萃	取
萆	麻
萊	特 比錫 茵河 辛 陽 布尼茲 因河 菔
萋	萋
萌	芽 生 發 芽期 動 起 兆 芽林
萍	水相逢 蹤 鄉
萎	縮 靡 黃 頓 靡不振 蕤 謝 雕
萬	元 人 能 象 里 華區 事 一
萱	草 堂
萵	苣 筍 萵
萼	片
落	實 後 在 地 成 幕 選 葉
葉	子 片 葉 樹 綠素 酸 面 脈
著	作 作權 名 手 重 重於 作人 眼
葛	藤 羅斯基 布 粉 天氏 羅米柯
葡	萄 萄酒 萄糖 萄牙 萄球菌 萄柚 萄園 萄胎
董	事長 事 事會 卓 源 仲舒 必武 存瑞
葦	眉子
葫	蘆
葬	禮 身 在 儀社 儀 送 身海底 身之地
葵	花 花子油 花子 花油 扇
葷	食 腥 菜 油 腥不沾 辛 酒
蒐	集 證 錄 羅 購 求 藏 証
蒔	蘿
蒗	渠
蒙	特婁 古 恩 特 恬 受 面 上
蒜	頭 泥 苗 末 瓣
蒞	臨 會 場
蒟	蒻
蒲	公英 團 葵 式耳 州 扇 松齡 柳
蒴	果
蒸	氣 餾 汽 發 餾水 蒸日上 汽機車 發器
蒺	藜
蒼	蠅 白 天 鷺 穹 生 老 翠
蓄	電池 勢 水 勢待發 意 水池 積 養
蓆	子 地
蓊	鬱 葧
蓋	章 世 了 洛普 上 子 住 棺
蓍	龜 菜
蓑	笠 草 衣
蓓	蕾
蓖	麻油
蓬	勃發展 勃 萊 鬆 車 萊仙島 頭 萊米
蓮	花 霧 蓬頭 子 池 花池 心 池潭
蓼	花 莪 蓼
蓽	路藍縷 路縷
蔑	視 棄
蔓	延 藤 延到 草 生 陀蘿 延性 生植物
蔗	糖 農 渣 作 園 板 漿 醣
蔚	為 藍 成 然 藍海岸 為奇觀 起 然成風
蔞	蒿
蔡	元培 倫 鍔 孟勳 邕 文姬 裕華 正仁
蔣	公 經國 介石 緯國 中正 總統 故總統 渭水
蔥	白 花 頭 蒜 油餅 綠 翠 嶺
蔬	菜 果 菜汁 食
蔭	涼 影 蔽 棚 庇
蔻	丹
蔽	匿 天 日 塞 體 空 野 身
蕁	麻疹 麻
蕃	薯 茄 茄汁 茄醬 人 薯粉 茄片 殖
蕉	農 園 布 扇
蕊	心 柱
蕎	麥 麥麵
蕙	蘭 心 質蘭心
蕞	爾 爾小國
蕨	類
蕩	漾 蕩 然無存 婦 然 氣迴腸 寇 來蕩去
蕪	湖 菁 穢 繁 雜
蕭	萬長 條 邦 蕭 薔 瑟 索 颯
蕾	絲 鈴
薄	識 膜 薄 弱 霧 荷 荷糖 片
薈	萃 萃一堂
薏	仁
薑	餅 絲 片 汁 末 糖 母鴨
薔	薇
薙	毛 頭 髮 刀 去
薛	寶釵 福成
薜	蘿
薦	任 福碑 舉 骨 引 拔 賢
薩	爾瓦多 爾 拉 克斯風 伊 姆 丁尼亞 利
薪	資 水 傳 津 給 火相傳 俸 火
薯	條
薰	陶 香 風 心 爐 天 染 染法
藉	由 著 此 以 口 此機會 機 藉
藍	色 天 圖 燈 山 調 寶石 光
藏	書 經 書量 著 匿 族 身 寶
藐	視 藐 小 視一切
藕	斷絲連 粉 節 花 色 斷 灰 絲
藜	科
藝	術 文 術家 術學院 人 術館 壇 術品
藤	椅 蔓 製 子 條 蘿 架 皮
藥	物 品 局 師 學 劑 盒 理
藩	籬 主 士 鎮 屬 國 屬國
藹	藹 然 然可觀
藺	相如
藻	類 井 菌 類學 思 繪 類植物 飾
蘆	竹 洲鄉 洲 薈 葦 筍 筍汁 笛
蘇	貞昌 澳 聯 哈托 格蘭 州 俄 東坡
蘊	藏 含 釀 涵 藏量 含著 涵著 藉
蘋	果 果綠 果樹 果酒 果汁 果皮 果園 果螺
蘑	菇
蘚	苔 苔植物 類
蘭	嶼 陽 花 州 陽溪 斯 桂 溪
蘸	筆 上 水 水筆 濕
蘹	香
蘼	蕪
蘿	蔔 蔔乾 蔔腿 菠 蔔糕
虎	尾 穴 年 林 頭 虎 頭山 頭埤
虐	待 兒 待兒童 童 待狂 刑 政 暑
虔	誠 敬 心 婆 信 文
處	理 理器 分 置 於 罰 處 長
虛	擬 偽 構 幻 空 弱 心 實
虜	獲 掠
虞	美人 姬 犯 舜 國 侯
號	碼 稱 令 誌 召 外 子 為
虧	損 欠 了 本 待 空 得 缺
虫	子 體 兒
虯	髯
虱	目魚 子
虹	吸 橋 彩 鱒 霓 吸管 口 吸現象
蚊	子 帳 蟲 香 蠅 蚋 香盒
蚌	殼 埠 珠
蚍	蜉
蚚	蜴
蚜	蟲
蚩	尤
蚯	蚓 蚓洞
蚰	蜒
蚱	蜢 蟬
蚵	仔 仔煎 民 農
蚶	田
蛀	牙 蟲 蝕 洞 食 齒
蛇	頭 紋 行 王 形 蠍 類 座
蛋	糕 白質 白 黃 白尿 殼 捲 白石
蛐	蛐兒
蛔	蟲 蟲病 蟲藥
蛙	鞋 泳 式 鳴 跳 人 腿 式比賽
蛛	絲馬跡 網 網狀
蛞	蝓
蛟	龍 龍得水
蛤	蟆 蜊 蚧 蜊湯 蠣 粉 蚌
蛺	蝶
蛻	變 化 殼 皮 化變質
蛾	眉 子 眉月 眉粉黛
蜀	漢 道 人 國 犬吠日 魏 道難行
蜂	蜜 巢 后 王乳 窩 炮 擁 鳴器
蜃	氣
蜆	妹 精
蜇	螯部
蜈	蚣
蜉	蝣
蜑	戶 民
蜒	蚰
蜘	蛛 蛛網 蛛絲 蛛精 蛛類 蛛學 蜘
蜚	聲國際 聲中外 蠊 短流長 廉 言蜚語 語
蜜	蜂 月 餞 語 月旅行 汁 糖 源
蜥	蜴 蝪 蟀
蜩	螗 螗沸羹
蜷	曲 縮 伏
蜻	蜓 蜓點水 蛉
蜾	蠃
蜿	蜒 豌豆
蝌	蚪 蚪文
蝕	成 本 刻 刻師 損
蝗	蟲 災 害
蝙	蝠 蝠俠 蝠洞
蝟	毛
蝤	蠐 蛑
蝦	米 仁 子 球 蟆 肉 餅 餃
蝨	子 蠅
蝴	蝶 蝶蘭 蝶結 蝶花
蝶	式 泳 類 形 衣 粉 形花冠
蝸	牛 居 角
螃	蟹 蟹殼 蜞 蟹肉
融	資 合 入 通 化 洽 融 會
螞	蟻 蟻上樹 蝗 蟻窩 蟥 蚱 螂
螟	蛾 蛉 蟲
螢	幕 幕上 光 火蟲 光幕 光燈 窗 石
螫	人 毒 眼睛 針
螲	蟷
螳	螂 臂擋車 螂捕蟬 臂當車
螵	蛸
螺	絲 旋 帽 紋 栓 絲起子 旋式 旋槳
螻	蟻 蛄 蟈 蟻兒
螽	斯
蟄	伏 居 雷
蟈	蟈 蟈兒
蟋	蟀 蟀草
蟑	螂
蟒	蛇 袍
蟠	龍 桃 桃會 踞 據 曲
蟬	聯 連 鳴 兒 聯冠軍 翼 娟 蛻
蟯	蟲
蟲	害 卵 體 蝕 鳴 子 兒 類
蟹	肉 黃 殼 螯 行 青 肉湯
蟻	酸 象 穴 丘 蠶 塚
蟾	蜍 兔 桂
蠅	頭小利 頭 營狗苟 頭小楷 拍 虎 頭之利
蠍	子
蠑	螈 蠑
蠓	艋
蠔	油 田
蠕	動 蟲 形動物 蟲形 行
蠟	燭 筆 染 像館 油 筆畫 紙 像
蠡	測
蠢	蠢欲動 動 蠢 蛋 材 話 物 貨
蠣	奴 粉 黃
蠭	起
蠱	惑 毒 惑人心
蠶	絲 豆 蛾 食 寶寶 桑 種 絲被
蠹	魚 蟲 政 簡
蠻	荒 橫 牛 力 族 幹 人 夷
血	管 液 型 糖 清 壓 統書 小板
行	政院 政 情 為 動 銷 程 業
衍	生 生物 義 變 射 文 傳 生詞
術	語 科 士 數 數家
衖	堂
街	友 道 頭 上 口 舞 景 道上
衙	門 役 門作風
衚	衕
衛	生 星 生署 生局 教 道 生所 生處
衝	擊 突 動 刺 浪 著 破 出
衡	量 陽路 陽 山 情 情度理 情論理 宇
衢	道 巷
衣	服 飾 物 著 料 裳 櫃 架
表	示 現 列 格 演 達 面 情
衫	林 袖 褲 林溪
衰	退 竭 弱 減 老 敗 變 落
衲	僧 衣 襖
衷	心 情 曲
衿	帶 袍
袁	紹 世凱 術 枚
袈	裟
袋	子 鼠 熊 狀
袍	澤 子 服 澤之誼
袒	護 胸 胸露背 露 胸露乳 裼裸裎 護著 露出
袖	珍 子 手旁觀 口 手 珍型 管 長
袞	袞諸公
袪	除 風 暑 暑氣 風油
被	保險人 人 告 迫 動 害人 害者 捕
袺	襘
裁	判 員 定 決 示 剪 撤 減
裂	縫 痕 解 開 隙 紋 孔 口
裊	裊
裏	面
裒	多益寡 輯
裔	冑
裕	隆 隆牌
裙	子 帶 衩 帶關係 釵
補	給站 助 充 習班 償 校 習 發
裝	置 訂 潢 備 檢 船 飾 修
裡	面 頭 布 外 子 加 帶 應外合
裨	益 使 助 將 能
裱	褙 貼 工 糊
裴	豔玲
裸	露 體 子植物 奔 身 裎 孩 線
裹	足不前 著 住 在 上 傷 腳 了
製	作 造 造業 品 造商 藥 成 程
褂	子
複	製 雜 合 合材料 印 習 診 選
褊	狹 急 淺
褐	色 藻 煤 鼠 布 煤田 設
褒	忠 揚 獎 貶 叟 境 損 氣
褓	且 姆 母
褡	包 連
褥	瘡 子 套
褪	色 去 下 光 成 掉 脫
褫	奪公權 奪
褲	子 襪 管 襠 帶 袋 腳 裙
褶	皺 曲 痕 裙 疊 紙
褻	瀆 玩 衣 瀆神明 臣
襁	褓
襄	陽 理 助 樊 王 贊 辦
襖	兒 褲
襟	懷 翼 兄 度 弟
襤	褸
襪	子 帶 套 筒
襯	衫 托 墊 托出 衣 裡 出 砌
襲	擊 胸 爵 奪 用 胸險 取 擊戰術
西	方 元 洋 文 路 班牙 門 藏
要	求 聞 點 有 不 是 到 和
覆	蓋 議 水 審 核 轍 蓋著 亡
覈	實
見	到 見 證 面 過 諒 解 了
規	定 劃 格 則 範 模 畫 章
覓	食 得 保 句
視	窗 聽 力 訊 覺 覺系 為 野
覘	候
親	自 子 愛的 切 友 密 民 近
覬	覦
覲	見 禮 謁
覺	得 醒 悟 察 民 著 察到 得很有
覽	勝
覿	面
觀	光 察 念 點 看 眾 賞 測
角	色 度 落 膜 逐 力 質 鋼
觔	斗 斗雲
觝	觸
解	決 答 釋 析度 說 析 除 讀
觥	籌交錯 籌 觥
觱	沸
觳	觫
觴	酌
觸	摸式 媒 犯 及 摸 角 動 發
言	重 論 語 論自由 及 行 之 詞
訂	購 定 閱 單 製 戶 購單 位
訃	文 聞 告
計	算中心 畫 劃 算 數 算機 量 數器
訊	息 號 問 號槍 疾 號旗
討	論 厭 論會 好 價還價 伐 論到 人喜歡
訐	直
訓	練 導處 練班 導 育組 練所 育 導主任
訕	笑
訖	站 點 了
託	付 運 管 人 付給 夢 孤 買
記	者 錄 得 憶體 數 述 憶 載
訛	誤 傳 言 詐 人 舛 謬 音
訝	異
訟	案 事 費 棍 獄
訣	竅 別 別書 要
訪	客 問 談 視 日 問團 台 華
設	備 計 定 置 施 立 有 籍
許	多 可 多人 可證 許多多 久 願 下
訴	求 訟 願 說 諸 訟法 請 說著
訶	子 責 斥 詰 護 難
診	斷 所 療 治 察 斷書 療室 病
註	冊 明 冊組 銷 譯 解 冊商標 釋
証	券 明 件 實 書 據 明書 人
訾	議 病
詆	毀 譭
詎	料 非所料
詐	欺 騙 財 術 死 欺罪 降 賭
詔	安 書 令 諭 告 命 示 旨
評	估 論 鑑 價 量 審 等 選
詛	咒 咒語 罵
詞	語 彙 典 曲 句 庫 選 意
詠	春 嘆 歎 春拳 歌 詩 懷
詢	問 問處
試	聽 驗 題 算 戴 用 著 辦
詩	人 詞 歌 文 集 篇 選 作
詫	異
詬	病 罵
詭	異 譎 計 詐 譎多變 辯 秘 奇
詮	釋
詰	問 難 屈聱牙 責
話	題 說 語 劇 匣子 機 筒 兒
該	項 校 會 國 是 有 管 行
詳	細 情 盡 述 閱 實 加 圖
詹	姆士 森 天佑
詼	諧
誅	殺 滅 心之論 除 戮殆盡 死
誆	騙
誇	張 大 獎 耀 讚 口 示 大其詞
誌	慶 喜 哀
認	為 識 證 同 知 定 真 可
誑	語 妄 言 誕 騙
誒	詒
誓	言 師 死 師大會 約 詞 不兩立 不罷休
誕	生 辰 生地 生石 育
誘	惑 餌 因 發 導 人 使 拐
語	言 音 文 法 言學 氣 系 意
誠	徵 品 實 意 摯 懇 信 心
誡	律
誣	告 陷 賴 蔑 衊 控 告罪 詆
誤	食 會 差 解 導 以為 認 判
誥	命 封
誦	經 讀 詩 詠 經臺 讀詩篇
誨	人不倦 淫 盜 盜誨淫
說	明 話 法 是 明書 出 明會 說
誰	在 能 有 是 會 人 家 肯
課	程 題 業 表 程表 徵 稅 堂
誶	罵
誹	謗 謗罪
調	查 整 查研究 節 查局 高 適 理
諂	媚 諛 笑
諄	諄 諄教誨 諄告誡 諄教導
談	判 到 天 話 談 論 起 天說地
諉	過 卸 過於人
請	問 按 教 勿 洽 先 看 求
諍	言 友 諫 臣 訟
諏	訪 議
諒	解 察 必 已
論	壇 文 述 著 及 點 戰 談
諛	詞 辭
諜	報 報員 報人員 對諜
諠	譁
諡	號 法 議
諢	號 名
諤	諤
諦	聽 視
諧	波 仿 音 振 和 調 趣 振動
諫	議 官 書 諍 大夫 院
諭	知 旨 示 告 令 請
諮	詢 商 議 議局 詢費 文 諏
諱	言 疾忌醫 莫如深 名
諳	熟 曉 練 習 識
諷	刺 刺性 喻 刺詩 刺畫 誦 古說今 語
諸	多 如 位 宮調 葛亮 葛 侯 如此類
諺	語 文
諾	貝爾 貝爾獎 言 曼 曼第 斯底 曼地 諾
謀	殺 職 求 生 略 取 殺案 福利
謁	見
謂	何 者
謄	本 稿 寫 出 出來 清 錄 寫板
謊	言 話 報 報年齡
謎	語 題 底 樣 團 面 兒
謔	稱 而不虐
謙	虛 卑 遜 和 沖 稱 恭 讓
講	師 座 義 習 話 授 解 堂
謝	謝 長廷 謝你 謝你們 意 了 神 天
謠	言 傳 言惑眾 言滿天 言止於
謫	仙 居 戍 降
謬	誤 論 以千里 說
謳	歌 吟
謹	慎 此 守 記 致 言慎行 防 記在心
謾	罵 天謾地
譁	眾取寵 然 變
證	券 明 書 件 明文件 實 券市場 據
譎	詭
譏	笑 諷 為 誚 嘲 刺 評 笑聲
識	別碼 別 字 別證 破 貨 見 相
譚	嗣同 人鳳
譜	寫 出 曲 上 下 系 成 表
警	察 方 察局 告 政署 政 報 示
譨	譨
譬	如 如說 喻 若
譯	員 者 名 本 成 文 經 音
議	員 題 會 院 長 程 定書 決
譴	責
護	理 照 士 膚 專 法 髮 目鏡
譽	為 滿 滿全球 滿全國
譾	陋
讀	者 書 取 書會 經 寫 到 物
變	化 成 更 遷 得 動 數 形
讎	隙
讒	言 害 構 誣 間 陷
讓	人 與 步 國 出 給 開 渡
讕	言
讖	緯 語 書
讚	美 揚 嘆 賞 歎 譽 許 頌
讜	論 言 辭
谷	底 關 地 川 子 口 歌 壁
谿	山行旅 谷 壑
豁	免 達 然 然開朗 免權 出 出去 然貫通
豆	腐 豆 類 子 漿 芽菜 花 沙
豇	豆
豈	是 不 不是 非 能 可 有 只
豌	豆 豆莢
豎	立 琴 笛 起 著 井 直 立起來
豐	富 原市 原 年 田 盛 碩 濱
豔	陽 麗 遇 陽天 光四射 史 姿 歌
豚	骨 鼠
象	徵 棋 牙 徵著 徵性 山 牙海岸 限
豢	養
豪	華 雨 情 華型 華版 爽 邁 傑
豫	劇 州 先
豬	肉 瘟 場 頭 舍 腳 血 公
豹	子 紋 皮 死留皮 皮帽 貓
豺	狼 狼當道
貂	蟬 鼠 皮 皮大衣
貌	似 美 合神離 不驚人 相 寢 美如花
貍	貓 奴
貓	咪 頭鷹 兒 熊 眼 王 頭 叫
貔	貅 虎
貝	多芬 類 爾 克 殼 魯特 拉 勒
貞	操 潔 節 德 觀 女 烈 節牌坊
負	責人 責 擔 荷 面 債 載 起
財	經 務 物 團法人 政部 產 政 稅
貢	獻 寮 丸 糖 獻者 生 品 禮
貧	血 窮 困 富 乏 瘠 道 苦
貨	品 幣 物 運 櫃 車 物稅 款
販	賣 售 賣機 毒 賣部 運 夫走卒 子
貪	污 瀆 婪 心 圖 贓枉法 玩 戀
貫	徹 穿 通 徹執行 串 注 徹始終 耳
責	任 備 任感 成 怪 令 罵 無旁貸
貯	存 藏 水 積 水池 存量 藏室 備
貲	財
貳	心
貴	賓 公司 族 校 姓 重 陽 人
貶	值 抑 低 損 謫 官 斥 逐
買	賣 進 了 到 方 一 超 氣
貸	款 了 款額度 放 方 金 出 款額
費	用 率 時 城 心 力 了 盡
貼	上 紙 心 出 近 切 身 到
貽	笑大方 誤 害 笑 禍 患 誤戎機 人口實
貿	易 易商 易公司 然 易逆差 易額 易順差 易中心
賀	卡 爾蒙 年卡 詞 禮 年 喜 歲
賁	門 士 然
賃	金
賄	選 賂 賂罪 款
資	訊 訊網 料 料中心 源 料庫 本額 格
賈	寶玉 誼 人 思勰 禍 南風 后 後
賊	人 兵 子 禿 窩 船 頭賊腦 風
賑	災 濟 款 救 糧 恤 饑
賒	借 帳 欠 貸 賬 債 旗鎮 賣
賓	館 州 士 客 果 至如歸 士車 主盡歡
賙	濟
賜	教 給 福 予 與 告 函 爵
賞	心悅目 花 賜 月 識 玩 心 金
賠	償 錢 款 上 了 本 罪 掉
賡	續
賢	達 人 明 者 弟 慧 妻良母 德
賣	相 出 場 方 壓 給 掉 家
賤	貨 人 賣 胚 妾 價出售 價 內
賦	予 有 稅 與 歸 詩 格曲 役
質	疑 量 地 詢 感 押 譜儀 料
賬	簿 單 戶 本 目 冊 房 篷
賭	博 場 城 注 王 徒 局 氣
賴	於 比瑞亞 皮 床 以維生 索托 帳 以為生
賸	餘 下 餘價值 餘物資
賺	錢 取 到 大錢 了 得 頭 個
賻	儀
購	買 物 置 屋 物中心 入 得 買力
賽	車 程 跑 馬 車場 場 會 道
贄	敬 見
贅	述 言 瘤 肉 文 筆 婿 詞
贈	送 品 與 閱 獎 禮 予 給
贊	助 成 同 助者 成者 助人 賞 美
贍	養費 養
贏	得 家 了 取 球 過 回 錢
贓	物 款 官 品 車
贖	回 罪 金 款 人 身 罪券 罪符
贗	品 本
贛	州 南盆地 江
赤	字 道 子 裸 裸裸 嵌樓 崁樓 子之心
赦	免 罪 宥 罪券 免令 罪符
赧	然 愧 赧 顏
赫	然 爾辛基 斯 爾 茲 赫有名 赫 塞
赭	石
走	勢 向 過 出 了 到 走 進
赳	赳 赳武夫
赴	約 英 任 會 宴 湯蹈火 考 義
起	來 士 事 誓 源 飛 訴 始
趁	著 機 早 勢 熱 火打劫 虛而入 空
超	級 過 人 越 音波 市 值 高
越	來越 南 野 過 好 戰 是 野車
趕	快 緊 人 到 快去 上 工 稿
趙	國 家 子龍 孟頫 匡胤 人 王 樹理
趣	味 事 味性 味競賽 聞 談 味十足 話
趨	勢 向 於 近 吉避凶 於穩定 之若鶩 之若騖
趲	幹 步 程 行 足
足	以 夠 球 跡 球賽 部 見 歲
趴	在 著 下 倒 下來 下去 著不動 趴熊
趵	突泉 趵
趺	坐
趾	甲 高氣昂 高氣揚 骨
趿	拉
跂	想 望
跆	拳道 拳
跋	涉 山涉水 扈 前躓後 文
跌	破 停 幅 倒 到 價 勢 落
跑	跑 到 道 車 去 步 得 來
跛	腳 足 子 行症
距	離 今 今已有
跟	隨 著 上 進 在 人 蹤 前
跡	象 地
跨	越 國 入 年度 國企業 出 行 年
跪	在 拜 下 下來 著 了 倒 地求饒
跫	音
路	線 徑 上 人 口 竹 段 邊
跳	票 蚤 躍 舞 到 出 動 脫
跺	腳
跼	促 促一隅 促不安 蹙 躅
踉	蹌 踉蹌蹌 踉 蹌而行
踏	實 入 上 出 青 板 著 步
踐	踏 履 踏在 踏著 諾 位 約 阼
踔	厲風發
踝	骨 子骨 飾
踞	傲自大
踟	躕 躕不前 躇 躇不前 躕不進
踡	伏 跼
踢	人 到 球 出 皮球 進 了 下
踩	到 踏 在 油門 下 住 高蹺 線
踮	起 著
踰	越 矩 年
踱	步
踴	躍 躍發言
踵	接 至
踹	踏
踽	踽而行
蹀	蹀 躞
蹂	躪
蹄	子 形 膀 鐵 形磁鐵
蹇	滯
蹈	爨 入 常襲故 海
蹉	跎 跎光陰 跎歲月 跎時光
蹊	蹺 徑
蹙	眉
蹠	骨
蹣	跚 跚而行
蹤	跡 影
蹦	蹦跳 蹦跳跳 跳 出來
蹧	蹋
蹩	腳
蹭	蹬
蹲	下 下來 著 了 上 下去 坐 坐在
蹺	課 蹺板 起 蹊 蹺 著 了 來蹺去
蹻	勇 腳
躁	進 急 狂
躉	批 批買入 批賣出
躊	躇 躇不前 躇滿志
躋	身 升
躍	升 居 動 躍欲試 進 起 身 馬
躐	進
躑	躅
躓	礙 仆 礙難行 頓
躔	次
躡	手躡腳 足 手 著 腳 腳根 著腳
身	體 心 上 份 分 為 高 邊
躬	身 逢其盛 行 耕 親
躲	在 避 過 起來 雨 避球 藏 開
躺	在 著 下 臥 平 椅 下來 躺
軀	體 幹 殼 骸
車	輛 站 子 主 隊 禍 行 上
軋	鋼 輥 平 機 軋 碎 入 上
軌	道 跡 域 距 範
軍	事 訓 方 人 隊 官 中 團
軒	轅 然大波 昂 輊 轅教 轅氏 敞 朗
軟	體 體設計 硬 碟 件 弱 片 骨
軫	念
軱	轆
軸	承 距 心 線 箱 對稱 心國 系
軼	事 聞 詩
較	高 大 低 多 佳 小 少 快
載	入 明 於 有 運 重 波 到
輓	歌 詩 聯 詞
輔	導 助 仁大學 選 導室 大 導組 導員
輕	鬆 易 輕 微 心 度 輕鬆鬆 巧
輜	重
輝	煌 映 耀 光 煌燦爛 銅 銀 銅礦
輟	學 耕
輥	子 軋 齒輪
輩	分 子 出 行
輪	胎 流 機 迴 廓 椅 船 到
輯	要 錄 佚 佚學 出 印 書 印成書
輸	入 出 入法 血 送 了 往 給
輻	射 射線 射量 射能 輳 射熱 射狀 射塵
輾	轉 過 轉反側 斃 平 成 米 米廠
輿	論 情 論界 圖 論譁然
轂	擊肩摩 轆
轄	區 境 地 治
轅	門
轆	轤 轆
轉	載 換 移 型 變 投資 帳 讓
轍	蹟
轎	車 子 夫 伕 門 椅
轔	轔
轟	動 炸 炸機 轟烈烈 出 隆 動一時 轟
轣	轆
辛	苦 勞 亥 勤 酸 辣 辛苦苦 辛那提
辜	負
辟	邪 支佛
辣	椒 醬 味 手 椒醬 油 子 手摧花
辦	理 法 公室 公 事處 個 學 事
辨	識 認 別 明 色 認出 析 向
辭	典 職 去 彙 呈 修 意 世
辮	子 兒
辯	士 論 論會 護 證 稱 解 護律師
辰	光 牌 砂
辱	罵 命 沒 國 國喪權
農	業 會 場 地 林廳 藥 民 村
迂	迴 腐 迴曲折 回 曲 迴戰術 久 儒
迄	今 今已 未 今已有 無 未見效 無音訊
迅	速 猛龍 雷 即 捷 疾 猛 風
迆	邐
迍	邅
迎	接 新 向 合 戰 賓 風 頭痛擊
近	年來 期 來 日 年 代 視 世
返	回 國 台 家 鄉 校 抵 老還童
迢	迢 遙 遞 迢千里 遠
迤	邐
迥	異 然不同 然 然有別 別 然迴異 若 若兩人
迦	南 納 太基 樓羅 葉尊者
迪	士尼 化街 斯耐 斯可 化
迫	使 切 害 切需要 降 於 不及待 近
迭	起 有 次 有斬獲 有發現 代 有佳績
述	說 評 職 詞 語 作 異記 而不作
迴	響 路 避 轉 圈 旋 廊 盪
迷	你 人 思 失 惑 宮 信 路
迸	出 裂 發出 發 流 出來 開 出去
迻	譯
追	求 蹤 查 尋 逐 加 究 殺
退	休 出 休金 還 伍 回 稅 化
送	給 出 到 達 交 禮 貨 回
逃	避 生 亡 離 出 走 跑 脫
逆	轉 流 勢 向 差 境 行 光
逋	逃
逍	遙 遙法外 遙自在
透	過 析 明 露 視 天 透 鏡
逐	漸 步 年 一 項 次 日 出
途	徑 中 經 程 上 遇
逕	寄 行 自 流 庭 直
逗	趣 留 點 號 弄 笑 留在 人
這	個 些 是 樣 種 裡 麼 次
通	訊 過 信 知 常 報 路 告
逛	逛 街 了 一逛 過 上 來 來逛去
逝	世 去 者 水 者已矣
逞	強 能 威 兇 凶 勇 威風 惡
速	度 率 食 食店 寫 成 限 食麵
造	成 型 形 勢 訪 紙 就 字
逡	巡
逢	甲大學 甲 低買進 凶化吉 迎 年過節 場作戲 高賣出
連	結 絡 線 續 接 戰 鎖 上
逮	捕 到 獲 住
週	邊 年 刊 報 六 一 五 期
進	行 口 入 修 一步 出 而 度
逶	迤
逸	仙 民 事 樂 趣 興 才 趣橫生
逼	近 進 真 迫 使 人 著 出
逾	期 時 越 限 齡 時不候 恆 期作廢
遁	入 逃 形 入空門 走 世 跡 詞
遂	即 心 願 意 其所願 心如意
遇	到 見 上 害 熱 過 難 險
遊	戲 客 記 行 樂區 樂 憩 學
運	動 用 作 輸 費 算 轉 動會
遍	及 佈 尋 布 地 野 體鱗傷 體
過	程 去 得 了 度 敏 來 濾
遏	止 阻 制 抑 阻作用 惡揚善 止住
遐	想 思 邇 齡 志
遑	論 論其他
遒	勁 健
道	路 德 歉 理 教 具 明 場
達	到 成 卡 賴 令 賴喇嘛 摩 拉斯
違	反 例 規 法 約 者 背 憲
遙	控 測 遠 控器 望 遙領先 遙無期 遙
遛	狗 達 鳥
遜	色 位
遞	補 送 減 迴 給 增 交 延
遠	距 東 離 方 景 處 遠 見
遣	返 送 使 散 興 懷 散費 歸
遨	遊 遊四海 遊天下 嬉
適	合 當 宜 應 用於 用 時 度
遭	遇 受 到 人 遇到 逢 受到 殃
遮	罩 蔽 住 蓋 陽 掩 斷 光
遯	世 形
遲	緩 遲 到 疑 來 鈍 早 延
遴	選 選出 選出來
遵	守 循 照 行 從 命 守規則 奉
遷	移 入 徙 調 出 台 廠 往
選	單 擇 舉 購 戰 民 項 修
遺	業 像 棄 失 傳 憾 址 產
遼	闊 寧省 寧 陽 寧街 東 河 西
遽	增 然 下 爾 聞 下結論 然變色
避	免 開 難 孕 孕藥 諱 世 讀
邀	請 集 約 請函 請卡 請賽 稿 宴
邁	向 入 進 阿密 克 可 出 開
邂	逅
邃	古 密
還	是 有 要 在 可以 沒 真 會
邇	來
邈	視 邈 然
邊	緣 界 際 政 框 看 境 說
邋	遢 裡邋遢
邏	輯 輯性 輯學 輯思維 各斯
邐	迤
邑	人 宰
邢	台
那	麼 些 個 裡 是 就 種 時
邦	交 聯 國 彥 基 本 家 交國
邪	惡 教 法 門 氣 淫 魔 術
邯	鄲 鄲學步
邱	吉爾
邵	陽 武 氏 族
邸	宅 第
郁	郁 穆 馥 烈
郊	遊 區 外 野 原 祀
郎	君 中 官 才女貌 舅 費羅
郝	柏村 搖旗
郡	主 國 王 縣 守 候 縣制 縣制度
郢	書燕說 人
部	份 分 門 長 位 落 落格 隊
郫	縣
郭	富城 婉容 子儀 振泰 象 沫若 江
郴	州
郵	件 局 資 政 寄 購 票 政劃撥
都	是 有 會 市 不 可以 在 能
鄂	倫春
鄉	土 鎮 公所 民 情 村 親 長
鄒	容 族
鄙	視 人 夷 俗 棄 薄 吝 嗇
鄧	小平 麗君 肯 中夏 尼金 茂七
鄭	重 成功 國 州 州路 和 經 重聲明
鄰	近 居 里 國 接 近地區 長 家
鄱	陽湖 陽 陽盆地
酈	希誠 道元
酉	堊紀
酋	長 長國
酌	情 量 減 加 議 酒 情處理 辦
配	合 備 件 置 偶 方 對 額
酒	店 精 吧 廠 會 類 後 杯
酖	毒
酗	酒 酒鬧事
酚	醛樹脂 醛 酒 醛塑料 醛塑膠
酡	紅
酢	漿草 醬草
酣	睡 暢 眠 醉 戰 娛 樂 歌
酤	酒
酥	脆 餅 胸 油 軟 麻 糖 鬆
酩	酊 酊大醉
酪	農業 氨酸 梨 農場 酸 漿 餅
酬	勞 金 謝 庸 神 報 答 酢
酯	類 化
酵	素 母 母菌 解 粉
酷	音 哥 愛 似 妹 熱 刑 暑
酸	性 痛 鹼 甜苦辣 化 味 度 菜
醃	肉 過 魚 漬物 菜 漬 製 成
醇	酒 類 厚 化 美 香 醪 醇
醉	漢 酒 心 心於 意 臥 倒 翁
醋	酸 酸纖維 酸鹽 罈子 勁 海生波 意 罐子
醍	醐 醐灌頂
醒	來 目 過來 吾 著 醒 悟 吾商專
醛	類
醜	聞 陋 惡 小鴨 醜 化 態 八怪
醞	釀 釀著 成 積 藉
醡	漿草
醣	類 化 水 尿病 廠 果 槭 漿
醫	療 師 院 學 學院 藥 生 科
醬	油 園 菜 油膏 缸 瓜 肉 料
醭	兒
醯	胺
醱	酵 醅
醲	郁
醺	醺 蒸 酣 醺然 魚
釀	成 造 酒 製 酒廠 造出來 禍 蜜
釁	端 隙 鼓
采	聲 邑 地 女 衣 色
釉	藥 色 彩 陶
釋	疑 放 出 迦 義 例 家 放出來
里	長 斯 程 港 程碑 斯本 民 拉
重	要 新 製 點 置 視 大 量
野	生動物 生 鳥 外 孩子 柳 獸 狼
量	產 表 化 子 成 度 子力學 過
釐	清 訂 定 米 出 正
金	融 額 屬 門 庸 錢 馬 牛座
釘	在 子 死 書機 鞋 上 住 著
釜	山 底抽薪 中魚
針	對 織 灸 頭 孔 筒 刺 鋒相對
釣	魚 魚台 具 竿 場 到 客 船
釦	子 上 上來 上去 下 下來 下去 了
釵	鐶
鈉	鹽 離子
鈍	化 氣 鈍 性 角 刀 挫 兵
鈐	記 印
鈔	票 本 券 錄
鈕	扣 釦 子 孔
鈞	啟 鑒 安 諭
鈣	質 化 片 鎂磷肥
鈦	酸鋇 合金
鈴	聲 鈴 鐺 響 子 鼓 聲響起 響時
鈹	青銅
鈾	礦
鉀	肥 鹽 礦
鉅	額 大 子 著 細靡遺 款 變 量
鉋	削 花 子 冰 刀 成
鉑	銥
鉗	工 制 子 口 刑 口結舌 噤 形攻勢
鉚	釘
鉛	筆 筆盒 中毒 球 筆畫 華 管 直
鉤	針 蟲 子 住 狀 上 出 爪
鉸	鍊 鏈 刀 接 鏈葉
鉻	鋼 酸鉀
銀	行 河 樓 行團 色 行業 子 幕
銅	人 鑼 牌 管 器 線 板 像
銑	床 刀 鐵 削 工 鋧
銓	敘部 敘 列 定考試 廷 次 部 擢
銖	兩悉稱 銖校量 兩 積寸累
銘	篆 文 鏡 謝 記 心 感五內 記在心
銜	接 尾蛇 命 接起來 環 結 住 哀
銨	鹽
銬	起來
銲	接 錫 槍 住 工
銳	利 減 氣 不可當 角 敏 器 眼
銷	售 售業 售量 售額 量 毀 路 售點
銻	礦
銼	刀 磨
鋁	合金 門窗 箔 製 窗 製品 門 錠
鋃	鐺入獄 鐺
鋅	粉 版 礦 板 片 粒 白 肥
鋌	而走險
鋏	子
鋒	面 利 頭 芒 銳 芒畢露 刃 面雨
鋤	頭 草 奸 強扶弱 犁 田
鋪	設 陳 路 面 在 上 了 好
鋰	電池
鋸	齒 齒狀 木 子 床 斷 齒形 切成
鋼	鐵 琴 板 筋 琴家 管 材 架
錄	影帶 取 音帶 音 影 上 取名單 製
錐	形 體 度 心 心刺骨 子 形瓶 心泣血
錘	子 鍊 打 煉
錙	銖必較 銖
錚	錚 鏘
錛	得兒木
錠	劑 子
錢	復 包 幣 財 櫃 莊 坑 櫃雜誌
錦	標賽 囊 繡 州 標 旗 衣 上添花
錨	噴支護 固
錫	蘭 金 林 器 礦 箔 紙 杖
錮	疾
錯	誤 過 了 失 亂 字 覺 綜複雜
錳	鐵 酸鉀 鋼
錶	面 帶 殼 店 廠 鏈
鍊	條 結 子 金術 鋼 丹 鎖 乳
鍋	爐 子 蓋 貼 底 垢 台 巴
鍍	金 鋅 銀 錫 銅 上 成 在
鍘	刀
鍛	造 鍊 壓 件 煉 鍊出 模 燒
鍥	而不捨
鍬	形蟲
鍵	盤 入 盤樂器 槽 控 位 豎琴
鍺	晶體
鍼	黹
鍾	情 愛 馗 繇 山 錶 離 靈毓秀
鎂	合金 光燈 光 砂 磚
鎌	倉幕府
鎔	爐 化 劑 岩 度 接 融 解
鎖	定 匙 住 定在 上 鏈 緊 骨
鎗	法 斃 口 戰 把 架 彈 托
鎘	米
鎚	子 頭 兒
鎢	絲 礦局
鎦	金
鎧	甲
鎩	羽而歸 羽
鎬	京
鎮	民 公所 長 靜 定 海 上 壓
鎳	合金 鋼 幣 鉻絲
鏈	球菌 條 反應 黴素 球 輪 鎖 式
鏑	矢 箭
鏖	戰 兵 戰到底
鏗	鏘 鏗 然 鏘聲
鏘	鏘
鏜	床 孔
鏝	刀
鏟	子 除 土機 平 土 出 煤
鏡	頭 片 子 面 中 架 框 像
鏢	局 客
鏤	空 刻 簋 冰 版 骨銘心
鏨	刀 子
鏽	蝕 病 菌
鐃	鈸
鐋	鑼
鐐	銬
鐘	錶 聲 點 頭 點費 擺 乳石 樓
鐙	環
鐫	刻 印 琢
鐮	刀 刀狀 狀
鐲	子
鐳	射 射光
鐵	路 道 工廠 人 路局 面 的 板
鐺	鐺
鑄	造 鐵 字 件 工 鋼 成 幣
鑑	定 於 別 賞 識 定考試 賞能力 定人
鑒	於 定 賞 察 核 別 真 往知來
鑞	鎗頭
鑠	金 石流金
鑣	局 客
鑰	匙 匙圈 匙孔
鑲	牙 嵌 花 著 邊 金 在 上
鑷	子
鑼	鼓 鼓喧天 鼓振天
鑽	石 研 孔 探 床 進 牛角尖 頭
鑾	駕 輿
鑿	井 出 洞 子 穿 岩機 孔 山
钁	頭
長	期 長 榮 度 大 安 春 庚醫院
門	診 市 口 券 票 禁 檻 外
閂	上 上來 上去 門
閃	爍 電 亮 光燈 光 閃 動 過
閉	幕 會 上 鎖 幕典禮 關 塞 嘴
開	始 發 放 啟 機 關 拓 辦
閎	中肆外 衍 言 達
閏	年 月 秒 位 日 音
閑	事 話 人 暇 靜 居 談 雜
閒	閒 雲野鶴 情 逛 置 聊 話 情逸致
間	接 隔 諜 距 或 斷 隙 作
閔	傷 凶 妃 恤 采爾
閘	門 閥 板 口 刀開關 北 瓦 道
閣	下 揆 樓 員 老 子 外 議
閥	門
閨	房 女 秀 怨 閣 門 範 艷
閩	南語 南 粵 南人 江 南話 台 籍
閭	里 閻
閰	王
閱	讀 覽 歷 覽室 卷 報 讀機 兵
閹	割 人 雞 過 割情結 豬 奴 寺
閻	王 羅王 王爺 錫山 浮提 宦
閽	人
闇	倫 冥 劣 弱
闈	場
闊	葉林 葉樹 別 氣 少爺 步 達 綽
闌	尾炎 尾 珊 干 入 檻
闐	池
闔	眼 家 上 府 家歡 第光臨 戶 扇
闕	如 漏 失 疑 詞 文 下 筆
闖	入 關 進 出 紅燈 王 禍 過
關	於 係 鍵 心 懷 閉 稅 節
闡	述 明 釋 揚 發
闢	建 為 謠 地 土 劃 邪 作
阜	康 財
阡	陌 表
阢	隉不安
阨	困 塞 災 窮
阪	田
阬	儒
阮	籍 文紹 囊羞澀 玲玉 大鋮 江
防	治 止 制 火 護 毒 水 範
阻	止 塞 礙 力 擋 斷 抗 撓
阿	多諾 里山 波羅 根廷 里 嬤 彌陀佛 美族
陀	螺 螺儀
陂	塘 池 陀
附	近 設 件 加 錄 屬 表 註
陋	習 室 俗 規 巷 見
陌	生 生人 路 生客 上隴間
降	低 至 價 落 為 到 雨 臨
限	制 於 時 期 定 量 額 度
陛	下 衛 見 賀 辭
陝	西 西省 北 北高原 西梆子 縣
陞	官
陟	降 罰
陡	峭 坡 然 峻 直 壁 然升高
院	長 校 士 會 本 系 子 轄市
陣	營 容 列 子 線 亡 勢 式
除	了 非 此之外 外 去 權 以 錯
陪	同 伴 著 審團 伴著 了 葬 襯
陰	影 到 道 陽 莖 謀 性 霾
陳	列 明 情 述 列館 立 列室 勝
陵	墓 寢 園 轢 夷 雲 霄
陶	瓷 藝 器 冶 土 醉 瓷工業 淵明
陷	入 阱 於 害 落 溺 井 害忠良
陸	續 上 軍 地 光 戰隊 海 陸續續
陽	明 光 明山 台 性 宅 離子 明醫院
隄	堰 岸 邊 防
隆	重 昌 盛 興 起 乳 隆 田
隊	伍 員 長 友 名 形 上 部
隋	煬帝 朝 代 書 代人 朝人
階	段 梯 層 級 段性 地 級鬥爭 下
隔	離 壁 天 熱 間 日 週 絕
隕	石 落 星 首 歿 命
隘	口 巷 路 害 嶺 窘 窮 阻
隙	縫 罅 駒
際	遇 涯 會
障	礙 礙物 礙賽 眼法 礙賽跑 礙競走 翳
隧	道 洞
隨	著 時 便 後 意 即 機 身
險	惡 勝 些 峻 要 象環生 境 阻
隱	形眼鏡 藏 私 形 憂 私權 約 含
隴	西 山 海鐵路 畝 西高原 州
隸	屬 屬於 書 農
隻	眼 身 字片語 字 影 字片紙 手遮天 言片語
雀	巢 斑 躍 屏中選 躍不已 屏 兒山 躍三分
雁	子 群 行 門關 序 翎隊
雄	獅 中 商 工 農 的 性 偉
雅	加達 惠 美族 典 緻 歌 慧 典娜
集	團 中 合 體 錦 會 水 郵
雇	主 用 員 人 工 請 佣 傭
雉	雞 尾 求牡匹 鳩
雋	永 拔 敏 材 良 茂
雌	雄 性 雄同體 花 蕊 雄異株 雄同株 威
雍	正 容 容華貴 正年間 容爾雅 容雅步 睦
雎	鳩
雒	邑
雕	塑 刻 像 刻品 琢 塑家 花 飾
雖	然 有 然在 然是 是 然有 說 能
雙	方 手 向 子座 魚座 重 月刊 邊
雛	型 形 妓 鳥 菊 雞 鳳 兒
雜	誌 誌社 貨 項 訊 貨店 文 音
雞	蛋 湯 尾酒 肉 婆 精 腿 隻
離	開 子 島 婚 職 去 家出走 心
難	道 以 得 過 怪 有 免 忘
雨	水 量 中 天 傘 季 林 衣
雪	梨 山 花 茄 白 地 莉 上加霜
雲	林縣 林 南 海 集 彩 霧 端
零	件 組件 售 售業 點 星 售價 下
雷	射 達 諾 公 電 雨 同 霆
雹	子 霰
電	腦 子 話 影 信 玩 視 機
需	要 求 求量 用 時 要量 求面 氧量
霄	漢 壤 壤之別
震	動 旦 撼 盪 驚 波 天 憾
霈	然
霉	菌 味 氣 運 氣衝天 爛 運當頭 雨
霍	亂 爾 布斯 然 地 亂菌 桑 霍
霎	時 時間 那 那間 時之間 那之間
霏	霏 霏細雨
霑	恩 衣 惠 惹 染 潤 濡 衿
霓	虹 虹燈 紅燈 紅柱
霖	雨
霜	淇淋 雪 降 凍 天 葉 降牛肉 化
霞	雲 光 天 輝 彩 照 冠 帔
霧	峰 社 台 氣 面 裡 裡看花 滴
霪	雨
霰	彈
露	營 出 骨 天 面 臉 點 水
霸	主 王 權 道 佔 氣 凌 業
霹	靂 靂車 靂遊俠 靂彈 雷 靂砲
霽	月
霾	晦
霿	淞
靄	靄
靈	魂 活 感 芝 知 異 性 敏
靉	靆
青	年 少年 春 山 輔會 蛙 雲 睞
靖	亂 康 難 邊
靛	藍 藍色 紫 青 紫色
靜	宜 脈 態 坐 室 電 靜 夜
非	常 經 洲 但 法 凡 常重要 裔
靠	近 著 自己 行 在 山 左 岸
靡	靡之音 爛 爛不堪 爛性 麗
面	對 積 臨 前 板 貌 向 相
靦	腆 汗 然 臉 顏
革	命 新 命性 職 除 命先烈 命軍 命家
靴	子 尖 底 釘
靶	場 子 心 台 台上 機
鞋	子 業 類 底 店 面 廠 帶
鞍	部 馬 山 子 轡 革 尾 架
鞏	固 膜 固國防 縣 金甌 固基地
鞘	翅
鞠	躬 躬盡瘁 躬禮 育 躬盡悴 養
鞣	酸 劑 製 質
鞦	韆
鞭	炮 策 子 打 屍 毛蟲 蟲 毛
韁	繩
韃	靼 子 虜 靼人 韃
韋	伯 瓦第 氏音標 眉子 蓆
韌	帶 體 性 度 皮纖維 皮部 皮 挺
韓	國 文 劇 德爾 非子 國人 語 愈
韗	人
韜	略 光養晦 光 晦
韝	上鷹
韭	菜 黃 菜花 菜苗
音	樂 響 效 樂會 樂系 樂劇 樂廳 樂家
韶	關 山 光 華 顏 華如駛 光荏苒 秀
韻	律 事 味 文 律操 母 致 書
韽	韽
響	起 應 亮 了 聲 鈴 尾蛇 徹
頁	數 次 頁 碼 岩 面 巖
頂	端 尖 多 好 樓 著 部 上
頃	刻 刻間 刻之間 之 接來信 者
項	目 鍊 上人頭 圈 目表 羽 鏈 背
順	利 序 便 暢 著 天 應 位
須	知 要 得 臾 發 陀洹
頌	讚 揚 歌 德 詞 聲 詩 辭
頎	然
預	約 算 防 計 定 測 期 估
頑	皮 固 童 強 劣 石 皮鬼 抗
頒	發 獎 獎典禮 布 贈 給 授 發獎狀
頓	時 入 悟 了 然 音 挫 成
頗	為 有 具 多 佳 感 具規模 重
領	域 導 袖 取 先 導人 隊 導者
頡	頏
頤	和園 養 指氣使 養天年 神
頦	頷
頭	髮 份鎮 部 痛 獎 上 腦 條新聞
頰	骨 上添毫 嗛 白鳥 面 鬚
頷	首 下 下之珠 下腺 頤 頭 首微笑 聯
頸	部 椎 動脈 子 項 靜脈 椎骨 飾
頹	廢 勢 然 喪 唐 靡 圮 敗
頻	道 率 寬 繁 頻 傳 譜 率響應
顆	粒 粒狀 粒飼料
題	目 庫 材 名 號 外 庫系統 下
額	度 外 滿 定 頭 滿為止 數 角
顎	骨 足 下腺
顏	色 料 面 真卿 回 氏家訓 淵 面骨
願	意 望 景 不願 者上鉤 聞其詳 天下有 不願意
顛	覆 倒 峰 簸 倒是非 沛流離 狂 顛
類	別 似 型 比 神經 戲劇 書 推
顢	頇 頇無能
顧	問 客 問公司 及 慮 名思義 忌 問團
顫	慄 抖 動 音 聲 巍巍 巍 悠
顯	示 示器 然 著 現 示出 微鏡 微
顰	眉 蹙
顱	骨 頂骨
顳	骨
顴	骨
風	暴 險 格 雲 景 情 景區 光
颯	颯 然 沓
颱	風 風天 風眼 風季 風雨 風草
颳	起 風 著 了 得 走 倒 去
颶	風
颼	颼
飄	浮 逸 飄 揚 泊 雪 落 著
飆	車 高 漲 舞 車族
飛	機 行 彈 碟 利浦 航 翔 行員
食	品 物 譜 用 品衛生 品工業 道 品業
飢	餓 渴 荒 腸轆轆 餓感 饉 寒 不擇食
飭	令 遵 回 辦
飯	店 後 前 碗 糰 盒 菜 桌
飲	食 料 用水 水 用 酒 茶 水機
飴	漿 糖
飼	料 養 主 餵 料作物 養場 料雞 養標準
飽	飽 腹 食 和 受 滿 暖 和度
飾	演 物 有 品 終 詞 辭 過
餃	子 子皮 子餡
餅	乾 乾盒 屑 乾店 子 餡
餉	銀 客 餽
養	殖 豬 成 生 老 護 豬戶 了
餌	敵
餐	廳 飲 飲業 具 點 會 館 桌
餑	餑
餓	死 狼 鬼 肚子 死了 餓 壞 著肚子
餘	額 年 生 地 力 款 數 暉
餛	飩 飩麵 餛
餞	別 行
餡	餅 兒
館	藏 員 長 內 前 舍 主 外
餬	口
餵	你 它 我 食 養 奶 乳 魚
餽	贈
餿	水 主意 水油 味 臭
饃	頭 饃
饅	頭
饋	贈 遺
饌	具
饑	餓 荒 渴 饉 寒 民 寒交迫 不擇食
饒	河 恕 富 舌 平 有 命 舌歌
饔	飧 人
饕	餮
饗	宴
饘	粥
饜	足 食
饞	嘴 嘴巴 涎欲滴
首	頁 夜 先 次 度 長 都 創
香	港 水 蕉 蕉汁 味 菇 料 山
馝	馞
馥	郁
馨	香
馬	英九 上 勒 來西亞 桶 達 公市 克
馭	夫 夫有術 者
馮	夢龍 婦 國璋 特 玉祥 雪峰 諾以曼 遼
馱	負 馬 背
馳	騁 名 名中外 馬 往 名天下 念 驅
馴	服 化 養 獸師 鹿 良 和 獅
駁	回 斥 船 倒 雜 正 運 回來
駐	外 華 點 軍 足 守 警 華大使
駑	鈍 下 馬 劣 材 馬十駕 駘
駒	鳥 齒
駕	駛 照 駛人 車 駛員 馭 駛執照 駛艙
駘	蕩
駙	馬 馬爺
駛	向 去 出 往 抵 近 回
駝	鳥 背 子 馬 峰 著背 絨 負
駟	馬難追
駢	文 枝 儷 體 列 四驪六 拇枝指 比
駭	客 人 然 人聽聞 浪 異 怕 愕
駱	駝 尚廉 馬 駝隊 駝峰 駝毛 駝絨 驛
駿	馬 逸 發 骨 奔 邁
騁	馳 懷 望 志 步 目
騍	馬
騎	士 術 乘 馬 兵 著 車 樓
騏	驎 驥
騙	人 局 子 了 來 錢 取 術
騫	旗
騰	空 出 騰 雲 達 雲駕霧 越 空而起
騷	擾 動 包 亂 客 人 人墨客
騺	鷹
騾	子 車 馬 夫 馬車 馱子
驀	然 然回首
驂	乘
驃	悍 騎
驅	動 車 除 逐 動器 使 逐艦 蟲
驍	勇善戰 勇 將 雄 騎
驕	傲 子 陽 縱 傲感 慢 矜 傲自大
驗	證 收 証 光 證法 貨 血 屍
驚	豔 人 訝 喜 奇 慌 魂 險
驛	站 馬 馬車 館 道 車 丞 使
驟	然 雨 變 起 至
驢	子 打滾 兒 皮影 頭 叫聲
驪	歌 珠 姬 歌四起 駒
骨	架 科 質 骼 髓 折 頭 幹
骯	髒 骯髒髒 髒鬼
骰	子
骷	髏 髏頭
骸	骨
骻	骨
骼	炭
髀	肉復生 骨
髑	髏
髒	話 亂 東西 兮兮 字 水 錢
體	育 系 重 制 驗 內 會 質
髖	骨
高	雄 雄市 雄縣 中 級 手 度 級中學
髦	牛
髫	年
髭	鬚 毛
髮	型 飾 廊 絲 菜 夾 膠 際
髯	兒 口
髽	髻
鬃	毛
鬅	鬆
鬆	弛 綁 動 散 軟 懈 開 餅
鬈	曲 髮 毛
鬍	子 鬚 渣 梢 子渣 髭 鬚渣
鬚	鬚 根 眉 髮 生 毛 髮皆白
鬢	髮 角 毛 邊 霜 腳 髮皆白
鬣	狗 鬃
鬥	爭 士 魚 志 牛 智 技 嘴
鬧	鐘 區 劇 場 笑話 事 出 中取靜
鬨	堂 笑
鬩	牆
鬱	金香 悶 積 鬱 鬱寡歡 結 抑 憤
鬻	文為生
鬼	故事 王 神 魂 月 話連篇 魅 屋
魁	北克 星 梧 首 偉
魂	魄 歸 飛魄散 車 不守舍 靈 不附體 銷魄散
魄	力
魅	力 影 惑 力十足
魍	魎 魅 魍兒
魏	國 晉 王 軍 徵 源 碑 文侯
魑	魅 魅魍魎
魔	法 鬼 幻 幻小說 幻文學 術 女 法師
魘	寐 魅
魚	類 池 兒 市場 種 丸 缸 苗
魟	魚
魯	凱族 迅 智深 國 肅 莽 班 賓遜
魷	魚 魚絲 魚羹 魚片
鮑	魚 威爾 照 叔牙 敬言 魚之肆
鮕	鮘 鮘坑溪
鮪	魚 釣 魚肚
鮫	鰈
鮭	魚
鮮	花 明 血 少 奶油 艷 奶 豔
鯁	直 噎 慰 涕 言 論
鯉	魚 魚潭 躍龍門 魚池 素
鯊	魚 魚肉
鯖	魚
鯛	魚 類
鯡	魚
鯤	鵬
鯧	魚
鯨	魚 吞 油 鬚
鯪	魚 鯉
鯰	魚
鯷	魚
鯽	魚
鰈	鶼
鰥	寡 寡孤獨 夫 居
鰱	魚
鰲	頭 山 拜 裡奪尊 頭獨占 魚
鰷	魚
鰹	魚 鳥
鰻	魚 鱺
鰾	膠
鱈	魚
鱉	甲 魚
鱒	魚
鱔	魚
鱖	魚 豚
鱗	片 毛 片狀 甲 莖 次 次櫛比 介
鱘	魚
鱷	魚 魚皮
鱸	魚
鳥	類 園 松 人 兒 瞰圖 瞰 店
鳧	水
鳩	佔鵲巢 占鵲巢 合 摩羅什 集 形鵠面 聚
鳳	山市 凰 山 梨 蝶 儀 凰木 仙花
鳴	叫 槍 笛 鳳 不平 琴 金 響
鳶	尾科
鴃	舌
鴆	媒 酒
鴇	母 妓
鴉	片 片戰爭 雀無聲 片煙 蛋 片貿易 青 嘴鋤
鴕	鳥
鴛	鴦 鴦蝴蝶 鴦戲水 鴦鍋 侶 盟
鴟	鴞 尾 鵂
鴣	鴣
鴨	子 蛋 霸 肉 嘴 綠江 舌 舌帽
鴻	運 基 文 源 儒 志 溝 圖
鴿	子 子籠 籠 派 房 翼 賽
鵓	鴿
鵔	鸃 鸃冠
鵚	鶖
鵜	鶘 形目 鴃
鵝	肉 鑾鼻 黃 掌 蛋 黃色 口瘡 毛
鵠	的 志 立
鵪	鶉 鶉蛋
鵬	程 程萬里 舉 鳥
鵰	悍
鵲	橋 巢 起 報 巢鳩占
鶉	衣 居
鶤	雞
鶯	歌鎮 歌 鶯 燕 鶯燕燕 聲燕語 語 谷
鶴	立 立雞群 頂紅 髮 髮童顏 唳 唳華亭 羽
鶺	鴒
鶻	入鴉群 崙吞棗 淪 突 鴒 鴒眼
鶼	鰈情深 鰈
鷁	首
鷂	子 子翻身
鷇	音
鷓	鴣 鴣菜
鷗	鳥 波 邊 鳥忘機 鴉 鷺忘機
鷙	鳥 鷹
鷸	類 蚌相爭
鷹	架 揚 派 爪 眼 勾鼻 式飛彈 揚萬里
鷺	鷥 序
鸕	鶿
鸚	鵡 鵡螺
鸛	雀 鳥
鸞	鳳 鳳和鳴 翔鳳集 輿
鹵	素 化 化物 莽 味 族 汁 水
鹹	水 蛋 魚 鹹 味 菜 水魚 魚翻身
鹼	性 度 液 化 水 金屬 類 性反應
鹽	類 水鎮 水 酸 埕區 埔 埕 寮
鹿	港鎮 港 谷鄉 谷 野 特丹 角 皮
麋	鹿 沸 羚
麌	麌
麒	麟 麟座 麟送子
麗	山 水 都 人 質 質天生 服 藻
麝	香 貓 牛 香鹿
麟	兒 洛 經 角
麥	克風 克 可 當勞 田 芽 子 片
麩	皮 胺酸 曲 素
麴	菌
麵	包 粉 條 店 食 包店 線 糊
麻	煩 醉 將 豆 痺 雀 疹 木
麾	下 軍
黃	金 色 昏 河 瓜 金海岸 疸 山
黌	宮 舍
黍	米 子
黎	明 明工專 巴嫩 民 國 元洪 黑 族
黏	膜 土 貼 著劑 性 著 液 度
黐	膠
黑	色 白 暗 黑 面 道 人 夜
黔	驢技窮 江 首 首百姓 驢之技
默	默 契 想 然 許 認 哀 念
黛	安娜 玉 眉 綠 綠年華 蛾 鬟
黜	免 斥 責 退 陟
黝	黑 性
點	心 滴 子 頭 數 半 點滴滴 燃
黠	慧 獪
黥	面
黨	部 內 團 籍 主席 員 政 營
黮	闇
黯	然 淡 淡無光 然神傷 然失色 然消魂 淡下來 然無光
黴	菌 毒
黷	武
黽	勉
鼇	頭
鼉	鼓
鼎	盛 力 立 力相助 鼎大名 沸 鼎 足而立
鼓	勵 掌 舞 吹 起勇氣 手 動 聲
鼕	鼕
鼙	鼓
鼠	疫 尾草 年 蹊部 蹊 藥 輩 籠式
鼬	鼠 獾
鼯	鼠
鼴	鼠
鼻	子 炎 咽癌 竇炎 頭 腔 塞 血
鼾	聲 睡 聲如雷 息 息聲 音
齊	全 聚 備 聚一堂 聲 國 心 一
齋	戒 主 堂 醮 僧 戒沐浴 日 食
齍	盛
齎	送
齏	粉
齒	輪 科 齦 鯨 輪箱 條 狀 質
齗	齗
齜	牙咧嘴 牙
齞	脣
齟	齬 齒
齠	年
齡	期 級
齧	齒類 合 斷
齰	舌
齲	齒
齷	齪
龍	潭 頭 女 井 門 華 捲風 山
龐	大 克 德 雜 畢度 然 然大物 克族
龔	自珍 律全
龜	山鄉 山 裂 頭 山島 殼花 殼 甲
