ㄅㄚ	八捌巴吧疤芭笆粑叭扒豝仈朳葩岊峇舥蚆玌岜哵羓釟㺩䰾䶕哱捭柭鈀
ㄅㄚˇ	把靶鈀
ㄅㄚˊ	拔跋鈸魃茇鼥軷犮菝胈詙帗柭祓袚抜秡墢坺炦颰鮁八抪湃癹茷萆
ㄅㄚˋ	罷爸霸壩耙弝灞伯猈把跁矲垻罢覇皅䎱杷靶
ㄅㄚ˙	吧罷琶杷罢欛爸叭
ㄅㄛ	玻撥剝菠缽嶓砵播般碆袚襏鱍啵柭蹳岥波餑癶肑剥盋紴鉢鮁㿺驋僠哱帗拔潑潘番發皪磻脖蕃趵
ㄅㄛˇ	跛簸蚾播
ㄅㄛˊ	伯博柏泊勃搏渤駁白薄脖帛舶箔荸蔔膊鈸餑鉑欂鵓踣浡襮踄鎛駮僰餺髆桲謈馞胉挬猼葧鋍懪簙礡鑮郣鸔糪百孛佰洎悖缽菠菔貊雹爆簿犮瓝菝軷摶濼襏叐犻妭敀洦苩栢盋湐貃愽鉢煿艊髉侼㫲㶿㼎愂牔䭯䗚鮊㩧馛亳佛募哱嚗壆彴怕拍暴服柭榑殕溥瀑犦瓟穛艴茀茷菩蒲薜袹詙豰跑魄
ㄅㄛˋ	播擘簸亳薜譒薄檗蘗挀北畚鄱孹檘襎奙蔢捭擗柏糪
ㄅㄛ˙	伯菔蔔啵膊餑卜
ㄅㄞ	掰搿挀擘
ㄅㄞˇ	百擺佰襬粨捭絔伯把柏陌栢摆罷
ㄅㄞˊ	白拜
ㄅㄞˋ	敗拜唄粺稗庍湃拝贁啡扒排派猈薜鞁
ㄅㄟ	背杯悲卑碑俾揹偝盃裨萆桮椑伓綼鵯藣埤坏婢庳捭錍阫錃䎱柸棓波箄襬諀陂鞞
ㄅㄟˇ	北邶悖
ㄅㄟˋ	被備背貝輩倍臂狽憊悖孛焙蓓褙邶琲誖鋇哱糒梖珼鄁牬郥犕奰北婢僻避昢唄偝碚鞁鼰俻㛝偹旇僃㻗蛽㫲軰愂怫拔棑棓茀菩萯葡蜚跋骳
ㄅㄟ˙	唄臂
ㄅㄠ	包胞苞褒枹笣蕔孢炮剝皰煲褻鞄褎齙剥靤裦闁襃礮礟苴葆裒鮑
ㄅㄠˇ	保寶飽堡褓葆鴇怉駂鳵媬褒煲宝珤堢寚緥裦賲闁襃寳䴐宲呆飹
ㄅㄠˊ	雹薄窇瓝箔瓟砲鉋
ㄅㄠˋ	報抱暴爆豹鮑刨趵鉋虣鑤儤菢煲袌嚗犦忁匏雹瀑謈勽报煿骲曓嘐怉曝袍髱
ㄅㄢ	班般搬斑頒扳瘢虨斒攽褩朌肦㻞辬螌卑彬搫籓豳賁鳻
ㄅㄢˇ	板版闆阪舨昄鈑粄蝂魬坂瓪般覂
ㄅㄢˋ	半辦伴扮拌絆姅瓣爿怑湴鉡靽畔办㫠秚並坢柈跘辨辯
ㄅㄢ˙	螁
ㄅㄣ	奔賁錛泍渀卉犇倴𩣺本栟蟦鐼
ㄅㄣˇ	本畚苯泍夲楍奙翉
ㄅㄣˋ	笨体坌奔泍捹桳犇逩撪𦯀獖坋夯渀炃軬
ㄅㄤ	幫邦傍梆鞤縍垹沯帮邫幇幚峀彭
ㄅㄤˇ	榜綁牓膀螃搒㧍挷騯髈紡
ㄅㄤˋ	棒磅謗蚌傍鎊旁甏塝艕徬膀玤棓蒡蚄嫎髈稖蜯並嗙埲搒榜硥縍蛖
ㄅㄥ	崩繃伻弸祊閍塴絣痭嵭綳奟傍傰嗙平抨搒旁榜
ㄅㄥˇ	菶玤琫埲誁繃琣浲漨綳鞛䭰俸唪
ㄅㄥˊ	甭甮
ㄅㄥˋ	蹦搒洴迸跰泵蚌榜磅繃堋埲塴㧍沯埄挷逬綳蜯甏錋
ㄅㄧ	逼屄偪稫豍皀毴悂螕媲幅楅笓箄紕鈚錍鎞鵖
ㄅㄧˇ	比筆彼鄙匕沘秕屄蚍妣疕潷柀朼貏仳毗媲壁貔夶佊㚰笔粃舭啚袐豼魮滗俾卑崥捭枇箄紕罷肥芘鈚
ㄅㄧˊ	鼻荸鼽
ㄅㄧˋ	必敝畢壁避璧閉鄙臂幣弊婢斃碧泌祕俾蔽庇嗶愎辟弼裨陛埤箄篦畀比嬖睥賁贔襞毖蓽蹕髀怭庳愊楅湢狴獘篳苾薜觱詖躄邲閟柲梐珌痺飶馝駜鎞鷩皕堛鉍痹腷骳坒滭熚疪妼鏎鷝柫佖蜌彃箅蓖鄪罼鮅襒鵖襣驆鼊芘粊稗嫳獙廦鄨縪佛拂秘費跛逼擘謐咇毘胇萆稫綼髲踾貔繴仏夶吡怶畁啚豼閇弻貱煏睤箆聛壀孹嚊躃鞸魓㧙枈䏟虑㻫䠋饆韠鰏鐴鐾𢕾朇仳卑奰服枇椑檗殍波潷濞瞥笓紕翍肸脾茀蘗被閈陂陴鞁鞞馥鶝
ㄅㄧㄝ	憋鱉虌癟鷩鼈㿜龞撇柭蔽蟞
ㄅㄧㄝˇ	癟蛂㿜
ㄅㄧㄝˊ	別蹩咇徶襒蟞彆蛂别吡㧙莂扒拔捌柲癟癿秘苾
ㄅㄧㄝˋ	彆縪蹩
ㄅㄧㄠ	標彪鑣鏢飆膘熛麃嘌杓滮瀌猋瘭穮颮驫摽儦臕颩髟謤墂贆蔈爂藨僄虨颷飈飊飇䮽飍脿幖徱磦𢖐剽嫖淲漂篻苞鏖驃
ㄅㄧㄠˇ	表錶婊裱俵褾檦諘剽
ㄅㄧㄠˋ	鰾摽俵標蔈
ㄅㄧㄢ	邊編鞭蝙砭籩箯稨猵甂柉楄煸揙边牑獱鍽邉鯾鯿便扁稹萹
ㄅㄧㄢˇ	扁貶匾褊窆萹惼碥砭蝙揙稨鴘糄藊封疺編緶豍辨辯釆鶣
ㄅㄧㄢˋ	便變遍辨辯汴辮忭弁釆抃緶艑卞揙汳鴘閞犿玣苄変徧辡辧昪覍拚編邲頨
ㄅㄧㄢ˙	邊
ㄅㄧㄣ	賓濱彬檳儐斌繽豳瀕邠璸蠙鑌豩汃椕霦驞份稟嬪殯鬢攽玢砏郴虨娦浜梹滨㻞禀殡賔髩濵鬂穦顮馪𠚼贇頻
ㄅㄧㄣˇ	稟禀癛
ㄅㄧㄣˋ	殯鬢儐擯臏髕鶣賓殡賔髩鬂
ㄅㄧㄥ	兵冰掤栟并屏檳仌氷幷屛梹幈絣
ㄅㄧㄥˇ	餅丙稟柄秉炳昺邴怲鞞鉼蛃陃苪窉屏庰迸芮抦昞眪屛幈棅逬禀餠餜鈵偋寎摒枋綆跰
ㄅㄧㄥˋ	並病併并摒寎鵧偋柄幵庰窉㓈幷抦倂栤竝棅逬鈵靐开傡鮩𢔧丙屏平拼燹痭誁
ㄅㄨ	逋晡餔峬鵏不鯆庯陠哺誧鈽
ㄅㄨˇ	補捕埔哺卜鳪獛訃轐堡拊撲鵏鸔
ㄅㄨˊ	不醭僕輹轐鳪
ㄅㄨˋ	不部布步怖佈簿埠鈽蔀篰捗咘阜哺捕抪陟餔歨歩㳍柨徏陠荹餢廍悑郶吥埔婄尃溥瓿薄踄附
ㄅㄨ˙	不
ㄆㄚ	趴葩啪蚆舥夿妑皅𥐙叭吧帊汃派芭
ㄆㄚˊ	爬扒琶耙杷跁筢欛潖把掱鈀
ㄆㄚˋ	怕帕帊袙汃袹帞絈
ㄆㄚ˙	杷琶欛
ㄆㄛ	波潑坡陂鏺癹翍頗沷汖昁鉕岥朴泊濼跛醱釙
ㄆㄛˇ	頗剖叵笸尀鉕駊箥
ㄆㄛˊ	婆鄱皤櫇番幡繁碆畨嘙蔢巿搫謈
ㄆㄛˋ	破迫魄珀泊朴粕醱岶烞蒪扑拍釙胉哱濼廹狛洦砶奤湐屰尃昢溥猼皛膊霸頗馞髆
ㄆㄛ˙	桲
ㄆㄞ	拍啪𢫦
ㄆㄞˇ	俖排㧳迫
ㄆㄞˊ	排牌徘俳簰棑箄輫猅啡椑犤脾
ㄆㄞˋ	派湃鎃蒎
ㄆㄟ	胚呸坏醅柸岯垺衃丕披坯怌妚抷肧啡
ㄆㄟˇ	琣昢俖
ㄆㄟˊ	培賠陪裴邳碚毰陫荖坏斐焙蓓坯岯踣醅阫裵倍婄掊棓駍
ㄆㄟˋ	配佩沛珮霈帔旆浿轡姵翇伂妃肺朏淠琲昁斾苝㻗馷嶏笩啡昢柭棑艴茇茷蜚
ㄆㄠ	拋脬泡抛抱摽穮脟藨鮑
ㄆㄠˇ	跑
ㄆㄠˊ	袍咆刨匏庖麃炰齙鞄炮瓟跑鉋袌颮狍爮軳麅礮礟包泡胞苞謈趵
ㄆㄠˋ	泡砲炮皰奅麭髱疱靤礮礟嚗犥窌胞袌
ㄆㄡ	剖吥娝捊
ㄆㄡˇ	剖瓿棓婄叵培掊咅勏犃箁哣堷抱部
ㄆㄡˊ	掊裒抔捊抙箁錇垺涪
ㄆㄡˋ	踣
ㄆㄢ	潘攀眅扳拚番㐴畨姍拌籓賁
ㄆㄢˇ	坢盻闆
ㄆㄢˊ	盤磐蟠般胖槃蹣磻踫鞶幋縏柈瀊蒰媻搫跘弁樊顢鎜卞審洀湴潘瀋爿番皤繁膰褩鄱
ㄆㄢˋ	判叛盼畔拚袢泮襻詊頄溿沜牉頖拌盻冸炍鑻鋬伴半坢柈潘片番胖
ㄆㄣ	噴歕賁濆喯
ㄆㄣˇ	呠翸翉
ㄆㄣˊ	盆湓葐瓫㖹汾衯
ㄆㄣˋ	噴歕喯吩湓
ㄆㄤ	乓磅滂膀汸胮膖髈霶牓鎊雱
ㄆㄤˇ	嗙耪覫膀
ㄆㄤˊ	旁龐膀螃徬蒡厖尨雱逄庬篣舽彷傍嫎龎髈仿夆彭房方榜磅逢
ㄆㄤˋ	胖㕩炐肨
ㄆㄥ	砰烹抨怦漰澎匉閛恲軯駍磞亨硼泙淜㛁胓㧸硑嘭梈堋弸彭旁洴滂絣苹荓
ㄆㄥˇ	捧皏淎倗剻摓
ㄆㄥˊ	朋彭澎蓬膨硼棚鵬篷蟛芃淜鬅痭錋倗輣傰韸髼憉樥鑝逢堋磞竼浲塜稝塳漨槰蟚韼騯纄蘕鬔㦀䮾傍庄弸搒榜篣
ㄆㄥˋ	碰堋掽椪踫甏砰膨蓬閛
ㄆㄧ	批披匹劈霹砒被丕坯坏伾狉紕秠鈹鴄怌翍釽憵銔駓髬胚帔邳鎞妚阫抷炋狓肧秛耚㓻豾鈈鉟磇悂䤵鮍伓培枇痦礔苤辟鈚錍闢魾
ㄆㄧˇ	否匹疋痞嚭苤仳庀圮崥諀毗劈癖苉脴嶏噽䫌庇擗比銢鴄
ㄆㄧˊ	皮疲脾琵枇裨啤毗埤沘貔陂羆罷紕郫陴鼙鈹膍毘阰蚽蜱玭笓鈚錍魾螷犤毞猈蠯比芘蚍崥椑痹髀夶肶罢渒豼焷鈈鉟壀篺㓟魮隦朇仳卑奊媲岯庇庳批番篦蕃蚌蚾鄱鞞頗鵧
ㄆㄧˋ	譬闢僻媲屁辟癖甓擗澼濞淠揊潎鷿髲礔副埤堛廦壀礕疈鸊俾扑拂睥稫罷脾萆薜被釽鈲
ㄆㄧㄝ	瞥撇氕潎蟞撆𢳂蔽覕
ㄆㄧㄝˇ	撇苤丿撆鐅
ㄆㄧㄝˋ	嫳
ㄆㄧㄠ	飄漂慓螵薸僄旚翲魒票嫖縹嘌彯暼麅闝飃剽摽犥瞟謤驫
ㄆㄧㄠˇ	漂莩縹瞟殍皫摽醥犥剽篻顠勡膘蔈麃
ㄆㄧㄠˊ	瓢嫖淲薸闝朴剽
ㄆㄧㄠˋ	票漂剽驃彯篻蔈縹鰾僄慓勡徱嘌嫖潎瞟髟
ㄆㄧㄢ	篇偏扁翩萹媥貵頨鶣片犏
ㄆㄧㄢˇ	貵諞覑
ㄆㄧㄢˊ	便胼駢諞蹁楩骿褊楄跰緶腁騈賆平扁璸萹蝙辯
ㄆㄧㄢˋ	片騙遍徧騗猵辨
ㄆㄧㄣ	拼姘礗涄拚砏驞
ㄆㄧㄣˇ	品煰嘂
ㄆㄧㄣˊ	貧瀕頻顰嬪嚬矉濱蘋玭娦浜琕滨濵薲蠙姘
ㄆㄧㄣˋ	聘牝騁匕娉泵
ㄆㄧㄥ	乒娉砯頩覮砰甹俜艵硑聠堋涄竮
ㄆㄧㄥˇ	絣頩
ㄆㄧㄥˊ	平瓶憑評屏蘋萍坪枰泙帡洴缾軿俜玶甹苹郱呯竮艵蛢馮荓蓱炾抨秤摒栟銔鵧凭胓㺸㻂屛帲蚲幈甁凴箳輧鮃簈薲慿倗淜鉼
ㄆㄧㄥˋ	聘
ㄆㄨ	撲仆鋪噗扑痡抪瞨駇舖鋍攴炇陠豧擈僕卜朴潽砲鯆鵏
ㄆㄨˇ	普浦埔譜圃溥烳氆鐠潽誧哺樸賻暜諩檏朴甫蹼
ㄆㄨˊ	僕樸葡蒲菩朴蹼脯濮璞匍莆蒱襆酺釙鏷轐纀墣瞨醭圤㺪箁幞檏襥穙菐仆扶捗獛苻蜅鵏
ㄆㄨˋ	暴鋪瀑曝舖堡昢堢曓痡
ㄇㄚ	媽嗎嬤摩螞嬷㕰孖抹麻
ㄇㄚˇ	馬螞碼瑪溤嗎鎷鷌嘜鰢傌榪
ㄇㄚˊ	麻痲嘛麼蟆犘尛麽蔴蟇嗎痳貊靡
ㄇㄚˋ	罵禡傌榪螞鬕閁獁駡睰嗎嘜礣貉驀
ㄇㄚ˙	嘛嗎媽嬤蟆麼尛麽蟇么嚜
ㄇㄛ	摸摹
ㄇㄛˇ	抹秣懡
ㄇㄛˊ	模磨摩膜糢魔摹謨蘑劘嫫藦髍無摸麼嬤饃无尛麽橅嬷謩戂䃺饝嚩擵譕么撫攠
ㄇㄛˋ	末莫默漠沒膜寞陌歿脈沫秣茉驀墨貊磨嘿瘼靺歾鄚纆霢嚜眽瞙藦暯枺爅妺万銆鏌貘粖蛨袹嗼塻慔蟔鬕莈覛縸嘜佰抹沬冒苜麥貉幕蟆砓塺圽麦没冐帓殁昩狢脉眿袜衇貃貈獏嫼瞐魩頮蟇䃺𤣻皌㱄黙霡䘃耱伯勿帕昧瀎百絔艒藐貌鞨
ㄇㄜ˙	麼嚜尛麽么末
ㄇㄞˇ	買嘪鷶蕒咪
ㄇㄞˊ	埋霾薶㜥哩貍
ㄇㄞˋ	賣麥邁脈勱蝐眽佅売麦脉眿衇𪄳派霢
ㄇㄟˇ	美每鎂浼媺渼媄挴燘毎凂羙嵄嬍黣䆀楣
ㄇㄟˊ	沒煤眉枚梅媒莓霉玫黴酶楣湄嵋苺禖郿堳瑂脢鋂呅腜塺徾攗糜没脄珻湈猸睂楳葿槑䉠鶥𪑛坶某溦穈膴蘪
ㄇㄟˋ	妹媚寐昧眛魅瑁沬袂痗韎煝蝞謎蝐抺祙跊詸鬽睸篃味嚜墨媒眊黴
ㄇㄟ˙	妹
ㄇㄠ	貓摸猫
ㄇㄠˇ	卯昴泖茆鉚窌戼峁冇蓩
ㄇㄠˊ	毛茅矛髦錨旄蟊芼蝥髳媌堥罞酕嫹鶜枆軞渵耄犛麾乇毠毼雺氂牦嵍緢𨥨侔兞務耗茆蛑貓鉾
ㄇㄠˋ	帽冒貌貿茂瑁懋旄耄媢楙眊瞀芼袤毷艒萺鄮毣蓩皃冐柕覒暓冃勖務描毛牟秏耗蝐鄚霿
ㄇㄡ	哞
ㄇㄡˇ	某冇踇牡畝畂畆畞畮𦳑
ㄇㄡˊ	謀眸繆牟侔蝥鍪蛑麰洠鉾鴾譕呣哞堥鞪劺件婺毋瞴袤
ㄇㄡˋ	茂貿懋袤楙瞀柕愗
ㄇㄢ	嫚顢
ㄇㄢˇ	滿屘矕懣蹣顢満鏋𨃟睌
ㄇㄢˊ	蠻饅瞞蹣漫顢謾鰻璊悗慲槾鬘鬗埋蔓姏樠鞔蛮摱澷蟎䕕䅼𨃟㒼𥲑𧜞僈慢矕絻
ㄇㄢˋ	慢漫曼蔓幔嫚鏝縵墁熳澫僈獌屘饅鰻鄤槾蟃謾摱蔄澷䕕𤅎幕
ㄇㄣ	悶燜
ㄇㄣˇ	暪
ㄇㄣˊ	門們捫樠鍆穈菛亹虋璊斖玧閅㻊怋汶瞞
ㄇㄣˋ	悶燜懣們呇悗惛暪殙滿瞞鞔
ㄇㄣ˙	們
ㄇㄤˇ	莽蟒漭汒庬硥茻壾蠎莾朦
ㄇㄤˊ	忙芒茫盲氓尨硭邙哤奀杗盳鋩娏牻痝蛖駹蘉笀肓汒厖庬恾浝朚吂釯鸏甿瞢莽龍
ㄇㄥ	矇蒙
ㄇㄥˇ	猛蜢艋錳懵鼆蠓懞瓾幪勐顭鯭𢕙鸏矇蒙蟒鱦黽
ㄇㄥˊ	蒙盟萌矇朦濛檬懵幪甍瞢艨虻曚甿礞氋雺莔儚蕄鄳鄸饛鸏氓尨罞嫇懞霿冡䀄蝱橗懜㩚鯍靀顭溕𡁏獴矒夢庬瞑蘉蟊鋂霧髳黽鼆
ㄇㄥˋ	夢孟霥艋梦夣懜䓝䁅懵明盟瞢蜢
ㄇㄧ	咪瞇眯
ㄇㄧˇ	米靡弭敉眯銤渳葞蔝濔灖羋彌糜麋瀰蝆縻獼蘼侎弥洣眫孊猕㝥咪爾瞇辟
ㄇㄧˊ	迷彌謎瀰靡糜麋縻獼蘼冞麛醚醾檷蘪攠瓕爢麊鸍獮禰弥怽罙祢詸擟籋戂醿釄猕蒾镾狝劘摩摵濔眯瞴穈
ㄇㄧˋ	密蜜秘祕覓泌汨謐宓冪塓幦鼏羃幎漞糸峚榓滵蔤蠠嘧日謎冖囸宻淧覔幂詸樒濗櫁藌鑖沕溟熐眯眽瞇苾蓂覛迷
ㄇㄧㄝ	咩乜羋咪
ㄇㄧㄝˋ	滅蔑衊篾蠛幭覕搣薎懱瀎礣鱴烕鴓櫗鑖眜
ㄇㄧㄝ˙	咩
ㄇㄧㄠ	喵
ㄇㄧㄠˇ	秒渺藐邈緲杳眇淼杪篎沓仦仯劰吵妙彯紗訬
ㄇㄧㄠˊ	苗描瞄鱙錨媌㑤㚹鶓嫹蜱邈
ㄇㄧㄠˋ	妙廟繆玅謬庙庿眇
ㄇㄧㄡ	唒
ㄇㄧㄡˋ	謬繆摎嘐
ㄇㄧㄢˇ	免勉緬冕娩靦湎沔偭眄絻丏俛愐喕鮸浼脕媔葂汅凂㝃勔覥鰵厸莬㨠矊澠眠黽
ㄇㄧㄢˊ	棉綿眠媔婂蝒櫋矊矏宀緜嬵檰芇臱冥瞑緡蠠
ㄇㄧㄢˋ	面麵瞑靣牑糆麫麪冥泯湣眄
ㄇㄧㄣˇ	敏憫閔閩抿泯皿湣愍黽澠笢敃刡僶簢敯潣怋暋黾勄慜冺㥸𧁋呡眠緡繩蠠鈱
ㄇㄧㄣˊ	民岷玟緡痻苠忞旻鈱旼錉罠閺怋崏暋泯閔閩呡睯忟姄珉盿砇捪琘瑉碈緍䪸賯鍲冺汶琝盷
ㄇㄧㄥˇ	眳姳慏皿茗酩瞑佲凕嫇溟
ㄇㄧㄥˊ	明名鳴銘螟冥瞑暝茗酩溟蓂鄍洺榠嫇覭詺熐萌盟眳佲朙眀䫤猽
ㄇㄧㄥˋ	命暝詺名
ㄇㄨ	嘸
ㄇㄨˇ	母畝牡姆拇牳鉧姥峔砪踇畂畆胟娒畞畮𧿹坶茻
ㄇㄨˊ	模氁毪墲橅恈呣唔嘸母
ㄇㄨˋ	木目幕牧慕墓募穆睦暮沐苜鶩楘霂鉬炑坶毣蚞幙莯莫冪繆驀慔冖朷狇幂雮㜈樢呣嘿婺牟縸艒萺鞪
ㄈㄚ	發伐瞂法筏閥栰彂灋佱傠沷醱
ㄈㄚˇ	法髮砝琺珐髪鍅灋佱
ㄈㄚˊ	乏伐罰閥筏砝茷法疺藅眨窆瞂姂垡栰罸橃灋佱坺拔撥汎泛貶
ㄈㄚˋ	法琺珐灋佱髮
ㄈㄛˊ	佛坲仏
ㄈㄟ	非飛菲扉啡妃緋霏馡騑騛婓裶斐腓蜚餥婔渄猆靟䬠飝匪奜鯡
ㄈㄟˇ	匪翡斐蜚誹悱菲朏棐榧篚奜餥非扉裴昢棑緋裵蕜痱胇胐
ㄈㄟˊ	肥淝腓萉蜰棐痱蟦裴賁
ㄈㄟˋ	廢費肺沸吠痱怫疿芾屝剕狒砩濷癈昲胇俷厞曊鼣櫠蟦鐨菲陫琲鯡黂㻗墢橃蕟靅䀟㹃䤵廃拂橨祓笰紼胏茀茇萉蕡蜰襏鼥
ㄈㄡ	不
ㄈㄡˇ	否缶殕缹鴀不缻雬炰芣衃
ㄈㄡˊ	罘芣紑剻浮鴀垺
ㄈㄡˋ	復复
ㄈㄢ	番翻蕃繙幡帆旛籓僠嬏轓鱕反藩柉皤仮㠶忛畨憣飜噃䑺勫墦拚潘犿颿
ㄈㄢˇ	反返魬皈橎仮㽹釩
ㄈㄢˊ	凡煩繁帆蕃礬藩樊蘩璠籵墦燔膰蠜蹯颿笲釩瀿鐇勫橎薠羳鷭杋柉瀪氾梵幡芃袢旛凢凣㠶忛匥舤舧棥襎䑺䪤伋楓渢番繙蟠
ㄈㄢˋ	範范犯氾汎飯販泛梵畈笵鄤奿軓軬滼嬔反汛皈汳仮盕飰輽㽹訉帆樊釩
ㄈㄣ	分紛芬氛吩棻玢酚雰昐鈖砏翂衯饙梤鳻汾邠錀岎帉㤋訜䭻朆餴兝匪愍扮敃棼
ㄈㄣˇ	粉黺扮
ㄈㄣˊ	墳焚汾枌棼蚡豶鼖幩濆轒鼢妢炃羒蒶黂弅蕡鐼秎梤僨鳻橨羵坟坆蚠馚燌燓隫馩分燔盼葐賁頒魵
ㄈㄣˋ	份忿奮憤分糞僨瀵坋秎魵橨膹羵拚氛焚噴墳弅幩歕坟坆奋喯燌燓隫鱝獖奔棼賁
ㄈㄤ	方芳坊枋邡淓鈁匚汸妨肪舫閍牥蚄趽放祊雱
ㄈㄤˇ	訪彷仿紡倣舫昉瓬髣鶭坊妨放㕫昘旊眆鴋方枋
ㄈㄤˊ	房防妨肪坊魴埅鰟彷方
ㄈㄤˋ	放匚紡邡
ㄈㄤ˙	坊
ㄈㄥ	風蜂封豐瘋峰鋒丰烽楓諷酆葑灃犎捀桻妦檒偑崶蘴飌麷猦豊仹凨凬盽㛔峯堼湗碸僼熢鄷鏠㒥寷蠭凮䒠篈靊方蚌
ㄈㄥˇ	唪覂泛諷風
ㄈㄥˊ	逢縫馮夆渢堸艂摓捀浲莑綘葻漨㵯舽逄
ㄈㄥˋ	奉鳳俸諷縫賵焨風凤凨凬煈綘鳯鴌凮捧桻甮葑鵬
ㄈㄧㄠˋ	覅
ㄈㄨ	夫膚敷孵伕麩跗趺柎砆鄜鈇箙罦衭稃邞泭怤尃荴綒鳺姇糐璷紨不孚芙枹胕荂蚨呋玞肤旉粰麬麱妋㠸娐筟懯傅垺拊捊枎沕溥烰琈甫痡芣蓲附
ㄈㄨˇ	府腐撫輔甫斧俯釜脯腑莆滏嘸拊黼簠頫郙弣鯆暊冹蜅蚥軵父阜哺腹嫵膚俛逋幠黻㕶肤俌凂娬捬焤盙秿跔抚呒尃柎胕鈇
ㄈㄨˊ	服福扶浮符伏彿縛幅俘拂苻弗孚袱芙輻蝠匐蜉罘涪夫郛莩怫蚨桴紼茯菔紱咈洑綍艴芾茀艀刜帗笰葍袚氟棴澓烰枹玸岪枎垘昲柫琈虙踾鳧巿沷祓翇韍諨鴔黻鵩鶝佛沸趺孵敷冹坲宓泭狒垺罦萉榑箙仏呋炥畉畐郍鳬哹畗旉鉜箁酻髴鮄鞴乀甶栿絥鉘颫韛包咐姇市彳柭汱砩纀胕芣複襆費
ㄈㄨˋ	父負婦付附富復副傅覆複腹咐赴賦駙阜訃馥賻蝮鮒祔偩輹鰒鍑榑复胕蚹萯蝜褔姇峊蛗緮蕧仆愎怀洑紨嬔仅坿冨婏陚媍詂雬椱稪嬎鍢㤔竎袝㷆圑癁疈䪖伏偪報掊服柎福縛蚥跗軵
ㄉㄚ	搭褡答撘瘩躂咑耷荅畣溚噠嗒塌塔毼矺笚鎝
ㄉㄚˇ	打觰
ㄉㄚˊ	答達韃靼瘩怛繨噠妲笪荅薘褟鐽匒呾畣炟鎝打撻躂疊榙劄譗达迏剳詚叠曡蟽疉𦖿僤憚搨沓羍迖迭鎉龘
ㄉㄚˋ	大亣汏
ㄉㄚ˙	疸瘩咑打繨嗒塔
ㄉㄜˊ	得德淂恴惪悳徳𢔨𢔶登陟
ㄉㄜ˙	的得地底襶坔埊嶳𢔨𢔶
ㄉㄞ	呆待獃鮘懛呔歹
ㄉㄞˇ	歹逮得炱傣歺炲
ㄉㄞˋ	代帶待袋戴怠殆黛貸迨大玳岱逮襶埭靆紿廗汏忕瀻軩跢艜蹛柋酨軑釱駘亣㐲侢帒隶帯㻖瑇鉪㯂緿鴏簤霴黱軚媞棣毒蔕蝳螮詒載逯遞遰馱
ㄉㄟˇ	得𢔶
ㄉㄠ	刀叨忉舠氘幍魛灱朷灲釖刂啁惆虭裯
ㄉㄠˇ	倒島導禱搗擣壔禂蹈嶋嶌隝嶹隯祷嘄忑捯菿道鳥
ㄉㄠˊ	捯叨
ㄉㄠˋ	到道倒稻盜蹈悼導纛翿檤菿瓙燾韜箌幬盗稲衜衟轁鞱噵軇佻儔受敦檮洮濤絩翢薵陶
ㄉㄡ	都兜郖唗吺侸剅兠篼㨮蔸氀瞗窬
ㄉㄡˇ	斗抖陡蚪枓唗敨阧鈄
ㄉㄡˋ	鬥豆逗痘竇荳脰餖鋀梪浢讀郖裋鬩狵毭鬦䦧闘鬪鬬𢭃𥥷斣鬭吋投斗瀆逾酘
ㄉㄢ	單擔丹耽簞鄲眈聃酖砃甔襌匰聸勯嚪湛憚旃栴儋鴅殫癉鄿鷤妉单担䒟単耼惮躭媅頕旜㴷㐤冉娊愖檐澹襜覘蹛
ㄉㄢˇ	膽疸撢亶紞刐撣玬衴黵丼澸黕瓭胆馾䪴㔊伔單嘽抌燀癉皽黮
ㄉㄢˋ	但旦淡蛋誕擔彈憚氮啖澹憺儋啗噉石癉窞僤贉幨霮髧萏鉭暺柦帎潬沊狚觛啿舕蜑嘾鴠癚殫灗泹怛靼妲欻嘽餤膻嚪繵担弹惮弾腅㗖馾醈歘駳䨵臽䪴亶倓儃呾唌單壇忱惔憾撢撣欿潭澶甔禫蜒蟺訑詹譂贍
ㄉㄣˋ	㩐扥扽
ㄉㄤ	當噹鐺襠璫簹儅澢艡嵣当檔蟷
ㄉㄤˇ	檔黨擋讜攩欓党當襠儻当挡譡灙
ㄉㄤˋ	當蕩擋盪碭宕菪逿璗愓瓽礑簜闣檔蟷婸崵嵣氹圵当挡偒雼瞊趤蘯儅場潒燙瑒瘍讜
ㄉㄤ˙	噹當
ㄉㄥ	登燈鐙簦豋璒嬁墱撜灯噔竳磴蹬
ㄉㄥˇ	等戥
ㄉㄥˋ	鄧瞪蹬凳嶝磴墱邆霯澄鐙邓僜憕隥櫈覴橙
ㄉㄧ	低滴氐羝鞮彽磾鍉袛菂墑熵堤提隄嫡埞趆仾奃𩑾嘀樀渧牴的鏑
ㄉㄧˇ	底抵邸詆牴砥氐坻柢弤觝呧阺聜菧軧扺厎汦秖蚔蚳貾坘拞茋掋堤提楴
ㄉㄧˊ	的敵迪狄笛滌翟荻嫡嘀鏑蹢糴覿篴蔋靮梑潪苖嚁鸐藋藡岫抵條逖適濯櫂謫扺魡樀甋鍉蠗条廸拞籴唙逷頔樤豴讁䑲蔐䨤𢕚儥扚杓浟蓧踧逐馰鬄
ㄉㄧˋ	地第弟帝遞蒂的締諦娣睇棣杕玓禘蔕螮踶楴渧碲虳釱樀旳軑梊焍馰墆嵽珶甋悌啻逮晜搋蝃墬遰篪坔竾苐埊偙递逓媂祶筂腣摕裭骶嶳怟啇䟡僀䐭𨮹勺墑弔揥柢疐眱約胝芍菂蚳諟蹄題
ㄉㄧ˙	弟
ㄉㄧㄚˇ	嗲
ㄉㄧㄝ	爹嗲跌跕蹛
ㄉㄧㄝˇ	哆
ㄉㄧㄝˊ	跌蝶諜碟疊迭牒喋瓞耋絰咥垤堞蜨蹀鰈跕昳峌挕胅苵眣聑臷詄镻艓褋惵楪嶀凸趺褶柣媟揲渫墆嵽屧螲鞢呋恎耊眰䏲屟趃叠殜㻡曡疉戜𣶏褺佚啑崼怢挃槢泆涉窒至跮踢軼鐵鰨
ㄉㄧㄝˋ	𠅗昳
ㄉㄧㄝ˙	爹
ㄉㄧㄠ	雕凋刁貂鵰碉叼彫瞗琱鯛扚蛁鳭虭殦蜩錭刟奝弴鮉鼦刀敦椆淍軺
ㄉㄧㄠˇ	屌鳥扚佻鵃
ㄉㄧㄠˋ	調掉釣吊弔窵蓧誂伄魡悼帣淖銚藋訋莜銱鋽鑃㪕竨瘹鈟倜啁嬥挑稠糶絩綢蜩趙跳踔雿
ㄉㄧㄡ	丟銩丢厾颩
ㄉㄧㄢ	顛巔癲滇拈掂傎瘨敁蹎槙齻厧闐嵮巓攧槇顚佔玷甸詀
ㄉㄧㄢˇ	點典碘錪婰琠蕇腆痶奌点㙉敟蒧跕踮
ㄉㄧㄢˋ	電店殿甸奠墊澱惦靛佃淀玷鈿簟坫痁癜磹阽扂婝踮壂唸臀掂驔埝琔頕橂𤩱𠶧𢕯蜔橝沾涎腍蜓
ㄉㄧㄥ	丁釘叮疔酊盯仃玎帄靪虰汀町糽飣𠆤耵
ㄉㄧㄥˇ	頂鼎酊嵿濎薡鼏奵檙鼑仃艼葶顁
ㄉㄧㄥˋ	定訂釘錠碇飣娗椗掟碠顁萣啶綻靛鋌忊矴䋎磸奠汀
ㄉㄨ	都督嘟闍醏裻錖剢堵
ㄉㄨˇ	賭堵睹篤肚錖裻帾蠹媎覿琽覩螙蠧杜竺鍺陼
ㄉㄨˊ	讀獨毒牘纛瀆犢髑讟黷櫝儥碡殰蝳贕韇韥皾督頓篤蠹豰襩韣独螙凟匵嬻瓄蠧鑟𧰵𡂝騳𡱰噣竇罜裻襡錖
ㄉㄨˋ	度渡肚妒鍍杜蠹秺喥踱斁妬靯螙歝蠧簬荰𪐞殬剫土塗宅橐睪芏詫
ㄉㄨㄛ	多朵哆柁茤跢崜夛掇剟咄敪毲裰鄲
ㄉㄨㄛˇ	躲朵埵垛嚲鬌痑趓綞朶哚垜挅躱軃袳䤪挆𧊶奲捶揣棰椯橢硾鍺
ㄉㄨㄛˊ	奪鐸多掇裰剟敪椯剫敓莌毲腏鮵襗喥檡鵽敚敠痥凙夛度沰澤跿踱
ㄉㄨㄛˋ	惰墮舵跺剁咄踱馱垛墯嶞柮陏陊度袉貀鵽灺柁痑刴垜炨炧笜飿㻧䭾駄憜嚉㨊哆杕杝柂沱詑誃跢酡錞陀隋隓點
ㄉㄨㄛ˙	掇
ㄉㄨㄟ	堆頧痽追敦鐓垖塠磓鐜嵟䔻䭔埻搥槌碓鎚鴭
ㄉㄨㄟˇ	謉㨃䇏𦞙啍頧
ㄉㄨㄟˋ	對隊兌碓懟譈濧薱轛濻瀩憝敦祋莌錞鐓对兊兑対陮綐憞鐜譵奪杸瀢鈗
ㄉㄨㄢ	端耑偳剬媏鍴褍
ㄉㄨㄢˇ	短
ㄉㄨㄢˋ	段斷緞鍛毈腶籪椴葮碫躖断煅瑖塅踹
ㄉㄨㄣ	敦蹲墩惇礅驐蜳撉鐓噸憝橔弴墪憞撴䃦鐜犜俊吨燉豚
ㄉㄨㄣˇ	盹躉𣎴
ㄉㄨㄣˋ	頓噸盾鈍遁盹燉沌囤遯炖坉扽伅庉潡崸鶨腞敦飩扥楯瞃輴鐓踲鐜逇忳腯豚
ㄉㄨㄥ	東冬咚鼕苳蝀埬崠氡炵涷菄鶇㚵昸倲娻崬笗氭鯟𤷆𩂓
ㄉㄨㄥˇ	懂董嬞墥蕫諌箽𣿅𢤦揰湩
ㄉㄨㄥˋ	動洞凍棟恫胴挏戙駧霘峒湩慟姛迵詷蝀动峝働勭憅侗垌崠桐烔狪甬硐筒筩絧衕酮騆
ㄊㄚ	它他她牠塌褟祂禢灺趿搨鉈靸禤炨炧溻鉇佗嚃太榙踏遢
ㄊㄚˇ	塔榙鎝獺嗒溚墖㗳呾鰨
ㄊㄚˋ	踏榻蹋塌獺搨遢嚃躂沓嗒撻遝闥鎉闒錔鞜鞳鰨羍涾傝毾誻鑉漯迖濌龘拓達呇褟闟达迏狧崉㳫㭼㒓澾橽鮙爡躢眔𠴲㛥䂿㿹蹹譶龖𪘁哈搭濕禢荅鎑鞈韃
ㄊㄚ˙	遢
ㄊㄜˋ	特慝忒忑鋱貣蟘貸螣蚮脦匿式犆職
ㄊㄞ	胎苔台囼孡𧉟咍漦珆釐駘
ㄊㄞˇ	呔騃
ㄊㄞˊ	台臺抬颱苔邰跆檯薹炱駘鮐儓嬯籉旲秮殆笞鈶齝坮枱炲菭擡呞䔶㘆斄箈能詒
ㄊㄞˋ	太態泰汰鈦燤溙呔肽酞大忕釱亣忲鉪曃冭夳舦儓汏
ㄊㄟ	忒
ㄊㄠ	掏濤滔饕韜弢絛縚搯慆槄幍翢嫍蜪叨挑夲涛瑫飸縧謟轁䤾饀鞱夵㫞䄻詜抭燾綢頫
ㄊㄠˇ	討䵚套
ㄊㄠˊ	逃桃陶萄淘濤啕洮燾檮匋咷綯鞀醄騊錭駣祹鋾掏滔蜪翿迯涛裪鞉饀鼗姚挑籌跳
ㄊㄠˋ	套韜
ㄊㄠ˙	萄
ㄊㄡ	偷媮偸婾鍮愉鋀
ㄊㄡˇ	黈妵紏鈄蘣敨斢飳諭諳
ㄊㄡˊ	頭投牏酘骰緰头坄褕逗
ㄊㄡˋ	透斢埱
ㄊㄡ˙	頭头
ㄊㄢ	貪灘攤癱坍怹抩舑緂探嘽橝滩噒擹撣漢潬痑舔
ㄊㄢˇ	坦毯袒襢忐禫菼嗿膻憳醓裧怛氈緂儃黮氍毡憻氊璮䏙但僋壇暺鉭
ㄊㄢˊ	談彈痰潭譚檀壇曇罈覃郯錟餤鐔倓醰貚婒憛藫橝鷤澹惔嘾曋燂蕁瞫邅皽蟫饘鷣弹聅弾墵墰醈壜罎單埮榃沈淡湛炎癉磹禪繵蕈譠顃
ㄊㄢˋ	探嘆歎碳炭賧埮湠羰撢舕憛䑙舚䗊倓傝僋黮
ㄊㄤ	湯鏜鼞蹚蝪薚鐋䠀鞺簜羰膛蕩趟鐺閶闛闣
ㄊㄤˇ	倘躺儻淌帑惝钂鎲戃曭爣矘徜伖偒耥擴攩欓踼黨
ㄊㄤˊ	堂糖唐塘膛螳棠醣搪鏜溏螗瑭赯榶樘漟煻鎕闛橖蓎磄踼薚鶶瞠嵣餳坣傏啺㭻㑽㜍鄌憆禟糃糛餹饄摚膅隚篖愓逿
ㄊㄤˋ	趟燙摥盪䠀儻湯漡蕩蹚躺鐋
ㄊㄥ	熥
ㄊㄥˊ	疼騰藤籐謄滕螣縢邆漛駦儯籘驣幐鰧痋
ㄊㄥˋ	霯
ㄊㄧ	梯踢剔焍掦体擿睇銻體鵜鷈
ㄊㄧˇ	體体綈挮躰骵軆徥衹醍
ㄊㄧˊ	題提啼堤蹄醍禔稊緹荑騠隄鶗惿厗鍗偍趧謕鶙崹睼蝭蕛鷤鯷鵜珶媞蛦綈褆鍉鷈鼶埞嗁瑅遆碮漽蹏禵罤䬫䔶鴺鮷鷉姼徲折是桋梯渧睇磃虒蟬諦踶銻
ㄊㄧˋ	替惕涕屜悌剃銻嚏倜薙殢裼揥籊鬄悐褅逖弟娣啻棣迖俶睇疐懥擿趯戻达屉迏惖逷髢歒䞶鬀嚔鐟髰䶑剔啑楴洟狄瓋綈肆詆躍適錫
ㄊㄧㄝ	貼帖怗占怙惵聑蝶詀跕鉆
ㄊㄧㄝˇ	鐵帖驖僣銕鉄蛈鋨鴩
ㄊㄧㄝˋ	帖餮蛈飻呫
ㄊㄧㄠ	挑祧恌庣鮡佻趒蓨旫聎蓚䄻桃條窕
ㄊㄧㄠˇ	挑窕誂宨嬥窱晀䠷斢朓脁趒
ㄊㄧㄠˊ	條調笤佻迢蜩髫岧苕齠鰷鞗芀鎥趒祒窕絛滌篠朷条岹㨄萔樤鋚縧儵啁挑稠脩蓧蓨銚鯈
ㄊㄧㄠˋ	跳眺糶朓覜頫絩窱脁佻趒艞粜咷姚超趠踔
ㄊㄧㄠ˙	挑
ㄊㄧㄢ	天添倎屇酟婖兲沗詽靝訮黇吞沾苫
ㄊㄧㄢˇ	舔忝殄腆靦淟餂賟悿蚕晪痶恬倎琠跈銛錪㙉睓覥鍩㥏銽典填娗捵栝町紾
ㄊㄧㄢˊ	田甜填恬闐畋窴沺盷湉菾磌佃滇鈿屇搷鷏胋甛塡璳嗔寘撣甸畇瞋緂鎮餂
ㄊㄧㄢˋ	掭煔瑱蚺蚦㐁添琠睼瞋菾跈
ㄊㄧㄥ	聽廳汀桯艼耵听朾烴綎庁鞓聴廰聼耓庍渟町
ㄊㄧㄥˇ	挺艇町梃頲珽脡鋌烶圢侹娗侱涏誔𡈼珵莛閮
ㄊㄧㄥˊ	停庭廷亭蜓霆婷渟莛朾筳蝏聤葶鼮楟榳閮嵉綎邒㨩葕諪奠挺
ㄊㄧㄥˋ	聽庭聴聼梃汀濎
ㄊㄨ	禿凸鵚涋捸嶀廜秃庩痜唋怢梌湥瑹突葖鼵
ㄊㄨˇ	土吐釷芏唋圡
ㄊㄨˊ	圖途突徒塗屠凸荼涂余酴瘏稌腯峹葖捈怢鍎跿梌湥筡蒤瑹駼鶟鷋鼵嵞廜潳鷵陡徙菟唋悇蓗鵌図阧凃鈯圗摕宊㻌堗揬䣝䠈馟兔土墿斁杜檡腞跌
ㄊㄨˋ	兔吐菟鵵堍唾兎迌鋀
ㄊㄨㄛ	脫拖托託堶侂挩扥矺沰馲侻詑魠他它佗牠扡灺虴袘飥汑杔拕炨炧捝脱涶咃驝乇嘽舄莌隋
ㄊㄨㄛˇ	妥橢撱庹嫷脫脱媠楕鋖鵎㨊鰖柁綏袉訑隋鬌
ㄊㄨㄛˊ	駝陀馱沱佗鴕跎橐坨紽酡砣阤鮀岮碢鞁驒鼉鉈袉飥柁堶詑沲陁砤槖䭾駄駞踻鼧彵鉇他它惰池牠磚蛇蟺袘訑迆迤
ㄊㄨㄛˋ	拓唾柝籜蘀跅毻毤魄沰柘莌袥佗杝
ㄊㄨㄟ	推蓷藬太蘈㷟煺啍忒焞追
ㄊㄨㄟˇ	腿俀僓聉脮蹆骽
ㄊㄨㄟˊ	頹穨隤魋橔僓蹪弚墤頺頽謉㿗尵弟饋騩
ㄊㄨㄟˋ	退蛻駾螁褪裉裞蜕褃娧侻怢
ㄊㄨㄢ	湍煓貒遄猯䝎
ㄊㄨㄢˇ	畽疃墥
ㄊㄨㄢˊ	團摶糰漙剸慱鏄鷻槫湍剬篿鷒団檲塼嫥專揣敦磚蓴鱄鶉
ㄊㄨㄢˋ	彖褖湪貒
ㄊㄨㄣ	吞暾啍涒旽昋呑噋黗朜敦汭焞蜳
ㄊㄨㄣˇ	汆吨畽疃錪
ㄊㄨㄣˊ	屯囤豚飩臀軘魨忳芚吨拵肫坉庉杶炖烼棆遯豘踲霕櫄䐁臋敦沌燉窀純逐
ㄊㄨㄣˋ	褪螁
ㄊㄨㄥ	通恫蓪痌炵熥狪囲樋侗恿桐絧
ㄊㄨㄥˇ	統筒桶捅垌筩姛侗
ㄊㄨㄥˊ	同童銅桐潼瞳砼彤佟僮峒侗艟曈膧穜罿硐橦氃獞茼烔浵鉖餇仝酮迵粡絧朣犝蕫鮦鼨爞哃詷洞胴筒炵戙筩赨庝峝晍蚒秱勭燑眮硧鉵㼿偅垌湩狪痌蜼蟲衕重鼕
ㄊㄨㄥˋ	痛衕慟蘳疼憅同通
ㄋ	ㄋ
ㄋ˙	唵
ㄋㄍ	ㄍ
ㄋㄍˇ	嗯
ㄋㄍˊ	哽唔嗯
ㄋㄍˋ	嗯
ㄋㄍ˙	唵
ㄋㄚ	南那
ㄋㄚˇ	那哪雫㖠
ㄋㄚˊ	拿挐拏誽南掔詉呶秅蒘
ㄋㄚˋ	那納吶訥鈉捺娜肭衲軜妠豽魶笝內汭枘蚋貀内呐靹蒳蜹䟜哪淰笚箬絮
ㄋㄚ˙	那哪㖠
ㄋㄜ	呢
ㄋㄜˊ	哪㖠那
ㄋㄜˋ	吶那訥呐抐疔眲
ㄋㄜ˙	呢
ㄋㄞˇ	乃奶迺氖嬭奈氝釢艿尕妳鼐疓廼倷哪那
ㄋㄞˊ	孻摨腉搱熋掜能螚
ㄋㄞˋ	耐奈褦鼐柰倷螚渿錼萘佴耏能
ㄋㄟˇ	餒哪腇那娞㖠鮾鯘婑浽餧
ㄋㄟˋ	內那汭氝内㐻
ㄋㄠ	峱撓孬嶩
ㄋㄠˇ	腦惱瑙恼娚悩嫐碯憹垴匘獶獿膠
ㄋㄠˊ	撓鐃橈呶猱怓譊嶩獶繷獿夒蟯驍峱硇詉憹巎巙摎碙蝚
ㄋㄠˋ	鬧淖臑腝閙婥澆腦鐃
ㄋㄡˇ	啂
ㄋㄡˊ	羺獳譨
ㄋㄡˋ	耨鎒嗕弄獳挵搙槈鐞挊譳嬬擩檽
ㄋㄢ	囡囝
ㄋㄢˇ	赧戁蝻湳腩揇萳罱喃嫨
ㄋㄢˊ	南男難喃楠柟暔諵奻萳莮抩蝻攮枏畘侽冉弇
ㄋㄢˋ	難婻戁妠攤灘諵
ㄋㄣˋ	嫩腝嫰恁枘臑
ㄋㄤ	囊囔蘘
ㄋㄤˇ	曩攮灢搑饢擃瀼
ㄋㄤˊ	囊搑欜乪饢噥涳蠰譨鬞
ㄋㄤˋ	齉儾鬞
ㄋㄤ˙	囔
ㄋㄥˇ	𠹌螚
ㄋㄥˊ	能薴儜膿嬣癑而耐
ㄋㄥˋ	濘弄挵挊𤀑
ㄋㄧ	呢妮
ㄋㄧˇ	你妳擬禰儗旎昵坭柅薿檷抳苨馜隬譺尼泥狔掜薾鑈伲伱拟祢埿孴聻䛏鉨㘈呢婗晲濔瀰爾鈮
ㄋㄧˊ	泥尼妮倪霓怩猊蜺輗郳麑鯢齯臡秜狋觬婗淣呢狔屔跜鈮兒旎擬堄鬩麛児㞾拟埿棿腝貎䦧蚭䛏坭彌抳蛪
ㄋㄧˋ	逆溺匿膩泥睨暱惄嫟縌迡堄慝昵衵掜搦鈮糑嶷氼胒埿掿搻懝嬺屰孨痆愵䁥倪嬭濘灄秜誽
ㄋㄧㄝ	捏踗鑈捻揑
ㄋㄧㄝˊ	苶
ㄋㄧㄝˋ	孽鎳躡聶鑷涅囁囓臬乜嚙臲闑隉齧敜顳糱蘗疌嵲踂篞櫱蠥钀巕業懾攝羍嘄摰槷甈踙嶭鷍圼枿埝惗鈢暬錜褹孼籋蘖糵痆鉩蹑囐䯀帇倪哪喦囡峊嵒幸掜泥苶諗讘踗鋷鑈
ㄋㄧㄠˇ	鳥裊嬲嬝嫋蔦褭樢茮尥
ㄋㄧㄠˋ	尿溺氼脲
ㄋㄧㄡ	妞
ㄋㄧㄡˇ	紐扭鈕忸狃炄莥杻沑靵
ㄋㄧㄡˊ	牛汼怓
ㄋㄧㄡˋ	拗謬粈衄糅抝衂䋴蚴
ㄋㄧㄢ	拈捻蔫
ㄋㄧㄢˇ	捻撚攆拈輦碾輾涊簐跈躎稔淰棯腍諗蹍菍蹨捵趁
ㄋㄧㄢˊ	年黏粘姩哖拈撚溓鯰秊秥䴴
ㄋㄧㄢˋ	念唸淰廿鼰廾卄埝姩榐
ㄋㄧㄣˇ	拰
ㄋㄧㄣˊ	您恁忹䋻囜
ㄋㄧㄤˊ	娘孃釀嬢
ㄋㄧㄤˋ	釀
ㄋㄧㄥˇ	擰橣矃鑏
ㄋㄧㄥˊ	寧凝獰嚀檸甯擰鸋鑏寍聹嬣冰薴仌氷寕寜寗鬡儜宁攘濘疑苧鬤
ㄋㄧㄥˋ	濘佞寧擰獰甯寕寜寗䗿宁年泞泥
ㄋㄨˇ	努弩砮駑夯孥伮呶擩
ㄋㄨˊ	奴駑孥笯蒘呶帑弩拏伖挐砮
ㄋㄨˋ	怒詉搙肭褥
ㄋㄨㄛˇ	橠娜袲
ㄋㄨㄛˊ	挪娜儺捼梛那難挼郍哪掉橠
ㄋㄨㄛˋ	諾懦糯搦逽懧糑那偌需喏愞掿搙搻榒稬蹃鍩穤糥堧濡耎
ㄋㄨㄢˇ	暖餪煖渜煊煗臑
ㄋㄨㄢˊ	奻渜濡
ㄋㄨㄢˋ	餪
ㄋㄨㄥˇ	擃繷
ㄋㄨㄥˊ	農濃膿儂噥穠襛醲齈鬞擃辳憹檂癑禯欁蕽
ㄋㄨㄥˋ	弄挵挊齈
ㄋㄨㄥ˙	弄
ㄋㄩˇ	女籹釹
ㄋㄩˋ	忸恧衄朒女聏沑衂䶊狃絮
ㄋㄩㄝˋ	虐瘧謔逽硸婩
ㄌㄚ	拉啦喇柆邋鞡翋菈剌磖垃搚摺砬
ㄌㄚˇ	喇藞拉
ㄌㄚˊ	剌邋旯拉喇揦砬
ㄌㄚˋ	臘蠟鑞辣剌腊落鬎瘌揧楋喇棘菈搚擸襋辢臈攋瓎鯻蝲爉鱲儠拉癩蜡
ㄌㄚ˙	啦藍瘌喇垃拉鞡
ㄌㄛ˙	咯
ㄌㄜ	肋
ㄌㄜˋ	樂垃勒肋泐埒叻仂捋扐阞砳鰳氻哷竻落牞礐礜忇玏艻寽楽㦡埓㿭韷簕皬
ㄌㄜ˙	了嘞
ㄌㄞˇ	攋
ㄌㄞˊ	來萊徠淶騋箂崍郲錸鯠棶庲鶆唻賚倈婡琜逨来顂麳釐黧
ㄌㄞˋ	賴癩瀨籟睞賚藾娕來徠厲獺誺厉倈頼鵣攋瀬櫴来襰唻懶癘釐
ㄌㄟ	勒擂
ㄌㄟˇ	累壘儡漯耒磊蕾誄藟樏癗礌絫磥鑸瘣櫑櫐礨灅讄鸓頛礧蘲嫘羸蜼儽欙垒洡腂傫蕌蘽厽㵽纍蠝郲
ㄌㄟˊ	雷累纍擂嫘鐳羸縲罍檑畾櫑瓃蠝轠壨蔂蘲虆㵢靁錑攂鑘纝鼺儡儽壘婁樏欙盧磥礌礧
ㄌㄟˋ	類淚累擂纇酹銇儽蘱禷肋戾唳捩礌礧泪类涙頪錑䢮攂䉪儡檑纍雷頛
ㄌㄟ˙	勒
ㄌㄠ	撈嘮哰
ㄌㄠˇ	老姥佬鐒栳狫轑咾橑銠恅荖耋潦㧯耊䇭蛯僚嫽獠蓼
ㄌㄠˊ	勞牢癆澇嘮醪浶簩蟧嶗犖撈僗轑顟労劳窂哰磱髝憥嘐嫪潦鐒
ㄌㄠˋ	勞絡烙酪嫪軂橯僗落樂潦澇醪労劳楽憦耮髝嘮撩牢癆
ㄌㄡ	摟瞜
ㄌㄡˇ	簍摟塿嶁嘍甊㪹漊耬
ㄌㄡˊ	樓嘍婁螻髏僂蔞廔漊耬熡謱艛鞻鷜瞜摟鏤寠慺窶貗剅娄偻楼遱瘻軁蝼䝏漏牢
ㄌㄡˋ	漏陋露鏤瘺屚
ㄌㄡ˙	嘍
ㄌㄢˇ	覽懶攬欖纜壈爦灠醂嬾顲浨卵嵐濫㛦覧㩜燣擥攋孄孏漤䌫婪廩
ㄌㄢˊ	蘭籃藍欄攔瀾襤婪嵐闌鑭襴讕斕籣欗糷灆灡譋躝瑯欖惏灠啉葻厱儖懢璼繿蘫囒襽韊㜮礛暕漣濫郴
ㄌㄢˋ	爛濫纜爁壏婪亂瀾僋嚂糷乱釠瓓爤钄㜮燗䌫湅灠煉覽諫連鑭闌
ㄌㄤ	啷
ㄌㄤˇ	朗閬硠峎悢誏烺塱崀朖朤㫰俍榔樠狼
ㄌㄤˊ	郎狼廊螂瑯琅榔稂莨蜋桹筤鋃俍崀欴浪羹硠踉駺哴郞嫏蓈躴羮勆艆樃鎯
ㄌㄤˋ	浪埌蒗莨閬崀狼琅筤誏踉郎
ㄌㄤ˙	螂
ㄌㄥ	棱
ㄌㄥˇ	冷泠
ㄌㄥˊ	稜崚棱薐蔆倰楞碐祾蓤䔖掕塄踜輘
ㄌㄥˋ	愣踜楞怔佂倰堎棱睖稜輘
ㄌㄧ	哩
ㄌㄧˇ	李里裡理禮裏哩浬鯉娌俚澧邐醴蠡鱧鋰粴豊峛欚履悝捚褁礼峢蟸峲喱兣欐纚離鱺麗
ㄌㄧˊ	離璃黎梨籬釐犛罹貍驪犁漓灕狸藜蜊蠡鸝釃斄嫠褵黧梩漦縭蔾氂厘蘺剺喱篱醨鱺劙孋廲騹孷樆謧鯬鵹攡麗菞鑗粍麶俚魑霾离詈筣螭蠫刕丽剓婯悡梸荲棃犂㴝睝鋫錅蟍嚟瓈蟸鏫彲穲卨猍艃盠邌㦒儷杝柂灑琍糎纚莉酈黐
ㄌㄧˋ	力立利麗歷壢例曆莉厲勵礪粒蒞靂瀝儷隸礫吏荔栗慄俐痢癘笠戾唳酈琍詈嚦溧蠣櫪沴糲櫟轢瓅鬁猁盭篥苙唎屴躒釙鬲皪秝瑮轣岦朸欐禲赲鴗砅濿砬悷蚸厤筣綟蜧磿犡藶蠫鷅麜攦觻鷑攭鱳靋栵浰塛搮蝷儮曞讈瓥鱱娳叻捩棣蜊罹鎘邐仂夯牞蒚擽齂襹鸝历厉丽㕸悧栛涖珕茘婯莅傈凓鉝鳨暦歴䔉㷴隷檪鬴巁攊櫔爄蠇爏瓑癧礰纅囇励沵㾐粝棙䓞蛠厯㻺矖位俚列哩孋扐扚泣淚濼珞硌翮蝕蠡鑠離颯
ㄌㄧ˙	哩裡娌里
ㄌㄧㄚˇ	倆俩
ㄌㄧㄝ	咧
ㄌㄧㄝˇ	咧忚裂
ㄌㄧㄝˊ	咧
ㄌㄧㄝˋ	列烈劣裂獵捩冽鬣躐洌茢睙擸趔姴迾脟蛚蛶颲儠鮤鴷犣戾唳邋浖烮猎煭聗巤巁爄劽挒鬛例劦咧哷埒奊峛擖栗栵燤獦累綟膊臘
ㄌㄧㄝ˙	咧
ㄌㄧㄠ	撩
ㄌㄧㄠˇ	了瞭蓼憭釕暸鄝蟟燎繚镽尞嘞爒僚嫽撩潦繆膫轑
ㄌㄧㄠˊ	聊寮遼療寥撩僚燎潦嘹繚鐐嫽獠鷯屪膋漻摎豂嵺憀嶚敹窷膫簝镽飂飉顟佬窌翏憭蟟醪尞嶛熮竂蹘髎璙廫賿僇勞廖料暸樂樛橑繆蟧轑鏐
ㄌㄧㄠˋ	廖料瞭燎尥撂炓蟉窲療釕鄝璆瘳鐐尞爒了嘹嫽撩窷繆轑
ㄌㄧㄡ	溜蹓澑瀏
ㄌㄧㄡˇ	柳綹罶飹珋嬼栁桺熮橮羀僂懰泖留蓼蔞藰鉚
ㄌㄧㄡˊ	劉流留硫琉榴瀏瘤遛旒騮鏐飀鶹懰鎏鎦媹嬼嵧藰裗麍鷎蓅鰡巰餾塯摎橀蟉刘沠畄畱瑬瑠蒥磂駠橊璢疁癅駵嚠鐂驑旈綂𩗩䶉斿泵游溜漻硐聊
ㄌㄧㄡˋ	六陸溜餾霤坴翏雡廇塯蹓遛窌飂飉鷚澑鬸䄂留碌磟鎦鏐
ㄌㄧㄡ˙	溜榴橊
ㄌㄧㄢˇ	臉鄻膦摙僆羷斂溓槤璉㯬稴醶嬚歛蓮薟蘞襝輦連
ㄌㄧㄢˊ	連聯憐廉蓮漣簾鐮鰱奩璉帘褳嗹鎌鬑溓蠊槤縺謰覝磏鏀濂翴薕蹥譧奱嬚零殮瞼怜轋蘞亷匲慩熑劆匳嫾聨聫濓聮螊霗燫櫣蘝䥥籢䙺臁令僆搛斂槏瞵羸苓鏈
ㄌㄧㄢˋ	練鍊戀煉鏈殮斂瀲楝襝湅澰蘞歛薟萰堜攣僆恋挛媡㜃瑓錬㶑鰊蘝纞稴孌摙撿欄浰連鱄
ㄌㄧㄣ	拎
ㄌㄧㄣˇ	凜懍廩檁菻亃綝榃稟僯顲禀凛撛廪澟癛㨆伈嶙磷箖粼
ㄌㄧㄣˊ	林臨鄰淋鱗麟霖磷琳遴嶙燐璘粼轔潾痳疄瞵惏暽罧驎碄箖甐繗僯翷蹸壣鏻藺亃榃吅玪崊晽粦隣麐瀶躙轥厸杮枾㔂獜斴魿溓滲
ㄌㄧㄣˋ	吝躪藺賃橉閵焛淋痳遴磷臨甐鏻恡悋亃任僯疄瞵膦蹸轔鄰
ㄌㄧㄤˇ	兩倆魎緉裲啢両两蜽魉俩掚脼良蹣閬
ㄌㄧㄤˊ	良梁量糧涼粱樑椋綡輬踉駺亮螂諒俍惊莨蜋凉粮槺墚靚
ㄌㄧㄤˋ	量亮諒輛喨晾涼啢踉湸悢兩倞両两凉
ㄌㄧㄥ	拎昤
ㄌㄧㄥˇ	領嶺彾阾袊𦊓令冷岭怜泠軨
ㄌㄧㄥˊ	零玲靈鈴齡陵凌菱聆羚苓伶綾淩翎鴒囹蛉瓴泠舲酃軨錂櫺柃欞睖砱詅輘霝鯪醽岭昤澪呬坽夌姈狑皊呤琌笭裬蘦怜婈駖蕶爧堎令稷蔆磷仱彾耹灵岺朎秢竛紷跉祾蓤䔖霊霗燯霛䕘麢龗刢掕衑閝魿孁䴇䖅鹷〇倰冷崚棱稜釘靇
ㄌㄧㄥˋ	令另炩旌櫺旍凌呤
ㄌㄨ	嚕氌擼謢
ㄌㄨˇ	魯虜擄滷鹵櫓艣磠鐪蓾擼塷樐瀂艪鑥嚕氌蘆鏀
ㄌㄨˊ	盧蘆廬臚爐顱瀘鱸轤壚鸕玈罏艫鑪籚櫨嚧攎蠦纑璷庐炉芦魲瓐矑髗皶獹黸膚鹵
ㄌㄨˋ	路陸錄鹿露賂祿碌氯麓鷺戮轆蓼逯漉輅僇潞籙璐甪稑穋簏醁騄淥琭盝磟彔菉蔍錴垏鏕鯥摝硉睩廘熝踛蕗螰鵱淕塶蹗六角綠坴翏觻侓录峍勎娽渌椂禄剹勠箓緑樚膔觮趢録簵鵦鏴騼虂龣圥䐂粶䟿㯝鴼簶䱚攄瘳簬繆谷賁鄜酪鱳
ㄌㄨ˙	蘆
ㄌㄨㄛ	囉捋寽羅落
ㄌㄨㄛˇ	裸瘰臝蠃蓏鎯卵虜擄砢祼倮躶攞曪攭儽剆捰果欏欙猓蜾蠡
ㄌㄨㄛˊ	羅螺蘿鑼邏籮騾囉玀儸覶摞欏蔂鏍鸁剆漯縲腡蠃逻頱覼攞驘纝饠攎蝸蠡
ㄌㄨㄛˋ	落駱洛絡雒烙酪濼犖咯珞纙袼硌鮥鵅峈貉賂輅躒鱳狢洜貈笿嗠挼捰摞格樂橐櫟漯爍皪碌礫茖詻路邏鉻
ㄌㄨㄛ˙	囉羅
ㄌㄨㄢˇ	卵孌覶
ㄌㄨㄢˊ	巒鑾鸞孿灤臠圞欒曫羉癵孌峦栾脔滦銮圝灓奱攣脟臡
ㄌㄨㄢˋ	亂薍乱釠灓乿
ㄌㄨㄣ	掄輪
ㄌㄨㄣˇ	稐耣淪睔碖蜦
ㄌㄨㄣˊ	倫論輪淪崙侖綸掄圇碖錀惀陯菕踚棆蜦埨婨崘㷍腀鯩
ㄌㄨㄣˋ	論溣惀碖侖陯
ㄌㄨㄥ	隆
ㄌㄨㄥˇ	隴攏壟龍籠儱竜篭壠竉龓䡁㡣徿朧篢蘢躘
ㄌㄨㄥˊ	龍隆籠嚨聾瓏朧窿瀧癃櫳礱曨巃矓蘢躘豅鏧鑨靇蠪襱鸗儱龒蠬壟攏屸竜湰滝嶐漋篭壠巄㰍爖霳礲龓驡㡣寵蝕谾龐
ㄌㄨㄥˋ	衖哢徿梇弄咔挵硦贚挊㟖儱蘢襱豅
ㄌㄩˇ	呂旅履侶鋁屢縷褸婁膂漊穭梠郘挔絽儢祣莒閭櫚鏤捋筥寠貗吕寽侣娄捛屡鋶褛㜢膐稆僂慺簍臚蔞謱魯鷜
ㄌㄩˊ	驢閭櫚藘慺氀膢婁娄馿爈曥㠠䕡廬慮樓櫨盧瞜鏤鷜鹿
ㄌㄩˋ	律綠率慮濾氯嵂膟鑢菉葎勴壘珒繂緑爈箻櫖卛哷垏寠累鋁
ㄌㄩㄝˇ	掠
ㄌㄩㄝˋ	略掠鋝撂擽婛弶剠畧摾鋢率藥詻
ㄍㄚ	嘎旮軋戛戞伽呷咖夾胳
ㄍㄚˇ	玍嘎尕
ㄍㄚˊ	軋噶釓嘎錷
ㄍㄚˋ	尬魀
ㄍㄚ˙	價価
ㄍㄜ	哥歌割鴿擱胳戈肐疙渮牁菏滒麧咯紇隔閣蠽戓戨鴚謌牫牱鎶仡可圪屹扢擖格犵袼鉻鉿閘閤鴐
ㄍㄜˇ	葛哿舸擖魺騔笴合蓋褐峆嶱鍻齃乢盖葢個各
ㄍㄜˊ	格革隔閣葛骼蛤咯膈轕嗝搿郃韐塥觡鬲閤挌佮輵鮯敆茖愅獦鎘齃各緙頜噶翮佫搹滆煂蒚鞈鬳鶷呄敋詥槅諽臈鞟鬴韚匌㭘臵蛒裓鰪假擱杚浩猲砝胳鉀鎑鞷騔髂鮥鵅
ㄍㄜˋ	個各鉻虼箇詻佫硌个亇狢貈介吤
ㄍㄜ˙	個箇个亇
ㄍㄞ	該垓陔賅荄侅峐胲祴絯豥賌隑欬烗喈湝瑎輆蝔鶛炌姟郂晐畡咳核閡骸
ㄍㄞˇ	改妀絠忋胲
ㄍㄞˋ	概蓋丐鈣溉戤摡瓂芥盍闔丏杚廅熆篕鑉乢匄盇盖葢漑槪槩汽磑阣隑
ㄍㄟˇ	給
ㄍㄠ	高糕膏篙羔皋櫜睪鼛槔睾滜韟咎臬嗥蒿嗃塙暠皞碻禚翯髜髇鰝鷎桕皐臯獆噑暤獔嘷墧暭槹獋曍橰皡皥餻髙㟸鷱槁
ㄍㄠˇ	稿攪搞槁縞杲暠檺筶皋睪鄗閣鎬嗃塙滈睾皜碻嚆謞髇鰝夰皐臯菒槀墧撹稾藁瀥藳稁浩蒿
ㄍㄠˋ	告誥郜鋯祰煰窖膏鵠勂哠悎捁梏牿硞筶吿叝祮禞高
ㄍㄡ	句溝勾鉤枸泃篝緱构芶耩佝區搆袧斠簼韝齁区沟鈎鞲褠䵶冓呴拘痀苟軥鴝
ㄍㄡˇ	狗岣枸笱耇茩蚼怐耈豿䔛耉苟茍芶鮈
ㄍㄡˋ	夠購垢構媾彀搆詬遘覯冓姤雊傋瞉簼唦勾句逅构鷇坸玽够訽撀鞲煹呴茩袧豰軥鉤鴝
ㄍㄢ	乾甘干竿肝尷柑坩泔咁疳玕杆矸虷筸蜬鳱嵅訐蚶酣扞犴旰姏拑皯盰玵哻涆酐紺釬閈詌靬頇甝雸馯骭漧魽忓佄乹苷粓亁尶魐攼芉迀凲奸幹汗諴
ㄍㄢˇ	敢感趕桿橄稈澉皯盰赶瞰矸噉撖憨簳譀豃轗矙仠秆擀饏鱤扞捍杆竿笴篢鰔
ㄍㄢˋ	幹贛凎淦紺旰骭詌榦灨涻嵅盰矸涆惍菳澣螒雗鶾汵衦倝檊贑咁干杆竿簳錎
ㄍㄣ	跟根蛝
ㄍㄣˇ	艮
ㄍㄣˊ	哏
ㄍㄣˋ	亙艮茛閬亘珢揯痕
ㄍㄤ	剛鋼缸崗綱岡肛扛杠罡疘釭堽碙棡笐堈犅亢缶韁仜妅灴玒瓨矼豇魟玜娂掆缻罁鎠繮伉抗肮阬頏
ㄍㄤˇ	港崗岡奋㽘溝犺
ㄍㄤˋ	槓杠虹摃戇焵戅鋼
ㄍㄥ	更耕庚粳羹賡浭緪鶊菮揯挭刯畊秔稉絚羮𨁈亢
ㄍㄥˇ	梗耿哽綆鯁埂骾郠挭炚褧峺莄炛㹴硬邢頸
ㄍㄥˋ	更亙堩埂挭浭綆亘䱭恆緪
ㄍㄨ	姑孤辜咕沽估菇菰呱蛄痼箍鴣觚酤泒罛箛鈷鮕夃柧鈲軱家嫴橭枯骨轂怙胍蛌跍哌苽唂笟軲嗗磆呴瓠皋盬蓇
ㄍㄨˇ	股古鼓骨谷穀賈凸蠱汩牯滑罟嘏詁轂鵠瞽臌盬羖蛌扢鈷杚淈狜唃尳榖蓇濲瀔愲縎薣估骰抇岵祜焀跍榾谽縠螖鮕瀫顝鶻鼜淿鼔皷糓餶蛊䶜啒夃沽苦蛄角離
ㄍㄨˊ	骨豰鶻
ㄍㄨˋ	故固顧雇僱錮告估痼梏榾牿堌崮凅棝稒涸婟吿崓鳸怘祻鯝古盬鈷
ㄍㄨ˙	咕
ㄍㄨㄚ	瓜括刮蝸颳呱聒鴰栝适騧胍腡筈葀劀瘑緺懖趏膼佸泒咶蛌萿鈲髺匃哌䒷桰歄諣踻銽捖擖舌銛
ㄍㄨㄚˇ	寡剮䈑冎呱咼
ㄍㄨㄚˋ	掛卦褂罫罣絓詿挂髺袿坬惴
ㄍㄨㄛ	郭鍋蟈堝嘓崞埻墎濄渦過蝸撾咼剮漷瘑緺鞷檛懖霩过鈛鞟櫎叧冎㗻咶彉活矌聒蜮鐹
ㄍㄨㄛˇ	果裹槨蜾輠粿猓淉惈鐹錁杲踝堁婐捰敤椁菓楇綶划蝸蠃褁鍋
ㄍㄨㄛˊ	國幗虢馘摑聝膕漍慖簂蟈嘓槶蔮囯国囻囶圀讗䆐腘唬囗埻郭
ㄍㄨㄛˋ	過瘑薖鐹过划
ㄍㄨㄛ˙	過过
ㄍㄨㄞ	乖摑
ㄍㄨㄞˇ	拐柺枴箉罫
ㄍㄨㄞˋ	怪旝夬廥癐壞圣恠壊叏噲
ㄍㄨㄟ	歸規龜瑰閨圭珪皈傀媯槻鮭槼邽窐溈嫢摫洼烓茥硅筀楏煃觟銈瞡鍷蘣蘳蘬归帰胿亀槣蓕嬀潙炔璝膭瓌郌鬹䲅佹哇巂廆櫰螝隗騩鳺
ㄍㄨㄟˇ	鬼軌詭癸匭晷宄簋佹垝氿姽蟡庪祪蛫觤厬葵睽闋庋湀廆溾粿螝藈藱騩恑攱謉孂陒䤥䤆朹桅祈
ㄍㄨㄟˋ	貴桂櫃跪劌溎鱖昋炔筀柜嶡襘暩會匱瑰劊檜炅嘳圚撌槶蔮瞡瞶禬鐀闠会刏璝瓌鑎鱥㙺鞼攰偽娃媯庋撅概癐硊簂繪茥規觖赽趹蹶
ㄍㄨㄢ	官關觀冠棺矜鰥綸倌莞瘝毌鱞婠悺涫逭痯錧矝萖窤蒄関癏観闗輨淪琯菅閞
ㄍㄨㄢˇ	管館莞琯筦脘痯錧菅斡綰朊嵈萖舘輨幹
ㄍㄨㄢˋ	慣貫灌罐摜盥鸛冠觀丱爟瓘祼矔鑵涫悺悹雚鱹毌懽卝泴㮡樌罆観鏆潅遦串婠果棺櫬權淉琯鰥
ㄍㄨㄣˇ	滾袞鯀緄輥掍蔉混渾袬緷丨衮滚蓘鮌䙛卷惃棍裷錕鰥
ㄍㄨㄣˋ	棍璭掍睔睴謴琯
ㄍㄨㄤ	光胱洸桄珖炚茪銧垙烡絖灮侊咣姯輄僙黆炗炛硄廣恍潢趪
ㄍㄨㄤˇ	廣獷迋臩嚝懭瀇鄺爌穬纊広兤黋
ㄍㄨㄤˋ	逛桄臩臦矌櫎俇光廣撗擴迋
ㄍㄨㄥ	工公功供攻宮恭躬弓蚣紅龔肱觥疘釭篢塨愩匑共幊仜妅玒昮羾舼蛬鈆輁杛侊玜糿糼咣娂宫躳匔髸觵碽䳍龏杠魟
ㄍㄨㄥˇ	鞏拱汞共珙礦栱廾拲蛬穬龔銾鋛鑛孒巩㧬嗊磺蛩輁
ㄍㄨㄥˋ	共供貢羾摃贛烡珙舼嗊幊愩輁輂觨篢渱虹
ㄎㄚ	咖喀哈咔鉲刮呿咯擖
ㄎㄚˇ	卡咳佧咔鉲拤咯
ㄎㄚˋ	喀髂
ㄎㄜ	科柯刻棵顆苛瞌磕蚵蝌軻稞窠珂砢簻薖峇鈳樖犐嵙嗑溘髁嵑酠搕頦魺濭胢萪礚窼匼呵坷榼牁痾趷鉿錒
ㄎㄜˇ	可渴哿坷岢堁敤嶱閜顆酠㞹炣渇嵑棵毼盍碣磕
ㄎㄜˊ	咳殼欬頦壳殻揢翗
ㄎㄜˋ	客課刻克剋喀溘恪嗑可榼緙髁氪騍搕厒勀蚵佫殑愘楁錁髂勊娔尅愙碦礊醘䶗衉堁峇悈歁濭硞科艐龕
ㄎㄜ˙	喀
ㄎㄞ	開揩痎侅奒
ㄎㄞˇ	凱慨楷愷剴豈鎧塏闓鍇颽暟輆覬喈湝瑎磑蝔顗鶛嵦䁗蒈閡雉
ㄎㄞˋ	慨愾愒咳欬烗勓壒概濭忾炌幆嘅槪槩劾喝喫核欯渴溘輆鎎
ㄎㄟ	刻剋
ㄎㄠ	尻訄嵪髛
ㄎㄠˇ	考烤拷栲攷薧洘熇燺丂撟
ㄎㄠˋ	靠銬犒鯌焅鮳搞槁洘熇
ㄎㄡ	摳彄芤袧鏂剾眗䁱刳嫗彀挎毆
ㄎㄡˇ	口劶㸸竘
ㄎㄡˋ	扣寇叩蔻釦鷇筘佝怐滱瞉簆抇傴敂冦宼伛窛蔲區溝茠
ㄎㄢ	刊堪勘戡看龕嵁嵌歁墈磡刋栞盫靬
ㄎㄢˇ	砍侃坎崁嵌莰檻欿轗歁歞埳凵顑堿竷闞偘塪㙳惂輡扻衎
ㄎㄢˋ	看瞰勘闞矙磡衎墈碪譀喊坎崁嵌監竷薟餡
ㄎㄣˇ	肯啃墾懇齦豤錹掯硍肎恳貇狠頎
ㄎㄣˋ	掯硍裉啃褃垠
ㄎㄤ	康慷糠鏮漮嫝鱇忼粇嵻穅躿㝩䆲杭荒邟
ㄎㄤˇ	慷骯忼伉
ㄎㄤˊ	扛摃
ㄎㄤˋ	亢抗炕伉匟囥犺閌邟鈧吭沆阬斻肮苀迒笐蚢貥魧砊坑康杭
ㄎㄥ	坑硜鏗牼吭阬硻銵娙挳鍞傾囥邟笐慳誙妔砊揁摼䃘劥殸硍硎脛鉺
ㄎㄥˇ	挳肯肎忐硻
ㄎㄨ	哭枯窟骷跍挎桍刳顝胐橭窋堀箍郀笟軲圐鮬崫圣古掘搰朏泏矻
ㄎㄨˇ	苦楛瘔狜
ㄎㄨˋ	庫褲酷嚳矻瘔趶厙硞俈秙絝袴焅捁跨齁
ㄎㄨㄚ	誇夸姱荂晇侉舿咼挎桍綔銙咵叧恗絓華跨
ㄎㄨㄚˇ	垮侉銙刳挎桍夸胯跨錁顝
ㄎㄨㄚˋ	跨胯骻垮姱晇銙㐄挎夸髁
ㄎㄨㄛˇ	擃
ㄎㄨㄛˋ	括擴闊廓鞹漷蛞姡霩籗适萿鬠拡挄頢濶鞟噲懖會栝燭筈葀鄺韕髺
ㄎㄨㄞ	咼喎擓叧
ㄎㄨㄞˇ	蒯舀
ㄎㄨㄞˋ	快塊會筷檜劊鄶澮膾噲獪儈鱠駃鬠欳炔蒯瘣廥璯癐瞺旝会块巜凷傀狤蕢魁
ㄎㄨㄟ	虧窺盔闚刲悝鍷茥藈噅巋蘬楏聧蝰蒍顝
ㄎㄨㄟˇ	傀跬頍煃蹞峞揆磈尯猤奎窺缺逵頃魁
ㄎㄨㄟˊ	魁睽奎揆葵逵戣夔騤暌鄈頯聧楏櫆湀馗楑犪躨眭鍷晆鍨虁歸藈踩闋隗頄鮭
ㄎㄨㄟˋ	愧潰匱饋餽喟簣媿聵憒簀蕢瞶槶樻鐀嘳撌騩硊蔮歸腃归帰胿謉籄鑎殨聭䙡䰎糩嬇巋欳睽臾觖
ㄎㄨㄢ	寬髖臗寛完
ㄎㄨㄢˇ	款窾梡欵歀窽棵顆
ㄎㄨㄣ	昆崑坤琨錕焜褌晜鯤菎騉髡惃猑混倱緄堃崐㡓髠蜫裩髨瑻醌罤卵豤頑餛鰥鶤
ㄎㄨㄣˇ	捆綑悃梱閫壼稛硱裍齫棞祵稇閸齦
ㄎㄨㄣˋ	困睏涃梱悃硱碅裍㫻昆
ㄎㄨㄤ	匡框筐誆劻恇洭眶哐邼㑌匩䒰硄軭
ㄎㄨㄤˇ	俇儣懬壙夼懭爌
ㄎㄨㄤˊ	狂誑鵟狅俇仼抂軖呈枉框軠迋逛
ㄎㄨㄤˋ	況礦曠框眶鄺貺壙纊絖懭爌彉怳紖軦矌况眖鋛兤鑛黋丱兄廣湟磺穬
ㄎㄨㄥ	空崆倥箜悾硿涳錓焢谾曌鞚㚚埪鵼控椌穹
ㄎㄨㄥˇ	恐孔倥吼悾空
ㄎㄨㄥˋ	空控鞚羫矼硿腔
ㄏㄇ	ㄇ
ㄏㄇ˙	噷
ㄏㄋㄍ	ㄍ
ㄏㄋㄍ˙	哼
ㄏㄚ	哈鉿𨉣呵蛤
ㄏㄚˇ	哈獬
ㄏㄚˊ	蛤蝦鰕
ㄏㄚˋ	哈
ㄏㄜ	喝呵訶嗬峆堨嵑毼鍻騔抲㰰哈欱苛荷
ㄏㄜˊ	何合和河荷核盒禾褐劾闔閤曷龢涸盍覈蓋貉閡紇滆翮蝎嗑齕郃餲鶡鉌魺鞨菏姀毼熆蒚篕螛礉盉廅楁澕趷匣苛害蚵渴翕赫佮峇峆敆渮袷酠圔滒鞂樖鞈韐鮯鶷齃乢咊柇狢盇釛啝㭱渇盖惒翖萂訸葢詥貈爀鶮哬耠䞦咼哈噈挌揭洽犵籺繳藿輅轄鑉頜麧
ㄏㄜˋ	賀和鶴喝荷嚇赫郝暍嗃熇猲翯佫煂愒黑豁吓咊垎焃袔黒惒碋㵑燺爀蠚鸖隺癋何呼哧壑曷格硅藃褐謞霍鬩鵠鶡齃
ㄏㄞ	咳嗨咍欬
ㄏㄞˇ	海醢烸嗨醯酼浬胲
ㄏㄞˊ	還孩骸頦咳鞋陔豥还畡鞵
ㄏㄞˋ	害亥駭嗨氦嗐絯餀劾咳賅痎搳犗磍縖螛鶷饚㧡侅妎拸猲閡駴
ㄏㄟ	黑嘿潶黒㱄嗨
ㄏㄟˇ	黑黒
ㄏㄠ	蒿嚆薅茠薧鎒
ㄏㄠˇ	好郝㚼㝀
ㄏㄠˊ	號毫豪壕濠蠔貉嚎鶴蚵嗥籇諕勂譹麾呺蚝檺号狢椃獆貈噑獔嘷獋儫㩝鸖唬皋膠
ㄏㄠˋ	號耗浩皓鎬涸昊好灝澔皜顥鄗秏淏滈皞哠悎鰝昦薃饕狊藃号㚪㝀侴恏晧暤飸暭曍皡皥瀥峼傐聕㵆妞暠睾翯
ㄏㄡ	齁呴
ㄏㄡˇ	吼呍犼㸸吽呴
ㄏㄡˊ	猴侯喉篌鍭餱瘊銗翭鯸葔堠鄇緱翵矦睺糇㤧骺帿腄
ㄏㄡˋ	後候厚后逅鱟垕堠郈鄇缿洉姤葔銗緱翭鯸豞睺𢔏鮜侯詬
ㄏㄡ˙	候
ㄏㄢ	酣鼾蚶憨頇魽唅甝谽嫨姏酐佄馠哻歛犴甘
ㄏㄢˇ	喊罕厂蔊豃嚂闞鬫欦浫㙳㘚厈𣛴嵌軒
ㄏㄢˊ	寒含函涵韓邯汗邗榦琀梒鋡焓幹箴肣虷唅菡蜬谽顄汵凾圅娢㖤崡晗㮀𢔈咁嵅椷淊淦甝笒蚶鈐頜馯魽
ㄏㄢˋ	和漢汗旱焊憾翰撼悍頷扞瀚閈捍暵熯晥犴睅菡豻銲釬駻哻涆淊馯蜭頜螒顄雗攌譀鋎鶾含感琀筸嫨咊浛猂莟惒皔傼蛿睻澏蘫屽㢨娨晘貋㺖𤳉𦜆撖旰桿泔涵澉澣灘矸罕肣蔊邯酣靬顩鳱
ㄏㄣ	噷
ㄏㄣˇ	很狠佷拫硍蛝豤鞎詪哏
ㄏㄣˊ	痕拫鞎含噙掀艮
ㄏㄣˋ	恨拫
ㄏㄤ	夯炕
ㄏㄤˇ	酐狠狼
ㄏㄤˊ	行航杭吭頏桁迒苀肮蚢斻貥雽魧沆胻絎筕䘕𨁈珩笐邟
ㄏㄤˋ	行沆桁苀吭巷笐酐頏
ㄏㄥ	亨哼脝諻悙啈訇
ㄏㄥˊ	橫恆衡恒珩蘅桁鴴姮鑅楻誙諻揘佷亨韹堩揯彉緪絚横彍烆狟胻行
ㄏㄥˋ	橫啈澋絎撔横
ㄏㄥ˙	慌
ㄏㄨ	忽呼乎惚滹戲猢欻膴虖吰虍幠寣昒歑烼垀曶啒峘淴謼匢淲糊芴雽罅鏬戏泘苸唿軤嘑雐戯戱歘恗烀匫䓤鍃虎惡芔
ㄏㄨˇ	虎琥滸唬許汻虍虓箎覤諕篪竾筂萀虝淲滹
ㄏㄨˊ	胡湖壺蝴糊狐弧葫鬍瑚餬斛鵠囫縠衚觳醐猢搰鶘槲媩抇鰗焀魱螜瀫楜嘝鶦乎和核泒胍壼鈲鶻咊瓳壷喖惒絗蔛頶鍸鱯隺𠴱𤌍箶䁫㗅㿥汩沍瓠瓡礐縎虖鈷鋘鴩
ㄏㄨˋ	護戶互滬扈瓠怙祜笏冱戽楛沍岵鄠頀枑槴昈嫭婟嫮熩豰綔謢蔰亙斛糊穫芐嘝寣摦熇麧槬槲魱瓁臒韄户戸亘冴沪摢嚛燺耯鱯帍簄嗀嗃姱擭洿淈濩羽胍苦虎虖觷鍙雇雽
ㄏㄨㄚ	花華嘩鷨錵化荂蘤芲蕐吪砉蒍
ㄏㄨㄚˊ	華滑划猾譁嘩驊鏵豁劃崋釫螖曄姡尳搳嬅澕燁縎骹鷨㕲秳㠏㦊磆劐曅曗䅿㒯爗敌蕐䱻侉哇學找澮獪釪鋘
ㄏㄨㄚˋ	話化畫劃樺華嫿摦崋嬅杹觟槬繣澅踝沎罫蘳驊画婳諣舙黊譮畵蕐划叱咶檴稞粿諙輠魤鮭
ㄏㄨㄛ	豁吙呵嚄搉攉火騞
ㄏㄨㄛˇ	火伙夥鈥吙炚邩灬炛扮漷
ㄏㄨㄛˊ	活佸鈥萿秮和姡越趏
ㄏㄨㄛˋ	或穫獲和惑禍霍貨豁壑蠖嚄藿鑊矱檴濩砉雘擭湱騞謋捇沎眓掝嗀嗀瓁臒攉瀖曤矐靃笏窢聝彉濊馘霩臛礭咊㕷咟俰剨获惒旤㕡劐彍礊矆耯癨彠閄蒦㗲奯艧嚿鸌𦑌化漷瓠篧膕諕豰過隻
ㄏㄨㄛ˙	和午咊惒伙
ㄏㄨㄞˊ	懷淮徊槐踝佪怀褢褱櫰瀤獲倠蘹获懐耲㜳圳壞
ㄏㄨㄞˋ	壞坏諙孬咶蘾褱瀤壊喟坯
ㄏㄨㄞ˙	划劃
ㄏㄨㄟ	灰揮輝恢詼暉麾徽墮褌撝隳挼煇翬豗褘洃隓顪鰴拻噅禈虺盔戲黴倠楎諢鍕戏灳咴烣婎媈㡓裩戯䘗戱瀈㿗㷇幑睳𦑩噕椲煒琿皓眭睢蘳鑴
ㄏㄨㄟˇ	會悔誨毀燬賄虺虫烠毇檓譭珛烸会毁泋烜蘬螝
ㄏㄨㄟˊ	回迴蛔茴蚘洄痐恛藱徊佪烠囘冋囬㢠廻廽逥蛕蜖鮰繢違韋
ㄏㄨㄟˋ	會惠匯繪慧彙穢誨賄晦彗諱潰卉蕙濊燴喙恚薈沬翽闠嘒槥篲繢繐蟪璯嬇憓潓瞺譓譿鏸橞廆詴圚蔧獩餯鐬饖芔禬膾彖烠瘣噦噲廥澮獪螝鄶薉繣鏏顪鱠会恵湏絵彚滙詯僡暳䧥膭嚖懳櫘儶譮靧𠱥𡜦寭殨䙡䎚鞼㥣𢕺𦒄墮壞孈徻檅檜洄硊蒐藱蚘襘輠銊
ㄏㄨㄢ	歡驩讙獾犿懽酄鴅豲嚾虇鱹欢覌歓㹕鵍貛懁欥豩貆鸛
ㄏㄨㄢˇ	緩皖澣睆輐諼鍰浣愋攌
ㄏㄨㄢˊ	還環桓圜繯鬟鍰鐶寰闤梡洹瓛貆澴荁萑肒捖羦懁豲嬛狟雈垣峘垸烜楥儇噮彋擐獧雚攌翾蠉鱞环还絙萈寏䦡糫𢕼汍瑗睔瞏綄蒝轘郇
ㄏㄨㄢˋ	換喚宦患幻煥奐渙瘓豢梡逭擐漶垸轘瑍觨瞣肒圂鋎澣鯇攌繯梙喛愌藧鯶鰀烉槵𠈄𤃬嚾援浣灌環皖眩睆綄脘蠸讙
ㄏㄨㄣ	婚昏葷閽惛睯殙棔涽敯睧諙昬惽湣焄
ㄏㄨㄣˇ	混睔掍惛
ㄏㄨㄣˊ	魂渾餛混琿楎餫棞顐鼲繉轋忶俒堚䮝捆揮昆梡梱湷溷煇緄緡
ㄏㄨㄣˋ	混渾溷諢圂慁倱梡觨緷俒焝掍昏棍涽眃緄顐
ㄏㄨㄤ	荒慌肓衁巟嚝塃芒
ㄏㄨㄤˇ	謊恍晃幌洸怳榥熀鎤滉皝晄奛詤皩宺慌汻炾熿爌芒茫荒
ㄏㄨㄤˊ	黃徨惶簧璜磺蝗煌皇凰湟遑隍潢篁喤艎鍠熿韹鰉堭蟥偟穔鷬媓騜崲葟餭撗獚趪揘楻彉諻黄瑝墴彍鐄鱑癀篊荒
ㄏㄨㄤˋ	晃軦幌榥熀鎤晄愰㨪櫎岲曂洸滉潢皝
ㄏㄨㄤ˙	慌
ㄏㄨㄥ	轟哄烘薨訇吽揈渹哅輷谾鍧焢魟薧叿𧥺𩐠嚝巆灴謍
ㄏㄨㄥˇ	哄嗊晎愩
ㄏㄨㄥˊ	紅洪宏鴻虹弘泓訌鋐閎黌竑紘翃浤鞃灴葒耾仜汯竤鈜霟妅玒谹渱舼触谼篊彋瓨苰肱嶸吰羾魟霐鍙㢬宖垬娂峵紭粠嵤綋翝葓潂䉺硡𨌆共揈汪洚蕻
ㄏㄨㄥˋ	鬨汞澒蕻鍙訌澋閧闂哄港虹闀鴻
ㄐㄧ	機基積績蹟激跡姬雞饑肌稽飢奇畸碁箕磯譏羈几机乩屐躋璣幾嘰畿嵇犄齎其期居唧勣禨欚癘羇虀觭霙蛣銈枅丌尐簊虮鐖櫅稘毄樍諅鞿鑇齏笄剞隮鸄癪圾棋刉咭惎敧憿獥錤濝穖齌魕凥卟㚻竒迹㥍喞嵆朞棊筓鳮槣賫躸賷櫀檱韲鷄覉覊㞓嗘僟耭㼄鑙倚呰墼妓庴懠撽擊攲汲緝芨苙萁蘄覘谿跂踑踦鄿隔齊
ㄐㄧˇ	幾給己擠脊戟濟几麂庋蟣剞掎泲踦魕丮穖妀撠紀机邔芑枳鳧橶鞿犱鳬済㦸嵴魢極虮蟻颳
ㄐㄧˊ	及級極即集急擊疾籍吉寂輯脊圾唧嫉汲亟吃棘藉瘠楫岌笈鶺戢殛蹐伋蒺耤芨蕺踖鈒佶堲姞濈襋墼潗鴶嶯洁忣湒极銡狤鏶蝍衱偮庴莋塉槉漃膌蓻橶蕀轚霵彶揤楖秸鞊螏觙戕革戟勣詰劇緝積髻擷蹟鯽丮岋扱昅咭茍咠恄砐迼唶硈聐蛣趌毄憰撠墽諿鮚蟿鰿鷑躤亼皀卽垐㘹郆剧㭲淁焏喞㦸愱稭撃箿䔛瘷檝鍓艥雦雧皍卙脨㗊㗱趞㘍䳭厝吇尐揖瞿簎胔蒩蜡蠀覿諔谻郅
ㄐㄧˋ	計記既紀際繼季寄技妓濟劑繫悸祭忌暨冀騎鯽稷躋薺驥霽薊髻罽覬伎洎瘈跽嚌塈惎漈穧芰蔇痵癠穄鮆鱭鯚鰶旡刉臮裚穊誋鬾瞡檕璾鵋齌懻瀱鱀蘮蘻即其寂廄揖齊儕邔庪紒茤偈徛漃暩瘵黖謖齍艩羇麡彐彑齐坖亝斉卽垍峑剤帺㥍旣梞済㻑兾厩継魝墍廐廏稩褀禝曁襀櫭檵聻斊皍萕葪縘鯯蘎姼幾懠擊櫅汥猗畟疵睽瞉禨穖粢系結肌茍蟿訐諅踑鰿
ㄐㄧㄚ	家加嘉佳傢迦枷袈痂笳珈跏茄葭豭耞麚泇毠鎵鴐猳幏犌貑夾伽咖拁腵鉫擮䕒宊抸挾擖梜椵浹筴袷裌鉿駕
ㄐㄧㄚˇ	假甲賈鉀岬胛斝榎瘕檟婽玾徦椵夏柙瑕笚舺猳犌嘏碬貑赮魻鍜騢麚叚疨斚䘥夓呷押暇蝦
ㄐㄧㄚˊ	夾挾頰蛺莢浹戛郟恝袷筴裌鋏梜跲舺唊硈扴鞂鞈鵊狎俠頡祫秸脥猰硤翜鴶圿忦侠挟埉戞㮖稭浃䛟餄岬拮挈揩揳絜骱
ㄐㄧㄚˋ	價假架駕嫁賈稼价甲夾幏鴐価榢家枷駱
ㄐㄧㄚ˙	家
ㄐㄧㄝ	街接皆階揭偕嗟喈幯結湝薢啑椄菨蝔鶛隔諧勓痎瑎踥癤龤掲堦媘脻嫅煯擑䕸𣶏䃈亥嚌差楷祖秸節罝苴謯鍇鞂
ㄐㄧㄝˇ	姐解姊檞媎薢繲姉毑觧飷她獬袓鍇
ㄐㄧㄝˊ	節潔傑捷竭劫截結杰頡詰桀睫訐拮羯櫛桔孑癤絜偈擷倢劼婕楬碣鮚岊榤犵袺嵑栨騔滐鉣鐑衱迼崨嵥楶趌踕擳瀄鍻蠽昅揤緁巀緳舛揭渴隔泲疌狤勍栔洯荈啑梜楖萐蛣袷蝍裌朅箑蜨磔鋏幯謋鵖卩刧刦刼偼掲渇莭媫㨗魝蓵誱嶻擮櫭礍蠘㔾卪厇㛃蜐㘉蠞𠲵𡩣𦵴唧圾契尐扢椄概洁砝紇紒脥跲鞊髻
ㄐㄧㄝˋ	界借介戒藉屆疥芥誡解唶喈玠蚧犗褯吤岕价砎悈紒祴躤繲尬械嗟隔妎扴昦祄骱廨臩駴齘届畍衸堺楐琾觧魀諎丯庎徣㾏魪嶰拾暨楷籍耤艐蛶雃鶛
ㄐㄧㄝ˙	姊价假價家
ㄐㄧㄠ	教交膠驕焦嬌郊跤澆蛟蕉礁椒茭姣鮫僬憍艽鷦燋詨鱎鐎鵁鷮嘄憿膲穚蟂鷍嶕蟭咬皎喬鉸憔恔挍洨俶珓琡筊劁摎嫶樛潐頝嬓徼燆犞穛簥趭譥鸄乔晈胶敎敫誟嶣癄譤顦齩䶧茮虠佼僥儌嘐嵺憢撟橋湫激矯菽萩蕎轇鄗骹
ㄐㄧㄠˇ	腳角繳攪勦矯絞姣佼餃皎僥剿較鉸狡皦儌筊蟜摷撟捁灚曒漅劋譑煍檄鮫覺唃捔桷湫确憢皛噭墽嬓徼憿撽敿獥礉覈蹻觷譥躈鱎㭂晈烄斍脚覚湬踋撹璬孂譤臫覐㡑暞賋僑僬卻咬喬妖恔摎敥校樔橋潐笅糾膠
ㄐㄧㄠˊ	嚼矯
ㄐㄧㄠˋ	教叫校較覺轎窖皭醮徼噭嶠挍斠珓釂滘窌嘂潐譥窟酵嚼蘸窔嘺撟嬓犞礄趭蹻灂呌泎訆敎斍覚敫嘦譤叽覐漖僬嘄學悎橋激爝獥筊絞繳趫餃
ㄐㄧㄡ	糾揪啾鳩轇湫樛揫勼朻牞觓揂萛鬮灸究虯釓蝤糺虬湬噍丩芁稵鬏赳九愁摎救穋繆
ㄐㄧㄡˇ	九久酒玖赳灸韭糾炙疚柩愀勼虯觓釓韰薤齏乆乣奺糺虬柾紤韮熫韲匶匛舏镹氿
ㄐㄧㄡˋ	就究救舊舅臼柩疚咎僦鷲廄捄慦鯦麔晷宄閰旧柾倃粙媨厩廐廏匶匛玐䊆齨匓殧湫赳
ㄐㄧㄡ˙	舅蹴
ㄐㄧㄢ	間監堅尖兼肩艱奸姦煎緘濺漸箋殲菅戔鞬牋椷縑湔熸蒹鶼廌犍籛豜韉鬋鈃鑯鰹鰜櫼熞蕑揃搛幵菺靬葌鳽餰礛騝鵳瀸虃惤猏麉訐淺閒尷鏗犴掮傔堿媊慊硻葴慳槏蒧蜸鋻豏襉馦鰔鼸姧浅飦碊豣睷銒䊕尶鍳馢瀐魐譼韀礷开冿黬囏凲咸喊孱帴攕沮瑊籈纖蔪趼軒鋑黚
ㄐㄧㄢˇ	簡撿剪減檢揀繭儉鹼柬筧翦謇戩蹇譾趼堿囝鰔挸湕瞼寋藆襺暕瑐件錢鐧騫帴媊揃僉噞嬐憸襉攓鐱鑳倹减梘検詃絸戬碱銭謭瀽蠒鹻弿前劗咸揵楗橏涀煎犍箴籛茧閒間險鬋鰎鹹齊
ㄐㄧㄢˋ	見建健漸件間監鍵鑑箭劍艦鑒賤踐諫毽薦餞腱濺僭檻閒洊俴牮栫楗珔瀳澗瞷荐諓榗糋鰎蔪鋻螹襉糮鑳峴莧筧儉韉俔娊挸涀揵湕睍廌煡犍粯葥僣摲壏覮鞬轞侟倹剣悓臶㨴劎㵎趝劔瞯鍳擶繝鏩鐗鐧譼韀鑬徤旔劒踺礀塹寋朁淺湔濫煎犴茛袸譖跈鍊鐱
ㄐㄧㄣ	今金禁津斤巾筋襟矜浸觔衿祲瑧菳珒埐紟嶜惍鈐伒坅岒庈忴扲昑肣蚙軡堻靳靲鬿斳鳹矝黅鵭兓荕濅䃸濜璡竻肋釿
ㄐㄧㄣˇ	緊僅錦謹儘覲瑾饉槿墐殣堇慬菫巹婜掔廑蓳瘽嚍螼騹卺厪嫤漌懄䐶斳盡紾
ㄐㄧㄣˋ	進近盡禁晉儘浸勁覲燼廑噤靳縉僅藎妗贐寖搢肵璡賮嬧榗僸蓳瘽嚍濜璶伒溍瑾饉坅昑枃肣埐蚙堇祲葝鄑靲墐戩殣澿尽晋唫厪嫤戬瑨馸凚歏㯲劤濅齽吟嬐慬湛煡笒紟臸金鋟
ㄐㄧㄤ	將江疆僵漿姜薑豇殭韁螿橿茳礓瓨翞鏘矼墏嶈将畕畺葁摪壃繮疅彊槳糨蔣
ㄐㄧㄤˇ	講獎蔣槳顜膙傋耩奨奬鞲將
ㄐㄧㄤˋ	降匠醬強將絳糨洚謽嵹彊弶袶虹漿嶈鏹匞夅将强摾滰蔃糡弜犟疆紅
ㄐㄧㄥ	經精京驚睛莖晶菁更兢涇鯨荊旌粳黥箐鶄巠婛旍鵛鶁鼱麠仱惊青耕痙弳挳婧桱殌牼硜羥蛵翞蒯誙鋞坕靑亰畊秔茎婙寈経稉腈荆葏摾䃘薓猄聙鹶麖徑晟殑氏蜻醒
ㄐㄧㄥˇ	景警井頸阱儆璟憬剄璥丼肼憼暻蟼燛境擎汫幜澋鵛汬穽頚璄䜘擏烴獷睛
ㄐㄧㄥˋ	敬竟鏡靜境淨競逕徑靖勁凊脛痙獍倞靚竫婧桱俓凈葝擏弳莖兢請檠汫肵剄挳殌牼硜羥摬誙儆樈憼璥蟼妌径浄茎梷竧傹滰誩踁静䃘曔㯳瀞竸净井殑精經陘靘
ㄐㄩ	居拘駒沮疽蛆狙俱車据鋸裾苴趄罝菹娵椐腒崌痀琚雎涺葅鮈鶋斪揟蜛踙輋且咀倨砠踞齟岨凥抅俥倶婮鴡眗仇佝匊告娶挶捄掬揈梮泃租臄踘軥鋦陱鞠鞫驕鬻
ㄐㄩˇ	舉矩咀莒沮齟櫸筥踽蒟椇柜竘袓跙蝺佝狙枸砠苴菹趄萭籧弆挙榘聥擧岨拒拘疽郰鉏鋤
ㄐㄩˊ	局鞠菊橘掬跼桔挶鞫侷匊踘鋦鵙鶪椈焗淗驧狊梮郹犑輂箤趜鵴蘜鼳陱駶拘鴃譎麴佢扃匑湨憰潏閰璚輷瞲鐍抅毩婅鄓粷諊躹鴂匔麯蹫巈泦毱僪屈拱蓻趉蹻雛鼰
ㄐㄩˋ	據句具巨劇聚俱拒距鋸懼鉅炬詎遽倨瞿踞颶泃苣窶醵屨秬虡寠鐻佢据粔姖怚絇足耟岠埧蚷駏澽貗躆洰焣壉犋叵沮噱璩怐朐柜狊耇胊痀竘崌涺翑蚼袓椐椇琚腒菃跙軥郹犑豦裾懅鮈臄螶鼩鶪鼳坥怇拠邭昛歫倶冣剧埾惧耈鄓愳勮璖鮔㵵嚯簴耉㖸檋姐渠珇簍菹蒩蔞蘧處趡鄒鄹雛駒
ㄐㄩㄝ	噘嗟撅屩繑蹻
ㄐㄩㄝˇ	蹶袦蹷
ㄐㄩㄝˊ	決覺絕爵掘嚼訣厥獗蹶蕨崛攫倔炔抉噱矍觖角孓玨劂橛爝譎屩觼玦腳臄蕝躩戄桷潏鴃貜趹鱖傕嵑瘚蠼鐍钁玃捔芵焆鈌蚗谻赽僪憰蟨彏鱊鷢堀殌穱袂較夬吷埆矞駃噘嶡撅璚瞲鵙蹻鶪皭灚釂亅决刔妜弡挗珏疦砄欮斍脚焳絶覚逫勪瑴踋撧熦觮鴂橜蟩嚯屫蹷爑髉鞽欔鱥龣孒叏氒覐㖸爴憠鐝矡崫乙匷壆屈梏構泬燋狂穴繘蕞虳蛙觳趉闋闕騤鶌
ㄐㄩㄝˋ	倔𠄌撅
ㄐㄩㄢ	捐娟鵑涓鐫圈蠲朘身脧裐狷絹悁梋焆琄睊蜎鋗鋑鞙駽姢剶圏瓹鎸勬泫
ㄐㄩㄢˇ	捲卷埢菤臇蜷踡婘惓犈腃綣蔨錈鬈巻埍㷷孉奆圈帣擐蕊
ㄐㄩㄢˋ	倦卷眷絹雋悁狷圈獧睊睠罥鄄帣錈腃韏鬳弮悛牶絭菤楗臇蠵觿鑴驨劵巻隽淃圏瓹飬慻㷷襈桊䣺餋羂觹觽婘巂惓捲棬甄眩縳萒蔨鋗
ㄐㄩㄣ	軍君均鈞皸囷麇莙鮶桾蚐袀頵龜碅裙呁枃峮捃焄珺赹憌鍕鵘鼲㚬汮帬亀裠皹銁銞攈鵾麕攟覠麏旬筠菌鋆
ㄐㄩㄣˇ	窘蜠
ㄐㄩㄣˋ	俊菌郡峻竣雋濬駿蕈浚珺畯焌捃餕箘寯晙呁鵘葰蔨甽璿紃朘脧莙逡踆鵔夋侰埈陖隽㑺睃䇹箟儁懏𤀹䕑鵕攈攟㖥㕙𣽊𤩅觹觽卷棞焞燇狻蜠訇
ㄐㄩㄥ	扃坰駉冂垧埛駫䮐冏坷泂浻瀅絅顈
ㄐㄩㄥˇ	窘迥煚泂炅絅褧冏熲囧皛炯幜顈坰炚扃浻迵駉冂垧埛逈烱䢛綗煛駫䮐蘏炛僒昋熒燛臦臩鎣
ㄐㄩㄥˋ	澃
ㄑㄧ	七妻欺戚漆棲悽淒柒萋慼溪沏諆郪娸鸂嘁悊榿磎倛咠栖谿凄唭徛桼僛緀磩霋魌鶈攲崎期緝抾傶豯鼜捿朞嵠慽豀紪䗩敧吃宿恓槭欹碕蛣螇諿踦蹊迉鏚
ㄑㄧˇ	起啟豈乞綺杞稽綮屺棨敧芑婍邔芞呇企覬刉忔犵盵釳隑暟榿麧颽启玘盀唘啔啓䄎裿諬晵袳闙崎己梩气碕觭跂齮
ㄑㄧˊ	其期齊奇旗騎祈棋祺碁祁崎琦岐歧琪麒鰭畦臍祇耆淇跂枝綦騏衹蘄圻錡旂萁蜞埼蠐頎懠艩蚔軝藄鄿鯕鬐蚑錤掑岓碕翗釮亓蚚稘鬿踑鮨鶀鵸玂麡濝示俟畸畿儕薺霽忯肵倛剞唭娸婍徛惎攲敧搘榰鬾觭諆諅踦櫅璾齌懻鑇齮齐亝斉芪竒帺㥍朞棊竢粸綨蜝褀璂禥櫀檱弜剘斊萕愭㓾綥䳢猉七丌伎勤幾忮扺技抵支濟疧禨蟣逗鐖隑饑騹
ㄑㄧˋ	企氣器汽棄契砌泣迄訖汔憩緝亟葺磧栔愒妻蟿鏚盵蚑忔湆气諿湇甈鼜乞屹紇戚揭隙囂仡犵阣沏芞咠籺恝趷偰唭跂釳揳湒蛪滊熂瘈禊褉鎎餼齕㐹呚弃矵炁洓欫掲焏硆摖隟噐憇磜礘嚻呮㞓敌䞘暣夡伎倛偈切刺吱悽愾扢扱挈槭漬甭磩絜綦罊肐薺趿踖躩
ㄑㄧㄚ	掐葜㤉佉愘搳擖袷
ㄑㄧㄚˇ	卡酠跒價
ㄑㄧㄚˋ	恰洽帢愘殎冾垥烚珨楬跲圶胢㓤咭客挈矻硈磍絜髂鮚
ㄑㄧㄝ	切聺脞
ㄑㄧㄝˇ	且怚跙
ㄑㄧㄝˊ	茄伽癿
ㄑㄧㄝˋ	切竊妾怯愜挈篋鍥契朅踥鯜蛪緀藒洯砌灱沏唼菨趄媐慊緁灲矵匧窃帹㤲淁笡磜悏㾀㰰穕䟙倢厒喋嗛婕捷椄渫漆猰疌蕺蛣跙輵鐑鰈
ㄑㄧㄠ	敲鍬橇撬蹺磽蹻墝幧繑髜鐰鏒塙鄡墽骹庨郻頝俏悄雀鄗誚毃敺趬鄥鍫嵪劁喿幓搞摮校橋橾毳燆碻磝礉窯繰蕉跤踍銚
ㄑㄧㄠˇ	巧悄愀鵲雀燋頝釥愁磽髜
ㄑㄧㄠˊ	橋瞧僑喬樵翹憔蕎礄譙簥趫燆劁嘺憍嫶敿招蕉荍嶕嶠撟潐獢犞磽穚繑蟜譑趭毊鱎乔嶣癄䎗藮鐈顦槗㝯䀉焦燋睄菬醮驕
ㄑㄧㄠˋ	翹竅俏峭鞘誚撬蹺殼帩撽躈譙獟礉壳殻䇌髚韒鞩㚁陗僺偢削嘺噭墝墽悄捎硝磽箾茭譑踃顤
ㄑㄧㄡ	秋邱丘蚯鞦鰍鶖楸坵萩偢緧媝蓲趥龜恘蝵蟗蠤啾愀揪鍬揫煍瞅踿丠㚱㳋亀噍篍鍫矁龝鞧鱃㐀區惆橚櫹湫遒
ㄑㄧㄡˇ	糗螑搝
ㄑㄧㄡˊ	求球囚仇酋裘遒毬泅鰽逑俅厹璆絿艽虯蝤觩賕盚銶頄鼽訄犰朹梂釚煪苬紌脙莍崷僋蛷鮂鯄殏猷觓唒捄偤揂趥輶㕤叴扏汓肍虬訅浗逎渞湭皳鰌玐䊵㞗輏醔巰氿趜釓馗鳩
ㄑㄧㄡˋ	䟬愀踆
ㄑㄧㄢ	千鉛遷簽牽謙籤嵌仟阡韆騫愆僉慳搴褰粁岍汧縴芊掔扦檶鐱婜羥攐攓顩奷忏顅麉櫏虔縑殲纖讖寋鈆雃僊嗛舝鋟褼謇韱藆孅瀸櫼鶼鶱躚襳虃鑯圱圲汘杄迁茾拪䊹摼撁熑艌厱諐韯燫瀐覵鵮攑籖纎臤蚈孯蹮鬜谸兛寨幵揃杴瓩磏開鳽
ㄑㄧㄢˇ	遣淺譴繾槏撖忏蜸嵌潛嗛隒諓輚醆鼸欦浅膁潜濳㹂嵰凵唊慊歁脥顩齦
ㄑㄧㄢˊ	前錢乾潛黔鉗虔箝鈐掮媊揵燂拑灊黚忴扲岒漧葥鳹騚鰬仱姏蚙軡榩柑湔僭赶揃雂瑐墘嶜糋羬熸鬋乹歬偂亁碊銭撍潜橬濳鵭䐶䕭朁涔漸灒煔燖犍筋腱葴蕁鉆鍼靬馯騝
ㄑㄧㄢˋ	欠歉倩慊茜塹芡傔嗛槧縴篟綪棈蒨輤嵌謙忺咁杴欥俔婧箐靚悓婙皘艌蔳壍嬱肷㟻儙廞欿淒牽芊遣錎鰜
ㄑㄧㄣ	親侵欽衾駸嶔綅瀙鋟撳唚梫寑菳廞顉儭亲媇搇誛澵儬鮼寴浸滲頜
ㄑㄧㄣˇ	寢昑寑曋螼坅顉侵鋟赾寝梫笉
ㄑㄧㄣˊ	勤琴秦禽擒芹檎覃噙懃芩螓鈙嫀斳耹靲澿庈肣蚙軡雂鈐黔覲衾慬瑧蓁嶜縥轃珡捦䓅琹菦嗪懄㩒䥅蠄埁埐堇墐廑忴扲梣槿溱瘽矜菳蘄鈂鬵鳹
ㄑㄧㄣˋ	沁撳唚菣嚫吣吢㤈抋搇臤儭櫬欽瀙藽衿鈊顩
ㄑㄧㄤ	槍腔鎗羌嗆搶鏘鏹蜣蹌斨瑲椌蹡錆矼嶈將牄謒唴戧錓将羗啌猐溬摤篬羫創慶戕控箐跫鶬
ㄑㄧㄤˇ	強搶襁磢傸墏繈彊鏹强摤繦勥羥槍
ㄑㄧㄤˊ	強牆薔戕墻嬙檣爿漒蘠廧彊繈嵹膙糨襁謽强蔃糡繦艢
ㄑㄧㄤˋ	嗆羻唴熗蹌戧蹡摪搶鎗
ㄑㄧㄥ	清青輕傾卿氫蜻頃鯖圊氰狅郬菁請凊埥崝掅烴棈碃羥箐綪漀輤錆蹞鶄鼱鑋靑婙寈淸軽䨝廎慶靘
ㄑㄧㄥˇ	請頃廎傾掅綪輤錆苘㷫檾涇漀磬綮莔謦
ㄑㄧㄥˊ	情晴擎傾檠勍殑樈殌請鯨狅葝擏黥啨暒㯳夝甠氰精
ㄑㄧㄥˋ	慶罄親凊綮謦磬漀汫鑋靘掅碃罊請蟿羻亲媇濪殸倩廎清渹硜箐胜輕
ㄑㄩ	區屈驅趨軀嶇曲蛆瞿袪敺蛐佉砠胠岨祛呿凵抾阹镼魼鶌鱋紶髷屆疽崛樞毆麴沏浀啒淈詘趄摳貙区伹届岴枢殴唿躯筁趋憈誳駈麯鰸䖦駆𨧱𡲬去取怚焌組脥趍趜趣跙鞠鞫騶
ㄑㄩˇ	取曲娶齲浀紶娵跔竬㾀詓竘苣蝺
ㄑㄩˊ	渠劬麴衢蟝瞿籧璩氍蘧磲蕖朐軥鴝翑葋豦懅螶鼩匷灈欋臞蠷躣胊斪淭菃翵蛐絇蚼跔璖麯忂戵癯鑺鸜佢句巨枸蠼遽鉤鐻鮈
ㄑㄩˋ	去趣娶漆覷闃湨麮刞鼁且佉呿抾阹胠祛紶袪鉣魼厷厺覰覻閴黢蜡誇趨跼
ㄑㄩ˙	去戌
ㄑㄩㄝ	缺闕蒛炔決蚗
ㄑㄩㄝˊ	瘸
ㄑㄩㄝˋ	卻確鵲雀怯闕榷搉恪殼闋愨騥埆确碏碻礐硞皵毃礭佉抾阹胠砳祛郤紶袪谻傕塙鉣魼礜却壳郄殻愙墧慤燩灍隺魥㲉屈攉汋舄芍觳踖鳥
ㄑㄩㄢ	圈悛棬弮絟惓峜圏箞卷恮腃酄鐉駩
ㄑㄩㄢˇ	犬綣甽畎琄虇汱圈烇裷呟犭圳
ㄑㄩㄢˊ	全權泉詮拳銓痊顴蜷筌卷荃鬈牷輇佺犬踡醛恮婘犈觠駩巏齤蠸姾瑔跧縓灥豢烇牶惓絟蟤鐉虇㒰巻洤硂湶搼葲権騡孉鰁圈埢拴捲栓棬槫狋獾矔純腃謜譔鸛
ㄑㄩㄢˋ	勸券牶烇絭圈劝勌圏勧箞串灥韏
ㄑㄩㄣ	逡踆峮碅蜠輑囷箘遁
ㄑㄩㄣˇ	蹲
ㄑㄩㄣˊ	群裙宭峮麇帬羣裠麕麏
ㄑㄩㄥ	芎穹銎桏宆焪熍跫鞠
ㄑㄩㄥˇ	褧顈
ㄑㄩㄥˊ	窮瓊芎穹跫蛩惸邛璚藭瞏煢筇輁藑桏赹笻橩蒆觼舼敻嬛矎讂卭宆棾焭琼䤝睘儝竆憌琁瓗蛬銎
ㄒㄧ	西希吸攜嘻犧稀悉溪析蟋熙禧膝棲釐嬉兮犀晰羲畦曦僖蜥扱熹奚盻觿譆晞欷蹊樨巇淅皙唏烯傒徯恓窸粞豨醯鼷氥浠燨瓗疧酅媐巂悕睎硒蠵鑴榽歖爔琋螇俙徆怷娭屖谿莃菥僁橀螝豯貕鵗騱驨郋桸惁凞誒礂屎訢萋墀撕璽恄栖狶茜梊瓻慀磎螅蟢孈鸂忚吚忾㛓牺胿捿焁焈晳焬厀嵠携熈噏嬆蔳㩗擕暿熻熺壐瞦䁯豀㩦黊鏭儶㼇隵㰕讗卤怸玺𠴭唽㓾㗭燍㬢繥觹鬹觽𢹂𡾞饎咥咦咭喜夕嶲息惜戲昔歙汐潝焟熄獻瘜矽碏穸緆羛義翕肸脅腊蒠虒蜤裼詑郗鄎釸錫錯雟
ㄒㄧˇ	喜洗徙璽鰓屣蓰囍枲蟢縰蹝匚狶諰簁葸漇敼僖嬉禧譆洒歖礂褷鍌饎匸杫愢葈憘憙壐簛糦籭躧玺鉩奊灑瓕纚謑釐銑
ㄒㄧˊ	習昔息席惜媳錫襲熄蓆褶檄覡濕隰裼嶍螅鰼腊槢焟謵鎴欯棤蒠瘜獥薂霫飁騽蝷夕汐矽悉憩郋唶庴釸僁慴緆踖褯雭漝蒵趘憇齚怸椺趞嵇徯擊莔蜴謑騱驨鰓鼳
ㄒㄧˋ	細戲係系繫夕汐隙歙鬩翕穸咥衋屭綌肸鄎醯餼滊褉潟舄矽鑴卌怬釸鎎釳赩郤熂覤蕮黖謑虩忥恄摡禊齂愾扢妎呬盻籺傒塈慀緆獡罊霫闟蘻戏欪郄屓赥椞翖舃嘅墍犔蒵隟戯戱䦧嚊韢霼肹稧縘磶䮎嚱潝卻呰既欯氣蔇謚鈒
ㄒㄧ˙	西
ㄒㄧㄚ	瞎蝦岈颬鍜呀嗐磍谺㗇閕鰕豄傄敮呷毳煆瘕魻
ㄒㄧㄚˇ	閜
ㄒㄧㄚˊ	暇峽轄霞俠狹挾匣呷遐硤狎瑕斜黠柙祫洽舝碬騢搳烚冾笚縖珨陜磍赮魻蕸邪恰陝愜脥鍜侠叚峡挟炠狭衺捾㭱陿睱縀鎋䕸陕翈筪假嗑夾徦押欱歃浹給舺葭螛郃鶷
ㄒㄧㄚˋ	下夏嚇廈暇煆罅芐欱鏬鶷磍諕縖丅吓㙈厦睱疜㰰懗夓假呼哧唬嗄謑
ㄒㄧㄝ	些歇蠍蝎猲褉嗋楔碣羯燮偈堨揳毼㱔礍爕滊獦
ㄒㄧㄝˇ	寫血蟹舄写舃藛蠏
ㄒㄧㄝˊ	協鞋斜脅諧邪偕頡挾絜攜擷勰纈襭脥慀劦蝢垥拹籺奊龤愶搚瑎熁燲頁鮭蠍姭嗋緳叶协旪恊挟峫脇衺翓携綊綇㩗擕㩦鞵膎𦳃夾孈接揳摺桔梋歙汁湝眭耶苴裌鍱魼
ㄒㄧㄝˋ	謝械洩屑瀉懈卸泄蟹解屜褻榭契駭廨渫邂燮楔絏薤紲媟嶰澥瀣獬躞灺疶鞢骱駴偰檞齘伳妎祄榍韰屧焎揳齥脅寫潟嗋愶熁燲薢齛写斺炨炧脇衸烲屟絬㻡觧暬緤噧爕蠏譮缷徢碿糏偞僁吤唏喈枻槷欸殺溉潰繲蝑褉觟諜豫跬躠迦隰齂
ㄒㄧㄝ˙	謝
ㄒㄧㄠ	消銷蕭瀟宵逍囂簫削硝霄哮驍梟蠨枵魈鴞嘵綃嘐歊潚烋獢虓蛸痚憢灱呺穘洨涍痟萷踃膮藃櫹髇毊虈庨啋窙顤謼肖屑猇揱翛榍鄡箾橚熽蟂髐灲侾奞婋焇硣嘋鄥撨䲷簘鴵蟰嚻宯彇㩋俏叟呼咻哨唬嗃嘮捎搜撓梢熇燆獟睄縿脩莦謞譊騷驕骹鵁鷍
ㄒㄧㄠˇ	小曉筱篠謏暁皢皛簫轇
ㄒㄧㄠˊ	洨笅郩爻肴餚斈胶誵斅佼姣崤殽淆筊絞
ㄒㄧㄠˋ	校笑孝效酵嘯肖傚恔熽踍哮挍庨涍痚窙効咲俲㗛嘨撨歗关娎藠俏哨嗃奡殽漻澩爻狡芍茭薂詨較霄鷕
ㄒㄧㄡ	修休羞脩咻庥貅髹饈鵂滫樇臹茠銝蓨鎀潃恘烌蓚髤鏅飍俢㳜鱃櫹烋煦脙
ㄒㄧㄡˇ	朽宿糔休枵滫潃鴞
ㄒㄧㄡˊ	苬
ㄒㄧㄡˋ	秀繡鏽袖嗅宿臭銹琇溴岫珛玊殠褎螑綉璓褏繍鏅鏥齅臰嘼莠
ㄒㄧㄢ	先仙掀鮮纖暹姍孅憸躚銛秈韱枮氙馦嬐仚屳奾杴忺澖灦祆僊嘕蓒褼廯襳珗屾佡侁胘赻筅綅詵錟駪薟攕鶱虃彡姗欦籼苮箲韯嬜纎鱻酰銽蹮妗姺揱搟縿蘞跣釤銑
ㄒㄧㄢˇ	險顯鮮癬蘚銑燹跣嶮蜆姺尟譣幰獫獮玁筅韅毨烍鍌搟鼸齴赻攇禒洗冼暹洒珗兟鋧廯灦㧥㭠尠箲礆顕鱻㬎䥪仙憲濂灑省禰軒
ㄒㄧㄢˊ	賢閒嫌咸鹹弦銜絃嫻嫺涎啣舷閑癇諴蚿憪鷴娹葴胘蛝羬燅礥鷳唌玄炫眩鉉僩箴伭妶泫昡玹惤袨嵅嗛瑊撊澖誸襉顑鰔麙痃婱衘詽僴甉㯗㵪輱醎癎簚藖贒鷼臤訮稴咁堿慊慳探撏溓盷瞷矣肩
ㄒㄧㄢˋ	縣現線限憲獻羨陷腺餡莧霰俔僩峴晛睍豏轞涀瀗粯娊撊錎姭先見賢埳淊硍羡萏窞蜭幰攇甗巘瓛讞咞哯垷悓軐唺絤塪献蛿䧟僴綫膁誢橌懢麲臔藖贒臽䱤櫶壏寰憪捍搚槏溓筧糮綖脅蜆譀軒鋧鏾闞顈顯鮮黹鼸
ㄒㄧㄣ	心新辛薪欣鋅馨鑫莘炘歆芯昕訢鈊盺兟廞忻妡噷掀伈伒忥杺斪惢焮騂邤俽惞忄㣺款馫
ㄒㄧㄣˇ	伈
ㄒㄧㄣˊ	尋鄩杺攳襑鬵撢枔橝礥鐔
ㄒㄧㄣˋ	信釁芯焮舋膷囟妡煡阠蕈庍杋訄衅訫馸顖卂愖憖興
ㄒㄧㄤ	鄉相香箱湘襄鑲廂驤緗薌瓖纕欀葙忀曩舡萫曏膷勷皀啌郷鄊鄕麘儴啍蘘
ㄒㄧㄤˇ	想響享餉饗鯗饟晑晌嚮崞亯响銄鮝鑜鱶亨攘曏薌蠁鄉
ㄒㄧㄤˊ	詳祥降翔庠羊吀夅佭哶栙絴跭鴹䜶洋瓨迒
ㄒㄧㄤˋ	巷向相像項象橡嚮曏蠁萫闀蟓襐鐌鄉恦潒鱌餉樣姠晑缿銗澒珦郷鄊鄕銄嶑様闂鑜勨傢衖降鬨
ㄒㄧㄥ	興星猩腥馨惺騂煋瑆胜垶蛵觲馫醒狌觪鮏曐嬹鯹篂皨嫈箵
ㄒㄧㄥˇ	省醒擤渻惺睲箵
ㄒㄧㄥˊ	行形型刑邢陘硎鉶餳侀烆洐胻鋞濴娙絎鈃雃滎坓郉銒糃巠熒研
ㄒㄧㄥˋ	行興性幸姓杏倖悻荇婞莕涬啈矎緈嬹臖鋞
ㄒㄩ	須需虛鬚噓墟戌胥訏吁歔盱嬃繻殈旴呴楈嬬鑐欨倠稰縃蝑蕦驉魖晇幁揟糈于嘔樨謣覷鱋亏扝偦虚虗嘘覰譃覻呼圩姁朐欻湑砉窢緰芋蓲藇諝雩頊魆
ㄒㄩˇ	許栩煦咻詡冔姁湑諝醑鄦珝喣休呴沀昫祤滸糈偦綇繏盨暊稰胥訏諿
ㄒㄩˊ	徐余邪俆衺蒣謳鉏
ㄒㄩˋ	序續蓄緒敘絮旭恤卹酗婿畜洫旮侐慉漵藚頊芧藇魆勖勗訹鱮烅怴垿窢瞲銊沀昫瞁戌煦殈淢揟欻鈙獝馘伵汿叙䘏欰珬惐敍壻賉槒潊盢聟稸緖魣歘肷㖅溆㜅嘼休咻妶姐嶼怵恓掝朐湑滀烼矞蚼規鉥
ㄒㄩ˙	蓿
ㄒㄩㄝ	薛靴噱嶨吙辥嚯鞾㖸㗾削哮疶蒆韡
ㄒㄩㄝˇ	雪鱈
ㄒㄩㄝˊ	學穴鷽觷踅燢澩壆尋嶨斈斅雤乴学㶅噱岤袕
ㄒㄩㄝˋ	血雪穴削趐泬謞岤袕屑吷狘穸箾桖㕰坹怴決泧滈炔瞲謔蹻
ㄒㄩㄢ	宣軒喧瑄萱暄亘壎儇諼塤嬛揎翾諠愃晅鍹梋煖萲愋佡昍鋗媗禤蝖蠉矎渲暖仚搟楦蓒懁駽坃㘣弲煊煗睻箮翧蕿藼蘐壦暅譞咺擐昕烜狟蜎
ㄒㄩㄢˇ	選咺烜癬选喧撰晅顈饌
ㄒㄩㄢˊ	玄旋懸漩璇璿伭妶琁玹嫙誸還縣蜁弦絃舷盷胘娹惤蚿蔙縼还婱暶䁢檈䲂䴉儇嬛泫滋玆瓊盤鏇
ㄒㄩㄢˋ	炫絢漩眩泫渲旋眴楦敻鉉衒蔙駽鞙鏇昡楥袨縼讂贙陷琄怰姰䧟夐駨繏矎券揈洵涓澴煇玄玹絃絹選鐶
ㄒㄩㄣ	勳薰燻熏醺峋曛焄獯纁臐蔒勛矄勣葷壎塤窨坃姰勲薫爋蘍壦煇篔
ㄒㄩㄣˊ	尋巡詢循旬馴潯珣蟳洵荀徇恂峋栒燖璿紃郇鱘槆撏枔咰璕橁蕁噚殉攳燅燂襑灥伨廵杊狥毥偱樳駨鱏畃㵌侚悛揗潭爓眴絢蟫遁鄩
ㄒㄩㄣˋ	訊訓迅遜殉馴徇巽汛蕈噀侚潠迿孫丮阠熏伨巺狥訙奞殾賐爋顨鑂壎愻梭洒浚濬狻稄筍逡鑫
ㄒㄩㄥ	兄兇胸凶匈洶忷哅恟酗勳芎汹胷訩詾
ㄒㄩㄥˇ	昫
ㄒㄩㄥˊ	雄熊赨熋能
ㄒㄩㄥˋ	敻詗焸夐
ㄓ	之知隻織支枝汁只吱芝脂肢蜘祇梔祗氏枳ㄓ胝鴟卮搘秖跖鳷汥秪榰胑衼椥氐芰衹庋疧栺鬾謢攵巵栀秓祬綕馶㯄鼅倁疷鴲媞戠指擲智泜禔稙臸蘵跂躓
ㄓˇ	只指紙止旨址徵祇趾祉咫枳酯恉沚阯芷黹軹疻晊厎坁藢栺淽滍抵砥詣忯扺汦秖蚚軝鮨夂帋抧拞杫砋䇛祬茝訨筫徴襧劧祁絺耆脂蚔衹觝
ㄓˊ	直職質值植執殖擲姪侄蹠蟄躑埴稙摭縶柣犆秷擿馽慹樴膱懫蟙褁瓡嬂蘵拓蛭戢摯躓挃烢跖戠蓻謺贄蹢櫍礩騺鷙鑕执坧妷値聀釞貭禃綕墌漐𡸜㨁瓆軄豴指樀淔臷酈
ㄓˋ	至制治志製致置智秩誌稚質峙緻幟滯摯窒炙痔雉識懥痣輊騭帙陟知寘忮桎躓蛭贄鷙厔鑕豸庤彘猘畤疐紩觶郅銍偫跱遰鋕櫍袟騺淛狾胵膣挃洷覟庢鴙迣翐臸駤祑觢鴩灸值掣絰耋熾遲伿咥垤晊罝荎秷窐廌滍瘈嬂潪薙懫垁斦洔値娡徏耊秲袠貭赿崻搱筫腟遅遟熫㻰稺儨穉隲豑芖徝㨁觗㨖䎺旘璏䭁劕𨑨𢙺𡍶𢕞憄𦤹驇之乿伎傂剬坁埃墆實恃扻捗摨擲擳擿支昵晢杝柣楖樲櫛歭泜瀄礩示稙織虒螲踶蹛銴阤鳩鶨
ㄓㄚ	渣扎喳楂查齇柤皻抯挓樝謯眨奓觰譇査揸偧摣齄劄吒咋哳囃溠潳紮蔖藸蹅齟
ㄓㄚˇ	眨渣鮓厏苲扎砟詐扠搩䕢㴙䃎踷插苴觰謯
ㄓㄚˊ	扎札紮閘炸霅鍘哳劄蚻譗蠿癿煠紥剳牐耫𨰉軋偞喋擖渫箑鞢鰈
ㄓㄚˋ	榨柵炸詐乍搾蚱咋蜡吒溠砟醡鮓痄簎笮閘酢灹咤栅䄍齚宱䖳𢕮𧨊哆喥奓怍柞苲霅齰
ㄓㄚ˙	蚱喳
ㄓㄜ	遮螫晢嫬折嗻庶蜇謶
ㄓㄜˇ	者赭鍺摺遮堵褚褶
ㄓㄜˊ	折哲摺懾褶謫輒摘轍慴蜇磔乇讋晢鮿耴悊砓謺虴鸅讘瓋浙翟鏑囁焎皙裚馲蟄扸籷埑晣烲喆棏輙銸嚞礋䕪讁厇歽啠襵嘀慹攝樀矺粍耷聑聶軼適陬鷙
ㄓㄜˋ	這浙蔗鷓柘宅檡烢蟅挓跖这嗻樜䗪斥淛潪
ㄓㄜ˙	著遮晢嫬着
ㄓㄞ	摘齋齊捚霽齐亝斉夈斋斎膪䔝斊榸𩱳側嚌擿牴
ㄓㄞˇ	窄岝鉙䍉厏
ㄓㄞˊ	宅翟擇垞挓烢択度檡
ㄓㄞˋ	債寨祭責瘵砦柴疵簀豸駘骴
ㄓㄟˋ	這这
ㄓㄠ	朝招昭召著嘲釗駋鉊晁盄鍣妱抓迢弨怊佋巶着謿窼啁炤皽詔釽鳭
ㄓㄠˇ	找沼爪菬瑵爫炤蚤
ㄓㄠˊ	著着
ㄓㄠˋ	照趙召罩兆肇詔晁笊櫂炤雿狣棹箌鵫垗旐曌頫妱淖鉊銚髫繉鮡㨄燳瞾鑃籱枛䍮䑲羄肁肈佻啅昭桃濯
ㄓㄡ	周週州洲舟粥賙啁盩譸輈喌騆鵃洀淍銂珘徟輖侜婤倜睭詶㖄烐郮䓟霌矪嚋侏僽掫皺縐翢調諏謅鬻
ㄓㄡˇ	帚肘睭鯞疛晭箒扭胕舳
ㄓㄡˊ	軸妯岫舳柚碡
ㄓㄡˋ	晝皺宙紂縐冑咒繇甃籀咮酎僽怞胄噣駎軸伷呪昼詋葤籕㑳籒啄喙扭椆注祝紬育薵詶逐鈾騶驟
ㄓㄢ	詹沾瞻氈霑旃譫鱣覘邅栴鸇驙占呫饘鉆詀薝譠佔玷贍怗枮粘蛅惉颭幨餰襜魙毡趈閚噡嶦氊旜讝厃亶澶站襢鳽點
ㄓㄢˇ	展斬盞輾搌嶄琖魙醆颭樿皽蹍嫸榐橏獑槧㠭㜊㔊𨃨𧬆儃撣棧湔黵
ㄓㄢˋ	佔戰站暫占棧顫湛綻蹔蘸虥轏輚偡襢枮迠蛅鉆辴譧驏战䋎菚椾碊嶘覱戦𩥇虦單孱嵁斬欃袒詀謙跕躔邅醮驙
ㄓㄣ	真針珍貞偵禎斟箴砧甄臻楨榛診蓁獉溱碪胗鍼鱵媜駗薽禛樼潧瑊遉寊蒧轃籈鷏堻唇振疹幀殄桭紾湞軫鄄椹葴磡赬鍖鍞瀙珎帪栕眞酙嫃搸鉁靕蒖緽澵錱頳殝儬㡧㖘侲坫揕枮滇瑧稹趁鎮鼎
ㄓㄣˇ	診枕疹軫畛袗縝稹紾鬒眕黰辴抮抌笉絼祳晸縥黕賑餮胗裖駗姫昣屒聄弫敐䪴飻覙戡振沴趁
ㄓㄣˋ	鎮陣振震賑朕枕鴆揕酖眹娠侲挋栚蜄桭誫敶陳紖瑱迧栕軙塦鎭䟴𨦸圳唇填慎榐甄甽絼謓鈂黮
ㄓㄤ	張章彰漳樟璋獐嫜暲鄣蟑鱆慞傽墇騿遧粻蔁麞𢕎𢕔餦漲障
ㄓㄤˇ	長掌漲仉鞝仧涱兏镸
ㄓㄤˋ	丈仗帳障賬脹杖漲長幛瘴嶂扙瞕粀張悵仧涱痮瘬兏镸𢕔墇章鄣
ㄓㄥ	爭征蒸睜徵掙箏正怔猙錚崢諍癥鉦烝篜姃炡埩聇丁眐鯖玎糽凈脀棦琤澂㣔争佂峥䒱䋊徴鴊瀓鬇鏳𡈼挣睁㬹𨜓徰丞偵埥媜崝嶒政朾症禎綪貞趟
ㄓㄥˇ	整拯氶撜糽掟晸抍愸丞承
ㄓㄥˋ	鄭正證政証症掙幀諍姃炡眐罡聇晸徎憕鋥鴊挣䂻䈣㡧𩏠倀塣奠怔承敞氶浧爭町瞠脀趟
ㄓㄨ	珠朱諸株豬蛛茱硃誅銖侏洙瀦邾櫫櫧祩藷絑袾觰鴸蠩蝫鮢跦姝㧣猪敱潴駯鼄劯橥蕏鯺之咮搊朝楮藸騶
ㄓㄨˇ	主屬煮囑貯渚矚著麈拄瘃砫陼孎壴罜欘泞眝枓鬻灟蠾丶宔俼属詝煑嘱濐瞩𠰍𪐴斗斸柱褚
ㄓㄨˊ	竹築逐燭蠋筑竺朮躅舳軸窋蓫笁趉鱁灟蠾茿篫妯柚泏瓨怷瘃蒆孎斸欘术炢烛劚曯爥薥䟉𦸇噣斀磩篴茁蚰钃鸀
ㄓㄨˋ	住著助注祝駐註柱蛀鑄炷苧佇箸杼紵翥宁柷羜馵疰莇鉒紸嵀跓軴樦麆櫡殶諔粥芧壴怷炾眝砫罜謯鬻宔拀俼竚着筯飳嗻鋳霔坾主予咮尌庶泞澍祩筑築篫貯跙逗鉏阻除
ㄓㄨㄚ	抓撾髽檛膼簻
ㄓㄨㄚˇ	爪爫
ㄓㄨㄛ	捉桌涿棹穛卓槕𥼚㑁倬拙掇棳淖焯穱肫蝃蠿踔
ㄓㄨㄛˊ	卓茁濁拙濯酌灼著啄鐲擢琢諑倬斲斮梲椓焯蝃踔鷟彴汋斫禚篧浞棳謶錣啅罬斀蠗圴剢灂涿絀黜繳胐婥烼腏詘畷噣嬥穛櫡籗鸐蠿叕坧妰泎炪娺棁烵着聉晫琸硺窡墌擆撯誳斵仢犳丵㧻䖦𢽴斱鉵劅䮓鐯𥇍𤏸𨧧𢂚勺啜捔杓準燋矠箸蓔蕞藋趠趵蹠躅鵫
ㄓㄨㄛˋ	㧳
ㄓㄨㄞ	拽
ㄓㄨㄞˇ	跩轉
ㄓㄨㄞˋ	拽顡
ㄓㄨㄟ	追錐椎隹騅鵻腄鴭碓娺䳡揣箠萑
ㄓㄨㄟˇ	沝
ㄓㄨㄟˋ	綴墜贅縋惴餟硾膇鑆掇甀裰錣笍礈𠄌倕垂娷槌畷腏致諈轛醀醊鎚隊隧
ㄓㄨㄢ	專磚耑顓塼鄟鱄剸嫥瑼篿鷒膞蟤蓴蒓甎叀恮摶湍漙諯
ㄓㄨㄢˇ	轉囀竱孨膞
ㄓㄨㄢˋ	傳賺篆撰譔饌轉僎瑑縳腞篹蟤鐉灷堟瑃蒃襈籑僝剸囀巽摶沌簨
ㄓㄨㄣ	諄屯肫窀迍宒訰炖衠啍忳淳盹純胗踆
ㄓㄨㄣˇ	準准隼埻綧純凖鶽敦淳稕
ㄓㄨㄣˋ	稕訰旽甽綧飩
ㄓㄨㄤ	裝莊樁妝粧庄梉妀籹妆庒疞娤荘糚壯湷
ㄓㄨㄤˇ	奘
ㄓㄨㄤˋ	狀壯撞戇焋獞壮状壵漴戅僮幢憧艟贛
ㄓㄨㄥ	中鐘終忠鍾衷忪盅螽伀妐蔠柊煄彸舯炂籦鼨汷刣㕬泈衳幒徸銿鴤𦬕蹱𩅞橦潼童舂蚣蝩螤鈆
ㄓㄨㄥˇ	種腫塚踵冢种喠歱尰煄穜董
ㄓㄨㄥˋ	中種重仲眾尰湩狆衶偅堹緟粽祌种潀众蚛媑筗衆糉諥灇乑妕茽潨褈穜蟲衷踵
ㄔ	吃蚩癡痴嗤喫ㄔ郗魑笞絺鴟媸摛瓻螭眵齝离貾誺瞝齹黐麶盵哧妛粚脪訵噄鵄彲呞卨噭抬摴攡樆胝胵蚳離
ㄔˇ	尺齒恥呎侈褫欼搋蚇恀拸姼傂誃鉹伬咫豉奓胣趍擨肔垑䊼耻歯誀裭㶴袳哆扡拖移紕袲齣
ㄔˊ	持池遲馳匙弛墀坻踟箎茬蚳篪蚔茌痄忯汦荎栘歭耛貾趍箈徲謘徥尺治泜痴彽阺乿跢鍉坘岻竾俿赿筂遅遟她提柢沱沶漦狋祇莉蛇蝭謻踶軧迡驪鶗
ㄔˋ	赤翅斥飭叱熾啻傺敕眙抶饎栻遫彳跮踅鷘乿瘛鉓哧淔痸懘戠摰吒柝赫幟乇虴捇湁觢赩趐鶒杘灻卶呹勅咤恜勑翄烾痓雴慗憏慸爀糦趩侙卙旘翤佁剟呬哆喜嘯拆柅滯瘈翨誃跅迣飾騺鳷
ㄔ˙	麶
ㄔㄚ	差插叉喳艖嗏扠杈偛疀鎈臿溠槎鍤芆挿訍揷肞銟餷嚓扱捷接碴荖釵
ㄔㄚˇ	蹅叉鑔土衩
ㄔㄚˊ	查察茶搽槎鍤碴臿垞秅叉岔楂蹅嚓査詧摖檫櫒褨䠡茬捈斜梌苴荼鉏
ㄔㄚˋ	詫岔剎差汊衩蜡侘奼紁杈刹姹訍仛䟕叉
ㄔㄜ	車硨莗俥唓蛼
ㄔㄜˇ	扯撦奲尺哆拸偖
ㄔㄜˋ	徹澈轍撤掣坼屮迠硩拆呫鮿頙爡㿭瞮勶喢宅揊摰斥池烢詀謵
ㄔㄞ	拆釵差偨靫扠搓
ㄔㄞˇ	冊册茝笧
ㄔㄞˊ	柴豺儕祡喍茈砦釮犲查齜
ㄔㄞˋ	蠆袃囆瘥訍差蔕
ㄔㄠ	抄鈔超勦弨怊訬剿罺摷欩䫿劋吵嘮樔焯紹綽
ㄔㄠˇ	吵炒眧赻粆煼巐㥮麨抄槱焣訬謅超趫鈔
ㄔㄠˊ	朝潮巢嘲晁樔轈鄛啁剿勦漅璅巣鼂謿䄻濤牊窲罺
ㄔㄠˋ	耖鈔趠仦仯觘䮓吵巢抄晁縐超
ㄔㄡ	抽瘳搊篘犨婤紬搐㨨犫妯掫揄牰眣謅跾
ㄔㄡˇ	丑醜瞅杻杽吜莥偢矁魗丒䪮媿扭鈕
ㄔㄡˊ	愁仇籌綢酬稠紬躊疇惆裯儔讎幬鯈薵嬦椆絒菗懤詶雔燽栦圳鯛氿犰朹釚僽鼽皗筹酧鮋鮉醻讐怞擣檮畤盩譸
ㄔㄡˋ	臭簉溴殠憱狊糗遚臰
ㄔㄢ	摻攙梴襜辿鋓惉嬓裧幨掺袩撡脠佔兔嘽嚵沾緂苫襝覘鉆
ㄔㄢˇ	產鏟闡剷蕆嘽囅丳嵼燀諂驏幝繟滻簅灛旵譂剗産摌閳讇醦僤單墠憚榐辴
ㄔㄢˊ	纏蟬禪饞讒潺蟾巉嬋單澶廛孱劖毚瀍瀺躔鑱磛艬僝棎湹鋋煘獑繵酁嶄厘儃樼虥蟺轏欃单単婵嶃潹緾蟮鄽鏩纒誗亶僤儳嚵嬗撣漸繟螹襢蹍辿
ㄔㄢˋ	懺羼儳顫讖丳嚵硟韂幝幨忏摲燀裧襜
ㄔㄣ	嗔琛瞋郴賝棽謓諃搷堔抻捵綝侲瘨縝肜胂
ㄔㄣˇ	捵磣鍖裖墋踸贂祳趻硶夦謲堪湛眈
ㄔㄣˊ	陳沉晨臣塵辰娠忱沈宸諶煁茞蔯樄莐愖鈂螴麎鷐伔敶脤蜃橙岒抌侲挋桭梣臦蜄誫鋠燛尘牨迧栕莀訦軙瘎曟敐薼霃填帘揨枕棧湛趁跈
ㄔㄣˋ	趁稱襯櫬讖疢齔嚫藽儭闖称趂䚀齓穪瀋疹
ㄔㄣ˙	傖
ㄔㄤ	昌倡猖娼閶菖鯧倀鼚錩淐琩裮晿䮖䱽鱂闛
ㄔㄤˇ	場廠敞氅昶鋹惝僘厰塲儻厂淌
ㄔㄤˊ	長常場嘗裳償腸嫦鱨徜嚐萇鋿粻仧甞塲瑺膓鏛兏镸瓺仩倘尚棖脹
ㄔㄤˋ	唱倡暢悵鬯韔瑒誯畼昌淌
ㄔㄥ	稱撐瞠蟶偁檉赬琤橕鏿浾埥棦牚竀崝饓槍鎗鐺噌樘㣔泟阷称㛵僜憆撑緽頳穪鏳爯搶朾棱橖湞瑲睖秤虰蹚
ㄔㄥˇ	逞騁悜庱塣懲梬侱徎惩睈呈裎踜
ㄔㄥˊ	成程承盛乘誠呈城懲澄橙丞澂棖酲宬晟裎郕埕掁湞珵荿騬脀脭揨峸鋮塍崢傖氶巹浧崝臹溗撜卺乗娍峥洆挰晠珹窚堘惩椉筬絾塖憕瀓畻倀嗆埩嵊徵搶朾淨盯碀觕趟郢醒
ㄔㄥˋ	稱秤偁牚称穪靗敞竀黨
ㄔㄨ	出初齣貙趉趎犓岀摢誳嘔摴樗踰
ㄔㄨˇ	處楚儲礎杵褚楮濋檚貯泞儊处椘禇憷齼柠齭鸀
ㄔㄨˊ	除儲廚鋤櫥雛芻躇滁躕篨耡蜍鉏蒢跦鶵幮貙趎犓屠媰藸耝䟞厨豠㕑蒭橱蹰雏蕏助涂著蠩諸
ㄔㄨˋ	處觸畜絀矗黜俶怵搐歜詘鄐斶亍豖泏琡踀滀儊臅敊怷眝触諔擉蠲处竌炪㙇笜傗誳閦嘼埱慉柷淑珿硫祝絮菆蓫觕鸀
ㄔㄨ˙	出
ㄔㄨㄚ	欻歘撮
ㄔㄨㄚˇ	抓
ㄔㄨㄛ	戳跿踔逴
ㄔㄨㄛˋ	綽輟齪婼啜惙歠醊婥畷逴娖吷珿磭腏趠擉嚽娕焯錣餟辵竐涰䓎酫諁鋜繛蠚鑡辶㲋遬促孎拺斫淖箹簇綴荃蔟趵踔踱躇醛鏃齱
ㄔㄨㄞ	揣搋
ㄔㄨㄞˇ	揣
ㄔㄨㄞˊ	膗腄
ㄔㄨㄞˋ	踹嘬欼啐啜揣
ㄔㄨㄟ	吹炊磓龡
ㄔㄨㄟˊ	垂鎚槌搥椎陲錘捶棰箠圌湷倕菙綞娷腄甀厜硾諈埀桘顀郵鬌魋
ㄔㄨㄟˋ	吹炊諈龡惙
ㄔㄨㄢ	穿川鐉氚瑏釧圌灥巛猭
ㄔㄨㄢˇ	喘舛荈揣踹踳堾僢蝽惴歂膞
ㄔㄨㄢˊ	傳船遄椽歂諯暷輲猭椯縳餯舩篅圌團掾舡
ㄔㄨㄢˋ	串釧玔汌夼賗腨丳猭穿鶨
ㄔㄨㄣ	春椿杶輴焞鰆媋暙鶞湷橁旾萅櫄楯槆芚踳輇
ㄔㄨㄣˇ	蠢惷踳偆萶㖺堾僢睶蝽箺春朐賰
ㄔㄨㄣˊ	純唇醇淳蓴鶉漘錞韕脣憌鯙屯焞浱陙湻滣蒓醕沌犉肫膞
ㄔㄨㄤ	窗創瘡囪憃戧摐愴刱瑲刅囱剏剙窓牎牕窻刽舂
ㄔㄨㄤˇ	闖搶漺傸磢摤愴
ㄔㄨㄤˊ	床幢撞橦疒牀漴噇朣
ㄔㄨㄤˋ	創闖愴刱獊凔剏剙刽倉
ㄔㄨㄥ	充衝沖舂忡憧珫茺浺蹖祌翀憃罿冲嘃摏偅傭樁橦涌潼盅艟
ㄔㄨㄥˇ	寵埫衝
ㄔㄨㄥˊ	重崇虫蟲种翀蝩隀茧痋蠱嫞爞烛崈漴蛊種緟酮
ㄔㄨㄥˋ	衝銃揰尰瘇僮
ㄕ	失施師詩溼濕獅屍ㄕ蝨虱尸迉蓍葹鳲邿湤絁鰤溮鶳箷褷襹螄拾隰韅釃鸍师釶瑡蒒鳾鍦魳鯴厔灑篩訑鉈
ㄕˇ	使始史駛矢屎豕弛乨纚笶兘鉂彖斯施狶痑
ㄕˊ	十什石時實食拾蝕碩射提蒔湜鰣塒祏鼫鉐榯湁溡鼭寔籵姼时实実炻遈旹宲堤汁示識
ㄕˋ	市是事世士勢識室示試視式氏適釋飾侍誓逝嗜恃仕柿使螫弒噬拭豉媞筮舐軾諡貰芔奭戺澨諟襫鈰揓鉽唑翨銴謚遾簭齛跩烒崼徥詍戠褆始紲忕伳茌迣倳剚栻疶埶畤跇睼僿醍擿乨卋忲势呩柹冟昰眎眡絉弑舓緤䤭餙嬕餝丗叓𨑬兘眂啇睗似咶寺屍峙忯恀惿挈楴檡殖殺沶液澤繹耆肢舍蒔觢赫踶适遞遰郝醳鍉鎩飭
ㄕ˙	匙實殖
ㄕㄚ	殺沙紗砂莎剎煞鯊裟杉痧鎩魦樧猀帴摋蔱硰唦挲桫逤閷繺挱粆桬榝檆鯋髿賒
ㄕㄚˇ	傻繌儍緵訯
ㄕㄚˊ	啥
ㄕㄚˋ	煞霎廈嗄歃箑翣萐喢唼啑翜樧刹帹厦榝閯哈啥噎接攝沙濈菨霅
ㄕㄚ˙	繌
ㄕㄜ	奢賒奓檨譇畬撦偖畭賖畲猞輋
ㄕㄜˇ	捨舍舎䬷
ㄕㄜˊ	蛇舌甚佘什揲鉈折咶輋闍譇虵釶鍦蛥鉇抴碟磼蛞邪鞨
ㄕㄜˋ	社設射涉舍攝赦歙麝厙猞灄蔎韘騇拾葉捑蠂色庫聶懾躡涻舎渉䜓欇弽蹑慴挕摵睫
ㄕㄞ	篩㴓簁諰釃
ㄕㄞˇ	骰繺色摋
ㄕㄞˋ	曬晒閷殺鎩攦
ㄕㄟˊ	誰
ㄕㄠ	燒稍梢艄捎弰蛸莦筲旓髾輎鮹蕱杪娋颵溲綃萷鞘
ㄕㄠˇ	少尐捎搜髾
ㄕㄠˊ	杓韶芍勺玿圴牊招枃柖苕
ㄕㄠˋ	少紹哨邵召卲劭袑睄潲捎稍娋綤削梢燒燿笤艄髾
ㄕㄡ	收荍収敊
ㄕㄡˇ	手首守掱艏狩垨扌
ㄕㄡˊ	熟
ㄕㄡˋ	受售壽獸授瘦狩綬守燾譸寿垨涭膄璹嘼䛵嚋鏉濤
ㄕㄢ	山扇衫杉刪珊羶舢煽潸跚姍芟苫搧縿穇挻烻狦笘剼摻奾屾氙埏膻襂邓邖删姗掺嘇撡檆羴鯅㰑䀐傓澘幓柵櫼煔猭痁纔葠蔪襳釤顫髟
ㄕㄢˇ	閃陝睒晱覢摻陜掺撡䀹㜣煔顃
ㄕㄢˋ	善扇汕擅膳繕鄯煽訕單贍疝鱔騸禪墠嬗掞摲謆墡釤蟺赸儃柵奾抎氙剡搧煔嫸撣樿橏灗鱣单単栅炶銏僐熌嶦䱇磰蟮譱饍鱓㣌傓僤儋壇擔攙檀潬澹苫蟬
ㄕㄣ	身深伸申紳呻信參蔘娠莘甡侁籸葠詵駪燊砷柛氠屾珅胂阠妽峷眒琛兟棽幓銵篸鯓㕥扟叁参籶訫叅鉮曑敒訷瘮鵢裑甧堔姺嫀抻搷神糝綝震
ㄕㄣˇ	沈審嬸瀋諗讅矧哂寀瞫邥覾沉淰曋吲弞宷訠魫鯅矤頣抌棯槮
ㄕㄣˊ	神甚什
ㄕㄣˋ	慎腎滲甚蜃沁葚椹脤抻侺鋠諶偡堔煁踸鍖昚涁眘渗趻愼湛瞋祳罧胂蜄黮
ㄕㄣ˙	嬸
ㄕㄤ	商傷殤觴湯漡蔏螪謪鬺裳愓熵薚墒慯滳場禓踼
ㄕㄤˇ	賞晌上償丄曏
ㄕㄤˋ	上尚爙姠仩蠰丄尙恦鞝
ㄕㄤ˙	裳
ㄕㄥ	生聲勝升牲昇甥笙陞泩鉎鼪呏狌湦焺鵿胜貹髜声阩珄苼陹鍟斘殸殅姓
ㄕㄥˇ	省眚冼箵偗渻
ㄕㄥˊ	繩澠憴譝鱦溗縄
ㄕㄥˋ	勝盛聖剩嵊乘賸圣貹晟檉蟶乗晠剰椉琞墭膡蕂垩榺丞媵甸繩胜
ㄕㄨ	書輸殊舒梳疏蔬樞紓抒攄姝樗摴殳杸陎綀橾祋軗鵨藲疋叔俞荼洙悆毹忬枢俆兪疎毺踈俶倏儵娶捈揄朱氀淑焂瑹紵翛菽豫跾透鄃除鮛
ㄕㄨˇ	數鼠屬暑署薯蜀黍癙潻藷钃婌襩糬曙襡孎灟鸀蠾属数暏㻿薥稌籔蔬藪鐲
ㄕㄨˊ	叔熟淑塾贖孰菽秫襡埱焂跾鸀虪朱椒婌鮛掓蒣璹尗售孎蠾
ㄕㄨˋ	術數樹束述署豎疏恕庶曙墅漱倏戍澍翛沭裋鉥尌儵鏣鶐嗽摭鯈焂訹鈙腧嫬籔侸倐捒荗庻疎数暏㴻竪潄踈瘶錰濖䉀蒁俞咰怷朮杼涑潏虪謶贖輸野隃鷸
ㄕㄨ˙	叔
ㄕㄨㄚ	刷唰鮛涮選
ㄕㄨㄚˇ	耍
ㄕㄨㄚˋ	刷誜唆
ㄕㄨㄛ	說説哾
ㄕㄨㄛˊ	杓
ㄕㄨㄛˋ	朔碩爍數鑠嗍率蟀帥搠妁槊箾蒴勺欶揱獡鎙芍矟数卛嗽汋洬溯濯燿療萷藥
ㄕㄨㄞ	摔衰縗孈榱綏
ㄕㄨㄞˇ	甩
ㄕㄨㄞˋ	率帥蟀咰繂卛
ㄕㄨㄟˇ	水
ㄕㄨㄟˊ	誰脽
ㄕㄨㄟˋ	說睡稅蛻帨涗裞挩娷捝涚祱税蜕説
ㄕㄨㄢ	栓閂拴
ㄕㄨㄢˋ	涮諼踹專栓槫汕
ㄕㄨㄣˇ	盾楯吮揗賰輴
ㄕㄨㄣˋ	順舜瞬蕣鬊瞚馴橓瞤俊巡恂眴
ㄕㄨㄤ	雙霜孀艭驦鷞孇礵瀧双滝騻欆鸘䉶䝄爽
ㄕㄨㄤˇ	爽塽樉漺慡縔傸磢鷞逺鸘傱
ㄕㄨㄤˋ	灀雙双淙
ㄖ	ㄖ
ㄖˋ	日衵馹鈤入囸釰
ㄖㄜˇ	惹喏若叒
ㄖㄜˊ	捼若
ㄖㄜˋ	熱渃爇焫偌若
ㄖㄠˇ	擾嬈撓遶扰繚繞隢
ㄖㄠˊ	饒蕘嬈橈蟯襓撓鐃驍犪
ㄖㄠˋ	繞遶隢撓穘蟯
ㄖㄡˇ	糅鍕粈煣韖楺葇蹂輮
ㄖㄡˊ	柔揉韖蹂輮楺禸葇鍒鞣鶔媃蝚鰇厹煣糅㕤叴渘瑈腬䐓瓇脜粈鑐騥髳
ㄖㄡˋ	肉月宍楺莥
ㄖㄢˇ	染冉髯苒珃橪呥姌嫨聃冄耼媣蹨熯
ㄖㄢˊ	然燃髯蛅蚺袡呥舑肰蚦衻髥嘫䔳繎柟
ㄖㄣˇ	忍稔荏腍棯栠荵栣秹菍䏰涊銋
ㄖㄣˊ	人任仁壬紝儿芢銋妊軠鵀朲忎姙絍鈓忈秂魜
ㄖㄣˋ	任認刃飪賃軔衽紉妊恁仞訒韌牣鵀屻肕軠壬紝葚銋刄忹杒姙梕絍袵鈓靭餁忍腍
ㄖㄤ	嚷
ㄖㄤˇ	嚷壤攘爙穰蠰躟忀纕
ㄖㄤˊ	攘禳穰勷瀼瓤儴獽蘘鬤孃躟鑲
ㄖㄤˋ	讓懹誏瀼攘欀
ㄖㄥ	扔仍戎
ㄖㄥˇ	扔
ㄖㄥˊ	仍礽陾扔艿㺱辸穰耳
ㄖㄥˋ	扔芿艿
ㄖㄨˇ	乳汝辱擩女侞入儒肗㨎鄏
ㄖㄨˊ	如儒孺茹蠕嚅濡袽襦鴽筎臑醹挐薷銣曘燸帤蕠需懦侞洳蒘蝡壖嬬擩檽瓀繻邚桇偄愞渪瑌顬鱬鴑鑐咮溽獳
ㄖㄨˋ	入辱褥孺茹洳縟蓐溽鄏媷嗕肉耨銣擩宍傉月
ㄖㄨㄚˊ	挼
ㄖㄨㄛˊ	挼捼撋
ㄖㄨㄛˋ	若弱箬偌爇鄀篛蒻楉鶸婼渃搦叒掿焫搻惹溺芮
ㄖㄨㄟˇ	蕊橤繠惢桵蕋蘂蘃
ㄖㄨㄟˊ	蕤緌婑甤䬐撋桵綏踒
ㄖㄨㄟˋ	瑞銳芮睿蚋叡枘汭壑濬㕡蜹鋭𤀹㪫䄲𨧨壡鈉鏸
ㄖㄨㄢˇ	軟阮蠕耎蝡瓀緛礝朊卵需堧偄媆瑌腝輭㮕䓴碝檽濡燸
ㄖㄨㄢˊ	堧壖撋擩
ㄖㄨㄢˋ	緛
ㄖㄨㄣ	犉
ㄖㄨㄣˊ	犉撋
ㄖㄨㄣˋ	潤閏橍撋
ㄖㄨㄥ	茸
ㄖㄨㄥˇ	冗茸氄傇軵宂坈搑縙𢫨縟隔
ㄖㄨㄥˊ	容榮融溶絨熔戎蓉鎔茸榕羢嶸瑢肜毧狨瀜茙烿蠑爃媶榵褣駥髶鰫鷛頌娀傛軵嵱葺濴鑅荣峵䇯搑穁縙螎嬫濚曧鱅𪃾栄嫆巆氄
ㄖㄨㄥˋ	縙
ㄗ	資茲滋吱姿咨孜諮貲玆ㄗ輜淄齜緇孳粢髭嵫菑鎡鼒孖澬甾鄑鯔錙趑椔鈭鶅齍栥紎崰秶蠀仔次恣訾齊茬絘觜薋齐亝斉姕兹赼嗞孶葘趦鍿頿茊斊湽稵䨏頾鰦鷀禌輺呲璾疵純芓載
ㄗˇ	子仔紫梓籽滓耔訾笫秭胏茈吇杍芓呰矷釨訿姊㺭姉秄虸啙榟沝泚跐鋅
ㄗˊ	蓻
ㄗˋ	自字恣漬眥孳剚胔胾扻倳牸磧芓絘茡㹀眦髊事姿柴穧菑資輜
ㄗ˙	子
ㄗㄚ	紮匝咂唼嘁抸鉔臢帀沞迊紥啑噈扎拶灒
ㄗㄚˇ	鮺咋咱囃
ㄗㄚˊ	雜咱砸偺雥磼拶喒嘁巀㑑雑嶻襍韴囐啈啐囋
ㄗㄚˋ	喒
ㄗㄜˇ	怎
ㄗㄜˊ	則責擇澤嘖窄舴咋幘笮賾迮齰崱萴謮蠌賊蠈柞磧伬岝捑樍檡簀鍘鸅岅択沢岞飵嫧耫鰂鱡戝溭皟瞔襗唶措灂睪矠葃蘀謫
ㄗㄜˋ	仄側昃庂稄唶崱汄昗諎夨歵廁捑稷
ㄗㄜ˙	伬
ㄗㄞ	災栽哉渽賳菑灾烖睵才甾載
ㄗㄞˇ	仔宰崽載縡滓儎䏁
ㄗㄞˋ	在再載饡扗洅儎栽縡酨
ㄗㄞ˙	在
ㄗㄟˊ	賊戝蠈鯽
ㄗㄠ	遭糟蹧傮慒鰽㷮醩槽
ㄗㄠˇ	早棗澡藻蚤璪繰慅溞瑵璅瘙糔鄵枣薻繅
ㄗㄠˊ	鑿
ㄗㄠˋ	造皂燥噪慥譟灶躁皁趮矂漕糙喿劋幧懆氉簉鐰艁謲竈唕煰窖草鑿
ㄗㄡ	鄒謅鄹諏啁掫菆陬騶鯫棸緅棷郰媰黀齱齺娵邹箃偢芻趣
ㄗㄡˇ	走赱搊
ㄗㄡˋ	奏驟揍楱㵵媰族
ㄗㄢ	簪鐕撍簮鐟兂䐶篸糌臢
ㄗㄢˇ	拶攢寁昝禶喒儹揝礸噆趲㳫撍儧攅簪
ㄗㄢˊ	咱偺糌喒㑑
ㄗㄢˋ	贊暫讚鏨瓚酇灒囋臢劗禶賛濽鄼櫕瓉鏩讃穳襸㔆㜺攢涔淺湔濺蹔饡
ㄗㄢ˙	偺咱喒
ㄗㄣˇ	怎
ㄗㄣˋ	譖僭
ㄗㄤ	髒贓臢牂臧賍贜匨羘戕藏
ㄗㄤˇ	駔髒驡
ㄗㄤˋ	藏臟葬奘塟蔵銺臧
ㄗㄥ	曾增憎罾繒矰橧磳驓璔僧噌潧鬙増熷譄縡鄫
ㄗㄥˇ	鬷
ㄗㄥˋ	贈甑繒罾增綜
ㄗㄨ	租蒩姐怚柤砠苴菹葅趲鉏
ㄗㄨˇ	組祖阻俎詛珇靻咀沮狙砠齟岨抯柤苴袓菹跙麆爼䔃謯駔
ㄗㄨˊ	足族卒嗾捽崒踿哫傶踤鏃娖珿蓗踀鷟卆崪鎐稡鉃倅啐嘁槭淬箤綷蹴鉐鑿
ㄗㄨˋ	駔錊
ㄗㄨㄛ	嘬作
ㄗㄨㄛˇ	左佐繓撮
ㄗㄨㄛˊ	昨作椊筰稓葃撮岝苲捽莋繓岞秨鈼柮琢砟笮
ㄗㄨㄛˋ	做作嘬坐座酢祚鑿柞怍胙阼葄夎醋迮袏飵糳䟭乍侳唑岝挫葃
ㄗㄨㄟ	厜羧嶉纗朘脧嗺欈垖塠樶蟕堆嫢
ㄗㄨㄟˇ	嘴璻觜嶊噿濢嶉臎咀嗺嶵
ㄗㄨㄟˋ	最罪醉檇蕞晬檌絊祽鋷墬嶵撮嘬蕝繓欈栬酔辠酻錊摧睟酨雋
ㄗㄨㄢ	鑽躦劗鑚撮攢
ㄗㄨㄢˇ	纂鑽纘籫篹纉鑚
ㄗㄨㄢˋ	賺鑽攥揝櫕鑚欑
ㄗㄨㄣ	尊遵樽墫鐏嶟繜鷷壿燇譐鱒罇僎奠跧踆蹲
ㄗㄨㄣˇ	撙噂墫僔譐䔿
ㄗㄨㄣˊ	蹲
ㄗㄨㄣˋ	俊圳捘鱒銌燇甽晙焌畯餕㑺儁鵕拵捽栫瀳袸
ㄗㄨㄥ	宗蹤縱綜棕鬃豵騣鬷翪熧倧惾猣稯艐嵕蝬從淙琮朡嵷賨鍐从従嵏椶嵸賩踪踨磫縦騌鬉鯮鯼苁㚇堫葼㙡䁓緃樅總
ㄗㄨㄥˇ	總摠傯熜朡蓗縱偬捴惣愡焧㷓憁総縂縦燪㧾揔從稯蓯
ㄗㄨㄥˋ	縱粽綜從瘲昮錝从従碂糉縦苁倊猔䝋
ㄘ	疵庛雌ㄘ差趀骴恣呲跐鈭蠀髊偨刺呰嵯柴玼縒齹
ㄘˇ	此佌泚玼跐皉茈鮆
ㄘˊ	詞辭慈磁瓷雌祠疵茨粢餈柌嬨濨呲飺薋茲茈鈶鶿珁䛐辝辞甆糍辤礠鴜鷀司堲次滋澬胔薺
ㄘˋ	次刺賜廁伺佽蛓莿朿栨蚝絘庛厠螆措栜茦螅趑
ㄘㄚ	擦搽嚓䃰拆攃蔡
ㄘㄚˇ	礤礸
ㄘㄚˋ	囃攃遪磣
ㄘㄜˋ	冊策測側廁惻筴畟茦粣拺矠憡蓛簎鍘册厠萗筞墄嫧箣㩞敇笧幘萴赦齰
ㄘㄞ	猜偲啋揌
ㄘㄞˇ	採彩采睬踩綵跴寀棌婇釆啋跐倸埰
ㄘㄞˊ	才財材裁纔釮溨扐
ㄘㄞˋ	蔡菜埰采縩寀棌
ㄘㄠ	操糙鄵喿劋幧矂鐰撡澡造
ㄘㄠˇ	草懆騲艸慅愺艹屮
ㄘㄠˊ	曹槽嘈漕螬艚嶆鰽蓸褿鏪傮慒鐰
ㄘㄠˋ	糙操肏襙造慥鄵艁漕鼜
ㄘㄡ	楱
ㄘㄡˇ	趣趨
ㄘㄡˋ	湊輳腠楱凑奏揍族簇蔟藪
ㄘㄢ	參餐驂縿墋毿磣襂贂鏒鬖叁参飡叅湌傪曑䱗囋嬠嵾
ㄘㄢˇ	慘憯朁噆黲惨穇篸縿
ㄘㄢˊ	殘蠶慚嬠帴蛬魙残蝅慙嬱㨻蠺戔摲淺蚕蹔
ㄘㄢˋ	燦孱璨粲澯摻澶掺嘇撡薒謲參鏒
ㄘㄣ	參嵾梫叁参叅曑穇篸
ㄘㄣˊ	岑涔梣笒埁侺汵筨
ㄘㄤ	蒼倉滄艙傖鶬凔嵢愴瑲謒蹌仺篬獊
ㄘㄤˇ	駔蒼
ㄘㄤˊ	藏鑶蔵匨臧
ㄘㄤˋ	䅮賶
ㄘㄥ	噌
ㄘㄥˇ	噌
ㄘㄥˊ	曾層嶒鄫碀驓竲僧增橧繒蹭
ㄘㄥˋ	蹭
ㄘㄨ	粗麤觕麆麁麄怚蔍
ㄘㄨˇ	皻蔖
ㄘㄨˊ	殂徂鼀且
ㄘㄨˋ	促醋簇蹴蔟蹙猝卒錯趣趨鏃瘯踧槭梀噈殧鼀厝戚數岨唶酢碏踀憱顣卆趋数誎趗縬蹵齚鉃娕娖捽縐趥踓踤
ㄘㄨㄛ	搓撮磋蹉蒫遳髊差莏傞瑳醝齹最營玼
ㄘㄨㄛˇ	瑳脞縒硰搓醝
ㄘㄨㄛˊ	瘥矬鹺痤醝嵯蔖蒫虘睉嵖嵳澨躦酇齹
ㄘㄨㄛˋ	錯措挫銼撮剉厝莝侳剒蓌昔蕞庴棤碏縒莡逪襊夎摧斮
ㄘㄨㄟ	摧催崔嗺墔磪榱衰凗膗縗獕槯嶉慛漼鏙隹
ㄘㄨㄟˇ	璀趡漼洒踓鏙熣皠繀
ㄘㄨㄟˊ	凗慛
ㄘㄨㄟˋ	翠脆粹悴瘁萃啐淬倅毳焠竁膬綷膵脺濢碎椊嶉噿璻伜忰砕粋翆脃琗顇臎襊韢紣啛体卒察崒踤
ㄘㄨㄢ	攛躥鋑汆鑹竄
ㄘㄨㄢˊ	攢巑劗欑攅櫕穳僔灒菆蹲
ㄘㄨㄢˋ	竄篡爨篹纂攥熶簒殩窾
ㄘㄨㄣ	村皴踆邨澊竴墫
ㄘㄨㄣˇ	忖刌寸蹲
ㄘㄨㄣˊ	存袸蹲拵洊栫珔浚踆
ㄘㄨㄣˋ	寸吋籿
ㄘㄨㄥ	匆聰從囪璁瑽樅驄蓯鏦熜棇暰蔥瞛蟌鍐叢囟濍从匇囱忩怱従悤楤葱漗聡樬緫聪聦樷繱鏓顖騘枞苁篵鍯窗總
ㄘㄨㄥˇ	衳幒
ㄘㄨㄥˊ	從叢淙琮悰潀漎賨錝婃孮徖慒摐蓯藂欉从従碂誴賩樷灇爜苁潨縱菆
ㄘㄨㄥˋ	欉藂謥
ㄙ	司思斯絲私撕廝鷥嘶ㄙ澌緦偲罳颸禠虒楒鍶凘泀蕬鉰俬覗榹禗蜤磃謕蟴鼶糸葸螄諰簁厶㺨恖媤愢厮簛蟖騦籭㴲䔮䰄鐁傂徙析菥螔麗
ㄙˇ	死偲
ㄙˋ	四似賜嗣飼寺肆祀食俟伺泗巳耜儩姒笥駟兕涘柶汜肂貄蕼洍思廁圮怬羠鈶佀孠杫泤牭恖厠釲竢鈻禩瀃亖攺㹭逘𥒲娰以佁台司已梩祠肄覗雉飴騃
ㄙ˙	廁
ㄙㄚ	撒仨三弎挲
ㄙㄚˇ	灑撒靸洒攃纚躠鞈
ㄙㄚˋ	薩卅趿颯攃馺隡蔡摋鎝躠蕯櫒殺泧鈒鏾霅
ㄙㄚ˙	挲薩挱
ㄙㄜˋ	色塞瑟圾嗇澀穡濇轖譅銫璱翜犞飋濏摵鏼歮趇雭澁懎繬穯渋歰瀒寨廧愬拺栜槭泣溹漬粣薔虩鉍鎍鎩闟
ㄙㄞ	塞鰓腮毢揌思偲毸恖愢噻顋䚡
ㄙㄞˋ	賽塞僿簺
ㄙㄠ	艘騷繅搔臊慅溞颾鱢橾璅瘙糔繰鰺鰠哨懆縿鄵
ㄙㄠˇ	掃嫂埽騷
ㄙㄠˋ	掃臊氉瘙埽髞哨懆搔梢燥矂鐰
ㄙㄡ	搜颼鄋蒐廋溲餿獀醙嗖鎪騪叟艘叜捒捜傁廀摗蓃撨螋敕涑潚颾
ㄙㄡˇ	叟嗾藪擻瞍謏籔廋溲叜傁廀蓃櫢族棷
ㄙㄡˋ	嗽漱擻欶廋瘐凁廀潄瘶嗖搜謏
ㄙㄢ	三參毿鬖仨槮襂弎叁参叄叅椮犙曑謲散糝蔘
ㄙㄢˇ	散傘繖糝鏾槮鏒椮嘇潵糂糣仐糤饊參蔘霰
ㄙㄢˋ	散閐三霰鏾弎俕帴鬖
ㄙㄣ	森槮罧襂幓篸穼椮摻滲
ㄙㄣˇ	洒
ㄙㄤ	喪桑縔桒槡纕
ㄙㄤˇ	嗓顙搡磉鎟褬
ㄙㄤˋ	喪
ㄙㄥ	僧鬙䒏
ㄙㄨ	蘇甦酥穌囌櫯疏蔬薊姀鉌鞂龢疎踈鯂蘓卹捽窣
ㄙㄨˊ	俗
ㄙㄨˋ	訴速素肅宿塑夙粟溯餗愬蓿縮觫愫膆謖嗉橚泝涑潚簌蔌樕遫驌鱐鷫嫊玊榡洬栜傃溹憟鋉縤藗僳窣數稷摍熽蹜颽珟殐粛塐㨞数溸趚遡樎㯈潥璛碿㩋僁嗖埣搬摵梀棴莤
ㄙㄨㄛ	縮梭莎唆娑簑嗦傞挲蓑桫蹜莏趖摍嗾莤㛖挱桬鮻䔋些嗍戲抄沙犧獻羧衰逡魦
ㄙㄨㄛˇ	所索鎖瑣璅嗩摵鎍鏼惢溑鎻鏁暛褨擌娑溹縒葰鎈霍靃
ㄙㄨㄛˊ	索
ㄙㄨㄛˋ	逤些塑溯㱔塐蜶遡娑歲溹
ㄙㄨㄛ˙	嗦
ㄙㄨㄟ	雖綏濉睢荽毸眭浽哸娞荾滖尿葰雎夊芕虽奞熣鴡䕑鞖倠嗺挼撋縗莎蓑
ㄙㄨㄟˇ	髓嶲瀡巂靃雟膸髄
ㄙㄨㄟˊ	隨隋雟綏遂雖陏虽遀随瓍遺
ㄙㄨㄟˋ	歲遂碎穗隧祟燧誶睟穟璲檖襚鐩邃埣賥檅繀禭旞繸鐆術箤劌薉繐鏏鐬饖顪亗砕嵗歳煫穂嬘澻譢韢疩彗篲粹脺鏸隊
ㄙㄨㄢ	酸痠狻
ㄙㄨㄢˇ	匴篹
ㄙㄨㄢˋ	算蒜筭萛匴祘撰選
ㄙㄨㄣ	孫飧蓀猻搎槂薞蕵飱餐
ㄙㄨㄣˇ	損筍榫簨鎨隕芛塤笋磒箰扻栒跣隼
ㄙㄨㄣˋ	潠愻孫巽遜噀巺摌顨
ㄙㄨㄥ	松鬆淞嵩忪菘娀崧濍倯硹蜙枀柗凇庺梥憽檧棇蘴鍶
ㄙㄨㄥˇ	聳慫悚竦傱愯嵷駷捒摗㩳耸漎蓯
ㄙㄨㄥˊ	悚鬆
ㄙㄨㄥˋ	送宋頌訟誦㕬餸鬆
ㄚ	阿啊ㄚ腌吖呵錒
ㄚˇ	阿呵啊
ㄚˊ	嗄呵啊
ㄚˋ	阿錒呵啊
ㄚ˙	啊呵嗄阿
ㄛ	喔ㄛ呵啊噢
ㄛˇ	嚄
ㄛˊ	哦
ㄛˋ	哦喔
ㄛ˙	喔
ㄜ	阿婀痾ㄜ屙峉錒歞妿妸疴娿匼猗
ㄜˇ	噁我婀惡婐猗閜硪悪頋僫騀厄枙椏玀阿
ㄜˊ	額訛鵝娥哦蛾峨莪俄囮吪硪蚵鋨迗珴涐皒睋魤枙峉匎峩鈋誐頟騀鵞譌䄉㘥鰪佮偽叱蒍蛤
ㄜˋ	惡餓俄鄂厄遏鍔扼鱷顎呃愕噩軛阨鶚堊諤萼咢啞崿搤詻閼頞堨齶枙堮岋鑩櫮砐砨蚅豟軶圔搹蝁嶭餩蘁歹隘額仴姶唈嫮遻齃戹歺咹偔悪㗁湂㮙琧瘂腭僫磀頟擜蕚鰐讍𣎴𠱥屵呝苊阸唖卾㷈覨囐亞侉匎啈啊啐埡娾媕峉庵廅搕曷歞洝痷砵胺輵邑鬲鴳齾
ㄜ˙	呃
ㄝ	ㄝ欸誒
ㄝˇ	欸誒
ㄝˊ	欸誒
ㄝˋ	誒欸
ㄞ	挨哀埃唉哎ㄞ欸剴噯娭捱溾諰
ㄞˇ	矮藹靄欸毐昹佁乃噯娾暟藒躷唉噫奇濭烠謁譪鯦
ㄞˊ	捱皚騃敳呆挨崖癌啀堐隑獃磑厓崕凒敱嘊娾溰
ㄞˋ	愛礙艾曖璦隘噯乂靉僾堨嬡鑀賹濭鴱譪薆阨砨嗌餀壒餲戹砈硋碍䔽懝瞹馤饚𣎴伌阸塧䅬皧儗呃唉欬焥譺醷閡
ㄟ	ㄟ欸誒
ㄟˇ	欸誒
ㄟˊ	欸誒
ㄟˋ	欸誒
ㄠ	凹ㄠ坳柪熬爊㘭軪㕭垇棍泑熝眑鴢
ㄠˇ	襖媼芺镺夭拗郩抝袄媪鴁狕眑蝹
ㄠˊ	熬敖遨翱嗷螯鰲鼇鏖驁廒獒璈聱鏊滶磝隞摮蔜簢謷爊厫嗸煾獓翶翺嶅鷔傲囂墽磽礉鏕
ㄠˋ	傲澳奧懊墺奡扷擙拗詏嶴敖燠坳柪镺隩謷鏊驁㑃抝嫯㜜慠謸圫奥噢岰澆薁
ㄡ	歐甌毆嘔謳鷗ㄡ慪區熰蓲櫙漚敺藲鏂区欧瓯塸膒瞘䥲吽摳樞紆醧
ㄡˇ	偶藕嘔耦吘湡腢蕅隅歐藒饇㒖髃㸸澫甌遇
ㄡˊ	吽齵
ㄡˋ	嘔漚噢慪醧握渥熰
ㄡ˙	嘔
ㄢ	安鞍鮟庵諳氨銨胺ㄢ鵪媕侒盦峖痷腤萻垵陰菴厂闇鴳阴侌隂葊誝蓭鞌嬜盫鶕厈阥啽桉盒裺鉗韽馣黯
ㄢˇ	俺唵晻堷匼噾馣黤黭埯揞隌罯侒垵碪銨闇
ㄢˊ	雸玵啽儑犴
ㄢˋ	暗案岸按黯菴闇犴豻匼桉洝荌錌匎婩儑矸晻湆噾韽垾隌遃貋䮗鮟干胺頇頞
ㄣ	恩嗯ㄣ蒽奀
ㄣˇ	峎嗯
ㄣˊ	哽唔嗯
ㄣˋ	摁哏嗯饐
ㄤ	骯腌ㄤ肮醃
ㄤˇ	軮雵䇦
ㄤˊ	昂卬䒢昻岇仰
ㄤˋ	盎醠枊㼜
ㄥ	鞥ㄥ
ㄦ	ㄦ兒児
ㄦˇ	爾耳洱餌邇珥駬薾鉺峏尒栮茸尔迩儞尓嬭毦
ㄦˊ	兒而洏耏胹輀侕栭陑鮞檽聏荋唲鴯峏恧婼臑鬩児㖇袻腝䦧髵隭轜儿咡濡陾
ㄦˋ	二貳佴刵咡樲聏毦眲衈鉺弍㛅貮誀髶
ㄦ˙	儿
ㄧ	一壹衣依醫伊揖噫漪猗咿ㄧ禕繄黟曀銥泆鷖欹郼圪溰稦燚洢陭蛜嫛瑿檹毉黳嶬她椅翳弌医壱㛄㳖悘嬄夁䫑譩鎄倚億崎意懿戲犄褘詑黝
ㄧˇ	以已乙倚椅矣蟻尾艤迤苡偯扆旖螘扡酏鳦釔齮顗檥鉯迆胣礒掜陭崺晲轙蛾佁衪娭猗銥踦嶬燨肔庡苢迱笖旑鈘裿輢嬟䧧䭲攺逘鎄依奇巳掎敼歖汽硪綺臆譺醫醷錡钀雉靉
ㄧˊ	遺疑移宜怡姨儀夷一誼胰貽飴咦詒沂頤彞迤椸痍蛇圯嶷笫桋匜宧洟簃訑貤迻杝柂袲酏峓眱羠鈶寲侇珆衪銕呲恞萓沶栘瓵袘羡蛦暆跠歋熪箷螔顊謻觺鸃彝台圻迆益熙懿圮狋祂拸眙荑詑溰磑擨鏔弌冝狏虵迱扅眤焈竩熈㦉彛乁宐沵巸弬㺿頉頥鮧鴺㦤㰘讉也佗儗听坨姬媐它嶬异怠戺搋焉礙維義耛誃譺鉈阤
ㄧˋ	意義易議亦益異藝億憶譯液役翼疫毅逸邑抑肄一誼繹溢縊軼詣屹佚翌羿驛掖懿裔臆曳奕蜴腋衣刈翳挹鎰囈弈佾乂弋艾懌劓圛斁薏悒瘞仡勩埸嶧帟曀杙枻殪浥熠艗襼饐黓亄唈燡藙豷寱阣熤劮檍嗌廙鐿醳醷翊肊异枍伿浂澺芅熼玴抴蘙俋焲燱晹垼釴捙欭埶羛隿殔跇裛嫕緆膉靾槷潩蓺墿瘱謚繶瀷帠槸霬鷾齸泄疙施洩食射睪噫圪泆昳栺詍詄鳦馹蓻誽燚鴩燨贀鶂鷁鷊鸅义阝弌㐹伇曵呭怈㳑炈秇洂栧浳袣訲豛幆敡棭湙萟蛡鈠竩䇼榏㦉撎嬟嬑㵩瞖穓曎歝褹貖鯣鶃虉讛㧒悥殹䓃豙㴒痬骮螠㘈癔䱛㦤䭞鷧㑊乙儗印厭喦噎夕失忔掜搤擇樴欥洫渫澤焱移紲絏繄耴衵袂袘襗誒譺貤賹踦輗迭釋陭霅鮨鷖
ㄧㄚ	呀壓鴉鴨押丫椏孲啞雅劜压庘俹瘂鵶圧曱唖亞厭埡婭枒烏錏閘鵪
ㄧㄚˇ	亞啞雅掗厊庌蕥雃疋鴉埡錏亜瘂鵶鐚唖婭
ㄧㄚˊ	牙芽涯衙蚜押枒犽齖伢堐崖睚岈颬厓崕猚谺漄豄笌㾏吾庌玡琊邪雅
ㄧㄚˋ	亞訝迓砑氬婭揠錏聐軋圠襾玡猰窫齾御穵岈掗椏圔亜俹谺稏鐚豄鼼䰲呾埡堊壓姶札枒椻歇浥潝牙犽碣磍輅輵齖
ㄧㄚ˙	呀
ㄧㄛ	唷喲育
ㄧㄛ˙	嚛喲
ㄧㄝ	耶噎蠮掖暍枒椰洇窫饐
ㄧㄝˇ	也野冶埜漜壄墅蠱
ㄧㄝˊ	爺耶椰琊揶擨邪斜峫捓衺㖿釾瑘鋣鎁涂荼餘
ㄧㄝˋ	業葉頁夜咽謁拽靨鄴燁瞱擫射曄饁煠鍱鐷澲鎑偞殗嶪擛曳掖液喝腋暍噎抴焲絏楪痷裛蝢顉韘蠂黦譺曵亱枼洂啘殜僷墷嶫曅餣曗皣㒯擪瞸鵺爗驜鸈枽㖡弽牃㗼嚈礏堨捙揲擖歋殕焆熀瓛聶
ㄧㄝ˙	吔
ㄧㄠ	要腰夭妖邀么吆喲喓祅葽訞凹宎殀芺徼幺枖梎楆鴁咬撽玅由約
ㄧㄠˇ	咬窈舀夭殀杳窅窔鷕宎抭苭眑偠溔榚騕岆嫍蓔嬈柼穾仸婹崾闄齩䶧嚙葽要鴢
ㄧㄠˊ	搖謠堯遙姚洮瑤僥淆餚颻傜繇嶢徭殽猺軺爻垚崤銚珧柼猇鰩肴媱烑窯嗂愮榣顤陶驍郩揄筊隃嘵墝憢膮穘倄窑䚻摇暚瑶餆嶤窰㠙鎐䬙蘨鑃揺㑾䔄訤佻匋恌摿淫猶蕘踰鷂
ㄧㄠˋ	要藥耀曜鑰樂鷂燿袎靿艞覞穾筄葯獟趭虐腰瘧躍瀹爚抝敫楽熎薬矅纅爠讑鼼姚幼怮愮窈窔窯箹約詏趯銚颻驁
ㄧㄡ	優憂幽悠呦攸耰麀櫌鄾懮怮嚘瀀纋蚴黝优泑筱忧䥳妋泅獶逌
ㄧㄡˇ	有友酉莠牖黝羑泑銪岰庮蒏苃聈槱卣唒栯眑莤蚴懮㶭梄湵禉牗丣羐蜏坳戭楢脩
ㄧㄡˊ	由游遊尤油郵猶猷鈾輶疣蚰蕕斿蝣訧逌楢魷优沋浟偤秞莤酋鯈冘囮怞苬紌崷揄煪遒緧繇蠤㕱犹肬怣峳逎逰滺駀鮋鰌櫾邮䣭輏醔鞧㘥邎尢庮揂朓柚聱蚘蝤
ㄧㄡˋ	又右幼誘佑柚釉祐有莠宥侑囿鼬卣姷狖峟貁鴢扰牰迶岫鈾柪珛聈袎靿褎叹唀櫾亴酭油疣痏蚴
ㄧㄡ˙	蒏
ㄧㄢ	煙焉淹殷醃咽胭奄湮菸嫣燕蔫閹厭崦臙鄢漹猒珚偣嬮酀腌垔凐殗傿歅嘕禋嬐諲閼懨黫烟陻硽嶖㷼篶㤿㥼䅧懕弇橪洇淊郾黰
ㄧㄢˇ	眼演掩衍郾偃兗齞甗儼魘剡弇罨沇巘扊揜渰蝘黶姶戭棪鰋鼴琰匽厴椼抁龑酓嵃愝萒隒裺褗鶠黤曮惔躽馣奄堰愆縯崦郯媕晻羡馻蔩噞餰顩齴广兖埯隌隁硽遃墕嬊嶖諐鮎檿鼹夵乵渷巚厭喭嚴嬐孍嶮庵掞沿淊淹瓛礹菴覃酀錟閻阭靨黭齗
ㄧㄢˊ	研言顏嚴延沿炎癌鹽岩筵簷閻妍蜒檐埏喦揅碞綖郔巖孍楌礹閰娮鈆狿虤顃壛麙壧莚嵒焰鉛釅厂岍汧宕阽狺唌砦豜趼閆欻琰鈃裧誾鳽燅燚錟鋋盬玁炏姸娫琂硏嵓塩詽豣膁銒蔅歘厳顔巌櫩巗麣厃开厈昖訮巡挻氤狠羡羬芫薟衍贗險
ㄧㄢˋ	驗燕厭晏雁宴淹豔燄彥堰硯咽嚥唁饜研讌諺沿讞焱釅贗喭灩爓閆鷃嬿鴳醼焰牪姲鷰椻曣婩傿鴈噞騴觾艷驠莚敥俺涎郾筵靨魘鹽掞淊嵃烻猒羡楌赩靘嬮擫酀齴妟彦偐硏隁塩鳫墕暥嬊㵪㷼曕擪騐艶贋㬫灔灧豓覎㷳䢭懕囐但匽掩棪殗洝淡淫溎演炎蔫蜒裺言趼躽這酓閻顑鬳鳱
ㄧㄣ	因音陰姻殷茵慇氤瘖喑堙湮愔禋絪裀闉駰銦蒑諲垔韾洇凐歅噾霠黫摿欭珚偣湆霒阴侌栶婣䄄秵筃陻隂溵潱緸鞇囙阥㧢磤壹窨蔭闇
ㄧㄣˇ	引飲隱尹癮蚓听靷紖縯讔趛螾馻鈏檃濦蘟粌殷戭廴吲弞赺淾隠嶾濥檼櫽䘆乚磤㶏吟喑朄湛潭硍輑酓釿闇齗
ㄧㄣˊ	銀吟寅淫鄞齦霪垠夤狺嚚崟誾蟫婬冘苂釿圁烎凐荶殥蔩檭鷣鏔言粌齗犾垦泿㖗珢崯訡滛碒噖璌峾訔鈝伒圻憖欽沂湛潯硍芩螾訢
ㄧㄣˋ	印飲隱蔭胤廕窨憖湚垽猌朄酳音陰暈阴侌洕淾隂隠憗懚鮣乚币阥茚㥼慭䕃癊傿喑堷梀瘖
ㄧㄣ˙	粌
ㄧㄤ	央秧殃鴦鞅泱坱胦柍佒姎紻鉠雵抰咉眏䄃楧鍈䱀怏歍英霙
ㄧㄤˇ	養仰氧癢鞅卬攁岟炴抰痒懩蝆坱蛘瀁慃氱駚傟詇䬬勜佒映柍洋潒紻軮
ㄧㄤˊ	楊陽揚洋羊佯烊瘍鍚徉颺暘煬垟昜禓蛘瑒珜鐊崵鸉眻婸吀阦阳氜羏哶样敭輰霷𦍌𦍋𢒑鰑劷𦭵𤋁將崸愓湯痒詳
ㄧㄤˋ	樣養恙漾怏煬瀁羕様諹詇昂柍烊鞅
ㄧㄤ˙	樣
ㄧㄥ	應英鷹嬰鶯櫻膺瑛鸚嚶罌纓攖瓔嫈甖罃煐韺甇霙碤礯朠蝧渶褮偀霒蘡譻蠳鶧薨贗賏瀴応偐啨媖䊔噟贋鶑孆孾譍鑍鸎䣐鷪䇦吋呎哩啢央旲柍滎莖謍鎣韹
ㄧㄥˇ	影景穎潁癭郢瀴矨梬浧熲顈廮頴巊鐛哽摬泂瑩
ㄧㄥˊ	營迎蠅螢贏盈瑩縈瀛滎嬴塋熒楹瀅瀠籯瀯謍攍巆廮藀犖嫈禜罃褮濴覮醟鎣㕲盁僌萾蝇䋼濙濚㶈櫿籝耺㜲営俓夃桯泂浧瀴逞
ㄧㄥˋ	應硬映媵瀅鎣摬賏迎瀴応暎膡噟譍鞕哽嬰浧甸繩褮鱦
ㄨ	屋烏污汙圬誣嗚巫鎢鄔洿歍ㄨ惡於杇陓剭窏腛鴮螐喔匢釫覡汚扵悪媉誈隖僫弙匫箼鼿䵦䖚鰞䶍兀扜杅渥盓趶
ㄨˇ	五午武舞侮伍鵡憮嫵潕廡仵忤嘸碔甒摀啎捂嵨玝倵橆躌撫汻迕埡牾幠膴旿娬捬珷遌瑦儛抚㵲㐅俉務堥塢母瞴蕪逜
ㄨˊ	無吳吾梧巫蕪唔蜈誣毋亡膴鼯郚鋘鋙峿浯珸俉鯃莁鷡洖瞴圄齬曶亾兦无吴呉芜娪茣銐墲鵐璑禑蟱侉務幠廡憮捂橆母牾瞀蝥譕
ㄨˋ	勿物務惡誤悟晤霧戊鎢塢兀兀騖寤軏杌婺鶩沕迕遻鋈屼扤煟卼焐靰阢粅矹芴埡逜痦齀蘁岉噁蓩毋汙污沃捂梧匢昒曶矻俉眓啎寣殟鋘汚敄悮悞悪嵍奦榅溩遌隖僫榲熃銐霚忢匫窹䜑仡唔嗚嵨忤旄柮烏笏蝥雺霿
ㄨㄚ	哇蛙挖窪呱媧洼穵溛窊窐漥凹汙畦汚哌畖嗗搲䵷鼃攨徍劸唲娃鞋鮭黳
ㄨㄚˇ	瓦佤瓨瓻齀咓邷攨瓩
ㄨㄚˊ	娃挖哇姽
ㄨㄚˋ	襪嗢膃凹瓦殟聉袜腽韈韤譁靺
ㄨㄚ˙	哇
ㄨㄛ	窩倭渦萵猧踒媧蝸齷覣唩涹咼喔堝捼撾濄薶
ㄨㄛˇ	我婐捰婑倭咼
ㄨㄛˋ	握臥沃渥斡齷幄涴偓濣焥喔腛鋈雘矱蠖肟枂卧捾楃嬒仴嗌噁嚄夭擭杌瓁瘟瞃硪臒踠馧
ㄨㄞ	歪竵咼喎夭瀤
ㄨㄞˇ	舀歪崴
ㄨㄞˋ	外
ㄨㄟ	威崴偎煨葳隈萎委逶烓椳渨碨愄揋葨隇溾詴蝛覣燰危倭微薇喡溦蜲踒喴媙鰄㙎嵔楲鰃巍猗畏癐魏
ㄨㄟˇ	委尾偉緯萎諉葦痿猥煒亹隗娓韙寪洧瑋薳蘤韡鮪磈蒍頠暐痏骫椲浘艉芛鍡峗壝喡徫腲蜲儰蓶崣硊踓斖韋偽唯逶違諱婑郼緌覣梶荱愇骩僞㬙蔿膸颹厃骪韑峞崴嵬巋廆惟捼撱有沇濻瀢瓗畏睢碨芟荽蜼趡
ㄨㄟˊ	為圍微危唯維惟違韋薇巍桅闈濰帷嵬幃囗湋溦鄬鍏鮠潿洈覹醀霺瀢濻癓欈圩葦魏佹垝姽峗峞祪噅媯撝溈蛫觤磑蓶蟡犩媁爲琟嬀潙矀䉠陒㵟于偽喡堤寪觿阢隹
ㄨㄟˋ	為位未魏衛味偽謂胃喂慰餵尉渭畏蔚蘶蝟犩遺霨磑罻褽薉媦蜼藯鏏菋犚餧贀讆躗穌鮇徻偎穢噅媯撝溈煟蔧蟡濊薈鍡瓗㷉爲猬僞嬀潙熭緭嬒懀衞錗螱轊㼇䲁軎苿叞喡噲委机熨猥眭瞶碨立萎饖
ㄨㄢ	灣彎豌剜莞蜿刓潫眢婠弯帵湾萖夗捥睕貫鋺關
ㄨㄢˇ	晚碗挽宛婉娩皖輓莞浣蜿畹菀琬鞔綰晼綩倇脕睕鋄睌葂剜梡腕豌妴捖婠捥晥涴脘羦踠鋎鋺鵷唍㝃盌埦梚晩椀萖鋔䥑鯶鰀箢䘼䛷鎫錽鮸免夗惋惌朊關
ㄨㄢˊ	完玩頑丸汍紈芄烷婠岏抏梡刓妧肒垸捖睆筦羦鋎貦鯶鰀忨翫蚖骫
ㄨㄢˋ	萬玩腕惋卍翫忨仴綄万蟃捥踠曼蔓躉杬獌輐薍卐貦䕕贃贎妧掔槾澫睕瞣絻脕莧鄤鋄
ㄨㄣ	溫瘟轀塭馧瞃豱殟媼嗢膃褞昷媪温腽瑥輼鰛鰮韞
ㄨㄣˇ	穩吻刎呡桽昒曶勽伆肳脗䦟穏呅忞抆昧歾眼笏紊限
ㄨㄣˊ	文聞紋蚊玟雯閿炆芠琝閺闅鼤駇魰鳼抆畋妏顐彣珉砇蚉渂珳琘瑉碈馼鴍螡鴖蟁瘒汶
ㄨㄣˋ	問聞紊文汶抆免搵璺妏醞蘊脕絻鼤顐彣渂揾醖藴娩紋
ㄨㄤ	汪尪尢尫尣尩匡瀇
ㄨㄤˇ	往網枉罔惘魍輞瀇网暀菵臦俇仼徃棢誷冈罒䒽蛧迬方汪皇
ㄨㄤˊ	王亡忘莣亾兦蚟彺妄罔芒
ㄨㄤˋ	忘妄望旺王朢迋莣䤑往暀盳
ㄨㄥ	翁嗡螉鶲霐蓊鎓䩺䱵滃
ㄨㄥˇ	蓊滃暡浻瞈聬塕奣䐥嵡嗡翁
ㄨㄥˋ	甕瓮齆罋壅蕹
ㄩ	淤迂瘀紆ㄩ毹箊扜穻盓汙污胠陓唹汚虶迃于吁於渝菸
ㄩˇ	與語雨予羽嶼宇禹庾齬噢圄圉窳傴俁敔噳楀瑀与萭貐偊祤斞鄅寙篽蘌斔螤齲珝欳堣翗瘐趐嫮蝺頨踽翵璵藇麌鱮俣㝢萮魣懙伛匬㦛嫗峿愉栩梧穻臾芋鋙
ㄩˊ	於愉魚娛餘于漁予愚余竽榆逾虞俞輿瑜渝隅臾腴盂諛踰伃舁圩歟覦畬萸嵎窬妤揄歈禺轝隃雩杅楰玗緰羭蝓褕瘐艅狳邘璵硢籅釪崳湡鄃腧睮雓澞蕍螸謣鮽蘛鸆衧唹堣堬雽歶旟鰅齵吁汙污吾邪訏喻菸衙與譽亍与佘芧悇趶悆喁棜毹蜍虡顒亏汚兪娱娯桙衺酑喩媀嵛惥畭祦楡毺萮慂嬩懙鍝簴騟䱷㚥欤茰畲骬䰻㦛鷠吳媮庾氀牏窳芋藇貗郚鋙鱮
ㄩˋ	育遇預玉欲域喻愈譽獄慾浴裕煜寓禦與鈺豫御鬱籲諭癒郁馭昱毓芋尉熨俞峪聿嫗彧飫鬻谷鷸燠蜮堉語瘉棫澦矞禺罭蕷遹閾隩鵒棜淢燏獝繘魊薁驈悆鴥鋊淯黦栯砡礜欥軉輍悇稢蒮噊鳿醧饇爩灪戫袬緎蓹錥王卸拗玨盂雨苑娛雩愉粥奧逾蔚澳与汩掝焀郩菀綌嫮鄠踰閼儥礐鬵蘛鱊鸒抝芌兪哊珏秗俼娱娯茟惐棛淿喅喩媀㷉庽焴琙㽣䋭萮瑴銉鴪鴧礇霱鐭籞欝龥鬰缷㧒逳喐奥蜟稶穥櫲㣃余僪吁唷噢宛崛惌懊或捥敔潏煨痏瘐篽舒菸藇蟈衙貍輿轝鐍
ㄩㄝ	約曰噦箹焥妁扚矱
ㄩㄝˇ	噦
ㄩㄝˋ	月越樂悅閱粵躍岳嶽耀鑰曜藥鉞說囝刖瀹籥樾爚礿禴趯軏鸑龠狘玥戉泧鈅抈蚎蘥鸙兌眓葯魆燿龤兊兑岄悦蚏捳跀粤楽説熭閲嬳薬㜰爠恱哾籰篗籆跃擽櫟汋焆爍臒蠖躒鑠髺黦
ㄩㄢ	冤淵鴛鳶宛眢蜎鵷肙鋺惌棩蒬裷鼘葾蜵裫駌嬽灁怨妴奫潫囦剈寃渆渊渁鼝㾓䡝咽夗嫚悁涴焆穿苑蝝
ㄩㄢˇ	遠妴鋺薳盶齳齫畹輐願
ㄩㄢˊ	原元員園圓緣源援媛袁猿垣沅轅爰圜黿嫄櫞芫湲騵笎羱蝯邧蝝妧萲螈蚖杬榞溒媴猭獂榬蒝鎱邍鶢京洹苑晅喙隕姮峘狟掾椽瑗貆禒禐瞏縓謜豲円园亰貟圎猨塬睘磒縁䲮薗鶰厡㟲暅魭允捐楥褑阮
ㄩㄢˋ	院願怨苑遠媛瑗愿掾褑夗謜禐噮原緣妴菀夘衏縁褤厡傆垸杬涓肙裫
ㄩㄣ	暈氳縕贇奫蝹涒氲蒀蒕緼瘟蜵頵馧
ㄩㄣˇ	允隕殞狁霣褞抎賱輑鈗阭吮抁沇荺塤熉馻薀夽玧㽙喗䤞腪磒蕰䨶运傊渷宛溳盾齫
ㄩㄣˊ	雲云勻昀耘芸紜熅筠溳澐畇篔沄熉鋆蕓妘伝縜荺鄖枃眃員呁盷笉匀囩秐貟愪煴蒷橒耺尹筍
ㄩㄣˋ	運韻孕熨蘊慍醞惲暈韞鄆薀枟緷鶤員均熅縕賱璭餫韗貟愠煴腪韵緼蕰醖藴鵾运䲰鞰尉怨煇芸苑菀
ㄩㄥ	傭庸雍擁壅癰臃墉鏞慵饔邕廱雝嗈灉鄘噰澭蕹滽郺㴩牅㿈癕佣嫞槦鷛
ㄩㄥˇ	永泳詠勇擁踴湧蛹甬壅恿臃俑踊埇塎禜涌悀銢臾咏惥愑彮慂鯒勈柡硧愹傛噰容嵱澭筩邕
ㄩㄥˊ	傭喁顒傛槦嫆嵱嫞庸慵鄘墉滽鏞鷛搈鱅㣑牅揘遇鰫
ㄩㄥˋ	用佣醟傭禜苚
